product,mandatory_standard,qco_name,ministry,effective_date,mandatory,remarks,aliases
Ordinary Portland Cement,IS 269:2015,Ordinary Portland Cement (Quality Control) Order,Ministry of Housing and Urban Affairs,2023-01-01,True,"Compulsory BIS certification mark (ISI Mark) mandated under Section 16 of the BIS Act, 2016 for IS 269:2015.","['OPC cement', 'ordinary portland cement', 'portland cement', '53 grade cement', '43 grade cement', 'cement specification', 'construction cement', 'binding material', 'compressive strength cement', 'setting time cement', 'clinker cement', 'concrete cement']"
High Strength Deformed Steel Bars and Wires for Concrete Reinforcement,IS 1786:2008,High Strength Deformed Steel Bars and Wires for Concrete Reinforcement (Quality Control) Order,Ministry of Housing and Urban Affairs,2023-06-01,True,"Compulsory BIS certification mark (ISI Mark) mandated under Section 16 of the BIS Act, 2016 for IS 1786:2008.","['deformed', 'specification', 'quality', 'bis', 'india', 'testing', 'high', 'bars', 'certification', 'requirements']"
Hot Rolled Medium and High Tensile Structural Steel,IS 2062:2011,Hot Rolled Medium and High Tensile Structural Steel (Quality Control) Order,Ministry of Housing and Urban Affairs,2023-01-01,True,"Compulsory BIS certification mark (ISI Mark) mandated under Section 16 of the BIS Act, 2016 for IS 2062:2011.","['structural steel', 'hot rolled steel', 'mild steel structural', 'steel section', 'steel plate', 'steel angle', 'steel beam', 'steel column', 'TMT structural', 'E250 steel', 'E350 steel', 'construction steel']"
Self-Ballasted LED Lamps for General Lighting Services,IS 16102(Part 1):2012,Self-Ballasted LED Lamps for General Lighting Services (Quality Control) Order,Ministry of Power / Ministry of Heavy Industries,2021-12-01,True,"Compulsory BIS certification mark (ISI Mark) mandated under Section 16 of the BIS Act, 2016 for IS 16102(Part 1):2012.","['LED', 'bulb', 'lamp', 'self-ballasted', 'household', 'lighting', 'energy efficient', 'lumen', 'CFL replacement', 'indoor lighting', 'E27', 'B22']"
Luminaires,IS 10322(Part 5/Sec 4):2018,Luminaires (Quality Control) Order,Ministry of Power / Ministry of Heavy Industries,2022-01-01,True,"Compulsory BIS certification mark (ISI Mark) mandated under Section 16 of the BIS Act, 2016 for IS 10322(Part 5/Sec 4):2018.","['LED', 'street light', 'road lighting', 'luminaire', 'outdoor', 'IP65', 'wattage', 'photometric', 'street lamp', 'road light', 'pole mounted', 'highway lighting']"
Luminaires,IS 10322(Part 1):2012,Luminaires (Quality Control) Order,Ministry of Power / Ministry of Heavy Industries,2022-01-01,True,"Compulsory BIS certification mark (ISI Mark) mandated under Section 16 of the BIS Act, 2016 for IS 10322(Part 1):2012.","['luminaires', 'general', 'requirements', 'and', 'tests', 'lighting']"
Safety of Household and Similar Electrical Appliances,IS 302(Part 1):2008,Safety of Household and Similar Electrical Appliances (Quality Control) Order,Ministry of Heavy Industries,2026-03-01,True,"Compulsory BIS certification mark (ISI Mark) mandated under Section 16 of the BIS Act, 2016 for IS 302(Part 1):2008.","['and', 'safety', 'quality', 'appliances', 'bis', 'specification', 'similar', 'electrical', 'india', 'testing']"
Switches for Domestic and Similar Purposes,IS 3854:1997,Switches for Domestic and Similar Purposes (Quality Control) Order,Ministry of Commerce and Industry - DPIIT,2025-06-01,True,"Compulsory BIS certification mark (ISI Mark) mandated under Section 16 of the BIS Act, 2016 for IS 3854:1997.","['switches', 'for', 'domestic', 'and', 'similar', 'purposes', 'specification', 'switching']"
Electrical Wiring Accessories,IS 3851:2000,Electrical Wiring Accessories (Quality Control) Order,Ministry of Power / Ministry of Heavy Industries,2025-06-01,True,"Compulsory BIS certification mark (ISI Mark) mandated under Section 16 of the BIS Act, 2016 for IS 3851:2000.","['electrical', 'wiring', 'accessories', 'specification']"
PVC Insulated Cables for Working Voltages up to and Including 1100V,IS 694:2010,PVC Insulated Cables for Working Voltages up to and Including 1100V (Quality Control) Order,Ministry of Power / Ministry of Heavy Industries,2025-09-20,True,"Compulsory BIS certification mark (ISI Mark) mandated under Section 16 of the BIS Act, 2016 for IS 694:2010.","['PVC cable', 'PVC insulated cable', '1100V cable', 'electrical cable', 'wiring cable', 'LT cable', 'power cable', 'house wiring', 'low voltage cable', 'flexible cable', 'copper conductor cable']"
Self-Ballasted Lamps for General Lighting Services,IS 13021:1991,Self-Ballasted Lamps for General Lighting Services (Quality Control) Order,Ministry of Power / Ministry of Heavy Industries,2021-12-01,True,"Compulsory BIS certification mark (ISI Mark) mandated under Section 16 of the BIS Act, 2016 for IS 13021:1991.","['safety', 'quality', 'bis', 'specification', 'lamps', 'self-ballasted', 'india', 'testing', 'certification', 'requirements']"
Lamp Controlgear,IS 15885(Part 2/Sec 13):2017,Lamp Controlgear (Quality Control) Order,Ministry of Power / Ministry of Heavy Industries,2021-12-01,True,"Compulsory BIS certification mark (ISI Mark) mandated under Section 16 of the BIS Act, 2016 for IS 15885(Part 2/Sec 13):2017.","['lamp', 'controlgear', 'particular', 'requirements', 'supplied', 'electronic', 'for', 'led']"
Plugs and Socket-Outlets of Rated Voltage up to and Including 250V,IS 1293:2019,Plugs and Socket-Outlets of Rated Voltage up to and Including 250V (Quality Control) Order,Ministry of Commerce and Industry - DPIIT,2024-01-01,True,"Compulsory BIS certification mark (ISI Mark) mandated under Section 16 of the BIS Act, 2016 for IS 1293:2019.","['plugs', 'and', 'socket', 'outlets', 'rated', 'voltage', 'including', '250v']"
Pressure Cookers for Domestic Use,IS 2347:2018,Pressure Cookers for Domestic Use (Quality Control) Order,Ministry of Heavy Industries,2023-01-01,True,"Compulsory BIS certification mark (ISI Mark) mandated under Section 16 of the BIS Act, 2016 for IS 2347:2018.","['pressure', 'cookers', 'for', 'domestic', 'use', 'specification', 'cookware']"
Safety of Household and Similar Electrical Appliances,IS 302(Part 2/Sec 15):2017,Safety of Household and Similar Electrical Appliances (Quality Control) Order,Ministry of Heavy Industries,2026-03-01,True,"Compulsory BIS certification mark (ISI Mark) mandated under Section 16 of the BIS Act, 2016 for IS 302(Part 2/Sec 15):2017.","['safety', 'household', 'and', 'similar', 'electrical', 'appliances', 'particular', 'requirements']"
Electric Immersion Water Heaters,IS 1476:2020,Electric Immersion Water Heaters (Quality Control) Order,Ministry of Heavy Industries,2025-06-01,True,"Compulsory BIS certification mark (ISI Mark) mandated under Section 16 of the BIS Act, 2016 for IS 1476:2020.","['electric', 'immersion', 'water', 'heaters', 'specification']"
"Domestic Electric Food Mixers (Liquidizers, Grinders, Choppers)",IS 15123:2002,"Domestic Electric Food Mixers (Liquidizers, Grinders, Choppers) (Quality Control) Order",Ministry of Heavy Industries,2026-03-01,True,"Compulsory BIS certification mark (ISI Mark) mandated under Section 16 of the BIS Act, 2016 for IS 15123:2002.","['domestic', 'electric', 'food', 'mixers', 'liquidizers', 'grinders', 'choppers', 'specification']"
Sodium Tripolyphosphate (STPP),IS 12795:2005,Sodium Tripolyphosphate (STPP) (Quality Control) Order,Ministry of Chemicals and Petrofertilizers,2026-03-01,True,"Compulsory BIS certification mark (ISI Mark) mandated under Section 16 of the BIS Act, 2016 for IS 12795:2005.","['sodium', 'tripolyphosphate', 'stpp', 'specification', 'industrial', 'chemicals']"
Linear Alkyl Benzene Sulphonic Acid (LABSA),IS 6100:2019,Linear Alkyl Benzene Sulphonic Acid (LABSA) (Quality Control) Order,Ministry of Chemicals and Petrofertilizers,2026-03-01,True,"Compulsory BIS certification mark (ISI Mark) mandated under Section 16 of the BIS Act, 2016 for IS 6100:2019.","['linear', 'alkyl', 'benzene', 'sulphonic', 'acid', 'labsa', 'specification', 'industrial']"
Automotive Vehicles,IS 2112:2000,Automotive Vehicles (Quality Control) Order,Ministry of Road Transport and Highways (MoRTH),2022-06-01,True,"Compulsory BIS certification mark (ISI Mark) mandated under Section 16 of the BIS Act, 2016 for IS 2112:2000.","['specification', 'quality', 'bis', 'automotive', 'seat', 'india', 'testing', 'certification', 'belts', 'requirements']"
Automotive Vehicles,IS 14090:2010,Automotive Vehicles (Quality Control) Order,Ministry of Road Transport and Highways (MoRTH),2022-06-01,True,"Compulsory BIS certification mark (ISI Mark) mandated under Section 16 of the BIS Act, 2016 for IS 14090:2010.","['automotive', 'vehicles', 'anchorages', 'for', 'seat', 'belt', 'assemblies', 'specification']"
Safety of Toys,IS 9873(Part 1):2019,Safety of Toys (Quality Control) Order,Ministry of Heavy Industries,2021-01-01,True,"Compulsory BIS certification mark (ISI Mark) mandated under Section 16 of the BIS Act, 2016 for IS 9873(Part 1):2019.","['safety', 'toys', 'part', 'aspects', 'related', 'mechanical', 'and', 'physical']"
Safety of Toys,IS 9873(Part 2):2017,Safety of Toys (Quality Control) Order,Ministry of Heavy Industries,2021-01-01,True,"Compulsory BIS certification mark (ISI Mark) mandated under Section 16 of the BIS Act, 2016 for IS 9873(Part 2):2017.","['safety', 'toys', 'part', 'flammability']"
Metal Food Cans for Beverages,IS 14000:2015,Metal Food Cans for Beverages (Quality Control) Order,"Ministry of Consumer Affairs, Food and Public Distribution",2026-10-01,True,"Compulsory BIS certification mark (ISI Mark) mandated under Section 16 of the BIS Act, 2016 for IS 14000:2015.","['metal', 'food', 'cans', 'for', 'beverages', 'specification', 'packaging']"
Office Furniture,IS 17631:2021,Office Furniture (Quality Control) Order,Ministry of Heavy Industries,2026-02-01,True,"Compulsory BIS certification mark (ISI Mark) mandated under Section 16 of the BIS Act, 2016 for IS 17631:2021.","['office', 'furniture', 'work', 'chairs', 'specification']"
Fire Safety Sprinklers — Specification,IS 15105:2002,Fire Safety Sprinklers — Specification (Quality Control) Order,Ministry of Home Affairs / DPIIT,2026-10-01,True,"Compulsory BIS certification mark (ISI Mark) mandated under Section 16 of the BIS Act, 2016 for IS 15105:2002.","['fire', 'safety', 'quality', 'bis', 'specification', 'sprinklers', 'india', 'testing', 'certification', 'requirements']"
Lighting of Public Thoroughfares — Specification,IS 1944 (Part 1):1990,Lighting of Public Thoroughfares — Specification (Quality Control) Order,Ministry of Power / Ministry of Heavy Industries,2026-10-01,True,"Compulsory BIS certification mark (ISI Mark) mandated under Section 16 of the BIS Act, 2016 for IS 1944 (Part 1):1990.","['specification', 'quality', 'bis', 'thoroughfares', 'india', 'testing', 'public', 'certification', 'requirements', 'compliance']"
Portland Pozzolana Cement — Specification,IS 1489 (Part 1):2015,Portland Pozzolana Cement — Specification (Quality Control) Order,Ministry of Housing and Urban Affairs,2026-08-15,True,"Compulsory BIS certification mark (ISI Mark) mandated under Section 16 of the BIS Act, 2016 for IS 1489 (Part 1):2015.","['cement', 'specification', 'quality', 'bis', 'india', 'portland', 'pozzolana', 'testing', 'certification', 'requirements']"
PVC insulated (heavy duty) electric cables — Specification,IS 1554 (Part 1):1988,PVC insulated (heavy duty) electric cables — Specification (Quality Control) Order,Ministry of Power / Ministry of Heavy Industries,2026-08-15,True,"Compulsory BIS certification mark (ISI Mark) mandated under Section 16 of the BIS Act, 2016 for IS 1554 (Part 1):1988.","['cables', 'specification', 'quality', 'bis', 'insulated', '(heavy', 'india', 'electric', 'testing', 'pvc']"
Code of practice for electrical wiring installations — Specification,IS 732:1989,Code of practice for electrical wiring installations — Specification (Quality Control) Order,Ministry of Power / Ministry of Heavy Industries,2026-10-01,True,"Compulsory BIS certification mark (ISI Mark) mandated under Section 16 of the BIS Act, 2016 for IS 732:1989.","['wiring', 'specification', 'quality', 'bis', 'electrical', 'installations', 'for', 'india', 'code', 'certification']"
Code of practice for earthing — Specification,IS 3043:1987,Code of practice for earthing — Specification (Quality Control) Order,Ministry of Power / Ministry of Heavy Industries,2026-08-15,True,"Compulsory BIS certification mark (ISI Mark) mandated under Section 16 of the BIS Act, 2016 for IS 3043:1987.","['specification', 'quality', 'bis', 'india', 'for', 'testing', 'code', 'certification', 'requirements', 'earthing']"
Porcelain insulators for overhead power lines — Specification,IS 1445:1977,Porcelain insulators for overhead power lines — Specification (Quality Control) Order,Ministry of Power / Ministry of Heavy Industries,2026-08-15,True,"Compulsory BIS certification mark (ISI Mark) mandated under Section 16 of the BIS Act, 2016 for IS 1445:1977.","['overhead', 'standard', 'quality', 'bis', 'specification', 'lines', 'india', 'for', 'power', 'testing']"
Geotextiles — Specification,IS 15938:2011,Geotextiles — Specification (Quality Control) Order,Ministry of Textiles,2026-08-15,True,"Compulsory BIS certification mark (ISI Mark) mandated under Section 16 of the BIS Act, 2016 for IS 15938:2011.","['specification', 'quality', 'bis', 'india', 'testing', 'certification', 'geotextiles', 'requirements', 'compliance', 'standard']"
Cotton calico — Specification,IS 1544:1973,Cotton calico — Specification (Quality Control) Order,Ministry of Textiles,2026-08-15,True,"Compulsory BIS certification mark (ISI Mark) mandated under Section 16 of the BIS Act, 2016 for IS 1544:1973.","['specification', 'quality', 'bis', 'calico', 'india', 'testing', 'certification', 'cotton', 'requirements', 'compliance']"
Skimmed Milk Powder — Specification,IS 3959:2004,Skimmed Milk Powder — Specification (Quality Control) Order,"Ministry of Consumer Affairs, Food and Public Distribution",2026-10-01,True,"Compulsory BIS certification mark (ISI Mark) mandated under Section 16 of the BIS Act, 2016 for IS 3959:2004.","['specification', 'quality', 'bis', 'powder', 'milk', 'skimmed', 'india', 'testing', 'certification', 'requirements']"
Processed Cereal Based Complementary Foods — Specification,IS 11536:2007,Processed Cereal Based Complementary Foods — Specification (Quality Control) Order,"Ministry of Consumer Affairs, Food and Public Distribution",2026-10-01,True,"Compulsory BIS certification mark (ISI Mark) mandated under Section 16 of the BIS Act, 2016 for IS 11536:2007.","['specification', 'quality', 'bis', 'cereal', 'complementary', 'foods', 'processed', 'india', 'testing', 'based']"
Poultry Feeds — Specification,IS 1374:2007,Poultry Feeds — Specification (Quality Control) Order,"Ministry of Consumer Affairs, Food and Public Distribution",2026-08-15,True,"Compulsory BIS certification mark (ISI Mark) mandated under Section 16 of the BIS Act, 2016 for IS 1374:2007.","['specification', 'quality', 'bis', 'poultry', 'india', 'testing', 'certification', 'requirements', 'compliance', 'feeds']"
Printing Ink for food packaging — Specification,IS 15495:2004,Printing Ink for food packaging — Specification (Quality Control) Order,"Ministry of Consumer Affairs, Food and Public Distribution",2026-08-15,True,"Compulsory BIS certification mark (ISI Mark) mandated under Section 16 of the BIS Act, 2016 for IS 15495:2004.","['food', 'ink', 'specification', 'quality', 'bis', 'packaging', 'india', 'for', 'testing', 'certification']"
Alum — Specification,IS 299:2012,Alum — Specification (Quality Control) Order,Ministry of Chemicals and Petrofertilizers,2026-08-15,True,"Compulsory BIS certification mark (ISI Mark) mandated under Section 16 of the BIS Act, 2016 for IS 299:2012.","['specification', 'quality', 'bis', 'alum', 'india', 'testing', 'certification', 'requirements', 'compliance', 'standard']"
Rectified Spirit — Specification,IS 323:2009,Rectified Spirit — Specification (Quality Control) Order,Ministry of Chemicals and Petrofertilizers,2026-10-01,True,"Compulsory BIS certification mark (ISI Mark) mandated under Section 16 of the BIS Act, 2016 for IS 323:2009.","['specification', 'quality', 'bis', 'rectified', 'india', 'testing', 'certification', 'spirit', 'compliance', 'requirements']"
Caustic Soda — Specification,IS 252:2013,Caustic Soda — Specification (Quality Control) Order,Ministry of Chemicals and Petrofertilizers,2026-08-15,True,"Compulsory BIS certification mark (ISI Mark) mandated under Section 16 of the BIS Act, 2016 for IS 252:2013.","['specification', 'quality', 'bis', 'caustic', 'soda', 'india', 'testing', 'certification', 'requirements', 'compliance']"
Automotive vehicles,IS 15945:2012,Automotive vehicles (Quality Control) Order,Ministry of Road Transport and Highways (MoRTH),2026-10-01,True,"Compulsory BIS certification mark (ISI Mark) mandated under Section 16 of the BIS Act, 2016 for IS 15945:2012.","['safety', 'quality', 'bis', 'specification', 'automotive', 'india', 'testing', 'certification', 'requirements', 'compliance']"
Pneumatic tyres for commercial vehicles — Specification,IS 16010:2012,Pneumatic tyres for commercial vehicles — Specification (Quality Control) Order,Ministry of Road Transport and Highways (MoRTH),2026-08-15,True,"Compulsory BIS certification mark (ISI Mark) mandated under Section 16 of the BIS Act, 2016 for IS 16010:2012.","['pneumatic', 'quality', 'bis', 'specification', 'tyres', 'commercial', 'for', 'india', 'testing', 'certification']"
Two Wheeler and Motorcycle Protective Helmets,IS 16515:2017,Two Wheeler and Motorcycle Protective Helmets (Quality Control) Order,Ministry of Road Transport and Highways (MoRTH),2026-10-01,True,"Compulsory BIS certification mark (ISI Mark) mandated under Section 16 of the BIS Act, 2016 for IS 16515:2017.","['helmet', 'helmets', 'motorcycle helmet', 'two wheeler helmet', 'protective headgear', 'safety helmet']"
Safety glass for road vehicles — Specification,IS 2553 (Part 2):2019,Safety glass for road vehicles — Specification (Quality Control) Order,Ministry of Housing and Urban Affairs,2026-10-01,True,"Compulsory BIS certification mark (ISI Mark) mandated under Section 16 of the BIS Act, 2016 for IS 2553 (Part 2):2019.","['standard', 'safety', 'quality', 'bis', 'road', 'specification', 'india', 'for', 'testing', 'certification']"
Electric ceiling type fans — Specification,IS 374:2019,Electric ceiling type fans — Specification (Quality Control) Order,Ministry of Heavy Industries,2026-10-01,True,"Compulsory BIS certification mark (ISI Mark) mandated under Section 16 of the BIS Act, 2016 for IS 374:2019.","['standard', 'specification', 'quality', 'bis', 'india', 'electric', 'testing', 'certification', 'fans', 'requirements']"
Tape recorders — Specification,IS 4150:1993,Tape recorders — Specification (Quality Control) Order,Ministry of Heavy Industries,2026-08-15,True,"Compulsory BIS certification mark (ISI Mark) mandated under Section 16 of the BIS Act, 2016 for IS 4150:1993.","['tape', 'quality', 'bis', 'specification', 'india', 'recorders', 'testing', 'certification', 'requirements', 'compliance']"
Domestic electric food mixers — Specification,IS 4250:1980,Domestic electric food mixers — Specification (Quality Control) Order,Ministry of Heavy Industries,2026-08-15,True,"Compulsory BIS certification mark (ISI Mark) mandated under Section 16 of the BIS Act, 2016 for IS 4250:1980.","['food', 'specification', 'quality', 'mixers', 'domestic', 'bis', 'india', 'electric', 'testing', 'certification']"
Domestic pressure cookers — Specification,IS 2347:2017,Domestic pressure cookers — Specification (Quality Control) Order,Ministry of Heavy Industries,2026-10-01,True,"Compulsory BIS certification mark (ISI Mark) mandated under Section 16 of the BIS Act, 2016 for IS 2347:2017.","['specification', 'quality', 'bis', 'domestic', 'pressure', 'india', 'testing', 'certification', 'requirements', 'compliance']"
Corrugated fibreboard boxes — Specification,IS 2771 (Part 1):1990,Corrugated fibreboard boxes — Specification (Quality Control) Order,Ministry of Commerce and Industry - DPIIT,2026-08-15,True,"Compulsory BIS certification mark (ISI Mark) mandated under Section 16 of the BIS Act, 2016 for IS 2771 (Part 1):1990.","['specification', 'quality', 'bis', 'india', 'testing', 'corrugated', 'certification', 'boxes', 'requirements', 'fibreboard']"
Packaging code — Specification,IS 10106 (Part 1/Sec 1):1990,Packaging code — Specification (Quality Control) Order,Ministry of Commerce and Industry - DPIIT,2026-08-15,True,"Compulsory BIS certification mark (ISI Mark) mandated under Section 16 of the BIS Act, 2016 for IS 10106 (Part 1/Sec 1):1990.","['specification', 'quality', 'bis', 'packaging', 'india', 'testing', 'code', 'certification', 'requirements', 'compliance']"
"Ordinary Portland Cement, 43 Grade",IS 8112:2013,"Ordinary Portland Cement, 43 Grade (Quality Control) Order",Ministry of Housing and Urban Affairs,2023-01-01,True,"Compulsory BIS certification mark (ISI Mark) mandated under Section 16 of the BIS Act, 2016 for IS 8112:2013.","['cement', 'opc', '43 grade', 'compressive strength', 'portland', 'concrete']"
"Ordinary Portland Cement, 53 Grade",IS 12269:2013,"Ordinary Portland Cement, 53 Grade (Quality Control) Order",Ministry of Housing and Urban Affairs,2023-01-01,True,"Compulsory BIS certification mark (ISI Mark) mandated under Section 16 of the BIS Act, 2016 for IS 12269:2013.","['cement', 'opc', '53 grade', 'high strength', 'portland', 'concrete']"
Portland Slag Cement,IS 455:2015,Portland Slag Cement (Quality Control) Order,Ministry of Housing and Urban Affairs,2023-01-01,True,"Compulsory BIS certification mark (ISI Mark) mandated under Section 16 of the BIS Act, 2016 for IS 455:2015.","['slag cement', 'psc', 'blast furnace slag', 'marine concrete', 'blended cement']"
Portland Pozzolana Cement,IS 1489 (Part 2):2015,Portland Pozzolana Cement (Quality Control) Order,Ministry of Housing and Urban Affairs,2023-01-01,True,"Compulsory BIS certification mark (ISI Mark) mandated under Section 16 of the BIS Act, 2016 for IS 1489 (Part 2):2015.","['ppc', 'calcined clay', 'pozzolana', 'hydraulic cement', 'durable concrete']"
Steel Tubes for Structural Purposes,IS 1161:2014,Steel Tubes for Structural Purposes (Quality Control) Order,Ministry of Housing and Urban Affairs,2024-04-01,True,"Compulsory BIS certification mark (ISI Mark) mandated under Section 16 of the BIS Act, 2016 for IS 1161:2014.","['structural steel', 'steel pipes', 'tubular structures', 'erw tubes', 'yield strength']"
Hollow Steel Sections for Structural Use,IS 4923:2017,Hollow Steel Sections for Structural Use (Quality Control) Order,Ministry of Housing and Urban Affairs,2024-04-01,True,"Compulsory BIS certification mark (ISI Mark) mandated under Section 16 of the BIS Act, 2016 for IS 4923:2017.","['hollow sections', 'shs', 'rhs', 'square hollow section', 'rectangular hollow section', 'steel fabrication']"
Steel Pipes for Water and Sewage (168.3 to 2540 mm Outside Diameter),IS 3589:2001,Steel Pipes for Water and Sewage (168.3 to 2540 mm Outside Diameter) (Quality Control) Order,Ministry of Jal Shakti / DPIIT,2023-07-01,True,"Compulsory BIS certification mark (ISI Mark) mandated under Section 16 of the BIS Act, 2016 for IS 3589:2001.","['steel pipe', 'water transmission', 'saw pipe', 'helical seam', 'large diameter pipe', 'sewage']"
"Centrifugally Cast (Ductile) Iron Pressure Pipes for Water, Gas and Sewage",IS 8329:2000,"Centrifugally Cast (Ductile) Iron Pressure Pipes for Water, Gas and Sewage (Quality Control) Order",Ministry of Jal Shakti / DPIIT,2023-01-01,True,"Compulsory BIS certification mark (ISI Mark) mandated under Section 16 of the BIS Act, 2016 for IS 8329:2000.","['di pipe', 'ductile iron', 'water supply', 'pressure pipe', 'centrifugal casting', 'socket and spigot']"
UPVC Pipes for Soil and Waste Discharge System Inside Buildings,IS 13592:2013,UPVC Pipes for Soil and Waste Discharge System Inside Buildings (Quality Control) Order,Ministry of Housing and Urban Affairs,2023-06-01,True,"Compulsory BIS certification mark (ISI Mark) mandated under Section 16 of the BIS Act, 2016 for IS 13592:2013.","['swr pipe', 'upvc drainage', 'soil and waste', 'plumbing', 'building drainage']"
Crosslinked Polyethylene Insulated Thermoplastic Sheathed Cables,IS 7098 (Part 1):1988,Crosslinked Polyethylene Insulated Thermoplastic Sheathed Cables (Quality Control) Order,Ministry of Power / Ministry of Heavy Industries,2023-01-01,True,"Compulsory BIS certification mark (ISI Mark) mandated under Section 16 of the BIS Act, 2016 for IS 7098 (Part 1):1988.","['xlpe cable', 'power cable', '1.1 kv', 'crosslinked polyethylene', 'armoured cable']"
Crosslinked Polyethylene Insulated Thermoplastic Sheathed Cables,IS 7098 (Part 2):2011,Crosslinked Polyethylene Insulated Thermoplastic Sheathed Cables (Quality Control) Order,Ministry of Power / Ministry of Heavy Industries,2023-01-01,True,"Compulsory BIS certification mark (ISI Mark) mandated under Section 16 of the BIS Act, 2016 for IS 7098 (Part 2):2011.","['ht cable', 'xlpe cable', '11 kv', '33 kv', 'high tension cable', 'power distribution']"
"Outdoor Type Oil Immersed Distribution Transformers up to and Including 2500 kVA, 33 kV",IS 1180 (Part 1):2014,"Outdoor Type Oil Immersed Distribution Transformers up to and Including 2500 kVA, 33 kV (Quality Control) Order",Ministry of Power / Ministry of Heavy Industries,2021-01-01,True,"Compulsory BIS certification mark (ISI Mark) mandated under Section 16 of the BIS Act, 2016 for IS 1180 (Part 1):2014.","['distribution transformer', 'oil immersed', 'energy efficiency', 'bee star rating', 'total losses', 'substation']"
Power Transformers,IS 2026 (Part 1):2011,Power Transformers (Quality Control) Order,Ministry of Power / Ministry of Heavy Industries,2023-01-01,True,"Compulsory BIS certification mark (ISI Mark) mandated under Section 16 of the BIS Act, 2016 for IS 2026 (Part 1):2011.","['power transformer', 'substation', 'high voltage', 'vector group', 'insulation levels']"
Electrical Accessories,IS 8828:1996,Electrical Accessories (Quality Control) Order,Ministry of Power / Ministry of Heavy Industries,2020-09-01,True,"Compulsory BIS certification mark (ISI Mark) mandated under Section 16 of the BIS Act, 2016 for IS 8828:1996.","['mcb', 'circuit breaker', 'overcurrent protection', 'short circuit', 'tripping curve', 'distribution board']"
Residual Current Operated Circuit-Breakers without Integral Overcurrent Protection (RCCBs),IS 12640 (Part 1):2016,Residual Current Operated Circuit-Breakers without Integral Overcurrent Protection (RCCBs) (Quality Control) Order,Ministry of Commerce and Industry - DPIIT,2020-09-01,True,"Compulsory BIS certification mark (ISI Mark) mandated under Section 16 of the BIS Act, 2016 for IS 12640 (Part 1):2016.","['rccb', 'elcb', 'residual current', 'earth leakage', 'electric shock protection', '30 ma']"
Information Technology Equipment,IS 13252 (Part 1):2010,Information Technology Equipment (Quality Control) Order,Ministry of Commerce and Industry - DPIIT,2013-07-03,True,"Compulsory BIS certification mark (ISI Mark) mandated under Section 16 of the BIS Act, 2016 for IS 13252 (Part 1):2010.","['it equipment', 'compulsory registration', 'crs', 'laptop', 'server', 'power adapter', 'electrical safety']"
Secondary Cells and Batteries Containing Alkaline or Other Non-Acid Electrolytes,IS 16046 (Part 2):2018,Secondary Cells and Batteries Containing Alkaline or Other Non-Acid Electrolytes (Quality Control) Order,Ministry of Chemicals and Petrofertilizers,2018-05-13,True,"Compulsory BIS certification mark (ISI Mark) mandated under Section 16 of the BIS Act, 2016 for IS 16046 (Part 2):2018.","['lithium battery', 'li-ion', 'battery safety', 'short circuit', 'overcharge', 'thermal abuse', 'crs']"
Portable Fire Extinguishers,IS 15683:2018,Portable Fire Extinguishers (Quality Control) Order,Ministry of Home Affairs / DPIIT,2020-03-01,True,"Compulsory BIS certification mark (ISI Mark) mandated under Section 16 of the BIS Act, 2016 for IS 15683:2018.","['fire extinguisher', 'portable extinguisher', 'fire rating', 'abc powder', 'co2 extinguisher', 'hydrostatic test']"
Packaged Drinking Water (Other Than Packaged Natural Mineral Water),IS 14543:2016,Packaged Drinking Water (Other Than Packaged Natural Mineral Water) (Quality Control) Order,"Ministry of Consumer Affairs, Food and Public Distribution",2001-03-29,True,"Compulsory BIS certification mark (ISI Mark) mandated under Section 16 of the BIS Act, 2016 for IS 14543:2016.","['packaged water', 'bottled water', 'drinking water', 'tds', 'reverse osmosis', 'isi mark mandatory', 'fssai']"
Packaged Natural Mineral Water,IS 13428:2005,Packaged Natural Mineral Water (Quality Control) Order,"Ministry of Consumer Affairs, Food and Public Distribution",2001-03-29,True,"Compulsory BIS certification mark (ISI Mark) mandated under Section 16 of the BIS Act, 2016 for IS 13428:2005.","['natural mineral water', 'spring water', 'packaged water', 'isi certification mandatory', 'fssai']"
Automotive Fuels,IS 1460:2017,Automotive Fuels (Quality Control) Order,Ministry of Road Transport and Highways (MoRTH),2020-04-01,True,"Compulsory BIS certification mark (ISI Mark) mandated under Section 16 of the BIS Act, 2016 for IS 1460:2017.","['diesel fuel', 'hsd', 'bs vi', 'cetane number', 'sulphur content', 'automotive fuel']"
Motor Gasoline,IS 2796:2017,Motor Gasoline (Quality Control) Order,Ministry of Chemicals and Petrofertilizers,2020-04-01,True,"Compulsory BIS certification mark (ISI Mark) mandated under Section 16 of the BIS Act, 2016 for IS 2796:2017.","['petrol', 'gasoline', 'motor spirit', 'research octane number', 'ron 91', 'ethanol blended', 'bs vi']"
Methanol (Methyl Alcohol),IS 517:2020,Methanol (Methyl Alcohol) (Quality Control) Order,Ministry of Chemicals and Petrofertilizers,2021-02-03,True,"Compulsory BIS certification mark (ISI Mark) mandated under Section 16 of the BIS Act, 2016 for IS 517:2020.","['methanol', 'methyl alcohol', 'industrial chemical', 'purity', 'qco mandatory']"
Acetone,IS 170:2020,Acetone (Quality Control) Order,Ministry of Chemicals and Petrofertilizers,2021-02-03,True,"Compulsory BIS certification mark (ISI Mark) mandated under Section 16 of the BIS Act, 2016 for IS 170:2020.","['acetone', 'solvent', 'chemical feedstock', 'distillation', 'qco mandatory']"
Personal Protective Equipment,IS 15298 (Part 2):2016,Personal Protective Equipment (Quality Control) Order,Ministry of Commerce and Industry (DPIIT),2022-01-01,True,"Compulsory BIS certification mark (ISI Mark) mandated under Section 16 of the BIS Act, 2016 for IS 15298 (Part 2):2016.","['safety shoes', 'safety footwear', 'steel toe', 'impact resistance', '200 joules', 'anti-skid', 'qco mandatory']"
Respiratory Protective Devices,IS 9473:2002,Respiratory Protective Devices (Quality Control) Order,Ministry of Commerce and Industry (DPIIT),2020-04-01,True,"Compulsory BIS certification mark (ISI Mark) mandated under Section 16 of the BIS Act, 2016 for IS 9473:2002.","['n95 mask', 'respirator', 'ffp2 mask', 'particulate filter', 'filtering facepiece', 'inhalation resistance']"
Specification for Industrial Safety Helmets,IS 2925:1984,Specification for Industrial Safety Helmets (Quality Control) Order,Ministry of Road Transport and Highways (MoRTH),2021-03-01,True,"Compulsory BIS certification mark (ISI Mark) mandated under Section 16 of the BIS Act, 2016 for IS 2925:1984.","['safety helmet', 'hard hat', 'shock absorption', 'penetration resistance', 'construction safety', 'ppe']"
"Dimensions for Hot Rolled Steel Beam, Column, Channel and Angle Sections",IS 808:2021,"Dimensions for Hot Rolled Steel Beam, Column, Channel and Angle Sections (Quality Control) Order",Ministry of Steel,2023-01-01,True,"Compulsory BIS certification mark (ISI Mark) mandated under Section 16 of the BIS Act, 2016 for IS 808:2021.","['steel sections', 'i beam', 'ismb', 'channel section', 'ismc', 'angle section', 'sectional modulus', 'hot rolled steel']"
Dimensions for Round and Square Steel Bars for Structural and General Engineering Purposes,IS 1732:1989,Dimensions for Round and Square Steel Bars for Structural and General Engineering Purposes (Quality Control) Order,Ministry of Housing and Urban Affairs,2023-01-01,True,"Compulsory BIS certification mark (ISI Mark) mandated under Section 16 of the BIS Act, 2016 for IS 1732:1989.","['steel bars', 'round bars', 'square bars', 'structural steel', 'engineering bars']"
Rolling and Cutting Tolerances for Hot-Rolled Steel Products,IS 1852:1985,Rolling and Cutting Tolerances for Hot-Rolled Steel Products (Quality Control) Order,Ministry of Steel,2023-01-01,True,"Compulsory BIS certification mark (ISI Mark) mandated under Section 16 of the BIS Act, 2016 for IS 1852:1985.","['steel tolerances', 'camber', 'sweep', 'out of square', 'cutting tolerance', 'rolling tolerance']"
"Hexagon Head Bolts, Screws and Nuts of Product Grade C",IS 1363 (Part 1):2019,"Hexagon Head Bolts, Screws and Nuts of Product Grade C (Quality Control) Order",Ministry of Road Transport and Highways (MoRTH),2023-10-01,True,"Compulsory BIS certification mark (ISI Mark) mandated under Section 16 of the BIS Act, 2016 for IS 1363 (Part 1):2019.","['hexagon bolt', 'fasteners', 'grade c', 'structural bolting', 'black bolts', 'm16', 'm20', 'm24']"
"Hexagon Head Bolts, Screws and Nuts of Product Grades A and B",IS 1364 (Part 1):2018,"Hexagon Head Bolts, Screws and Nuts of Product Grades A and B (Quality Control) Order",Ministry of Road Transport and Highways (MoRTH),2023-10-01,True,"Compulsory BIS certification mark (ISI Mark) mandated under Section 16 of the BIS Act, 2016 for IS 1364 (Part 1):2018.","['precision bolts', 'grade a bolts', 'high tensile bolts', 'fasteners', 'automotive bolts', 'class 8.8', 'class 10.9']"
Technical Supply Conditions for Threaded Fasteners,IS 1367 (Part 1):2014,Technical Supply Conditions for Threaded Fasteners (Quality Control) Order,Ministry of Road Transport and Highways (MoRTH),2023-10-01,True,"Compulsory BIS certification mark (ISI Mark) mandated under Section 16 of the BIS Act, 2016 for IS 1367 (Part 1):2014.","['threaded fasteners', 'bolts and nuts', 'tensile strength', 'proof load', 'hydrogen embrittlement', 'qco mandatory']"
Hexagon Socket Head Cap Screws,IS 2269:2006,Hexagon Socket Head Cap Screws (Quality Control) Order,Ministry of Road Transport and Highways (MoRTH),2023-10-01,True,"Compulsory BIS certification mark (ISI Mark) mandated under Section 16 of the BIS Act, 2016 for IS 2269:2006.","['socket head cap screw', 'allen bolt', 'high tensile screw', 'grade 12.9', 'fasteners', 'machinery fasteners']"
Steel Plates for Pressure Vessels for Intermediate and High Temperature Service Including Boilers,IS 2002:2009,Steel Plates for Pressure Vessels for Intermediate and High Temperature Service Including Boilers (Quality Control) Order,Ministry of Heavy Industries,2023-01-01,True,"Compulsory BIS certification mark (ISI Mark) mandated under Section 16 of the BIS Act, 2016 for IS 2002:2009.","['boiler plates', 'pressure vessel steel', 'creep strength', 'high temperature steel', 'astm a516']"
Low-Voltage Switchgear and Controlgear,IS/IEC 60947 (Part 1):2007,Low-Voltage Switchgear and Controlgear (Quality Control) Order,Ministry of Power / Ministry of Heavy Industries,2020-11-01,True,"Compulsory BIS certification mark (ISI Mark) mandated under Section 16 of the BIS Act, 2016 for IS/IEC 60947 (Part 1):2007.","['low voltage switchgear', 'controlgear', 'ip degree', 'clearance and creepage', 'temperature rise', 'dielectric properties']"
Low-Voltage Switchgear and Controlgear,IS/IEC 60947 (Part 2):2016,Low-Voltage Switchgear and Controlgear (Quality Control) Order,Ministry of Power / Ministry of Heavy Industries,2020-11-01,True,"Compulsory BIS certification mark (ISI Mark) mandated under Section 16 of the BIS Act, 2016 for IS/IEC 60947 (Part 2):2016.","['mccb', 'acb', 'moulded case circuit breaker', 'breaking capacity', 'icu', 'ics', 'short circuit', 'qco mandatory']"
Low-Voltage Switchgear and Controlgear,IS/IEC 60947 (Part 3):2012,Low-Voltage Switchgear and Controlgear (Quality Control) Order,Ministry of Power / Ministry of Heavy Industries,2020-11-01,True,"Compulsory BIS certification mark (ISI Mark) mandated under Section 16 of the BIS Act, 2016 for IS/IEC 60947 (Part 3):2012.","['isolator', 'switch disconnector', 'fuse unit', 'main switch', 'load break switch', 'qco mandatory']"
Low-Voltage Switchgear and Controlgear,IS/IEC 60947 (Part 4/Sec 1):2012,Low-Voltage Switchgear and Controlgear (Quality Control) Order,Ministry of Power / Ministry of Heavy Industries,2020-11-01,True,"Compulsory BIS certification mark (ISI Mark) mandated under Section 16 of the BIS Act, 2016 for IS/IEC 60947 (Part 4/Sec 1):2012.","['contactor', 'motor starter', 'dol starter', 'star delta', 'thermal overload relay', 'ac-3 duty', 'motor control']"
Aluminium Conductors for Overhead Transmission Purposes,IS 398 (Part 2):1996,Aluminium Conductors for Overhead Transmission Purposes (Quality Control) Order,Ministry of Power / Ministry of Heavy Industries,2023-01-01,True,"Compulsory BIS certification mark (ISI Mark) mandated under Section 16 of the BIS Act, 2016 for IS 398 (Part 2):1996.","['acsr conductor', 'overhead transmission', 'aluminium conductor', 'steel reinforced', 'dog conductor', 'panther conductor', 'zebra conductor']"
"Audio, Video and Similar Electronic Apparatus",IS 616:2017,"Audio, Video and Similar Electronic Apparatus (Quality Control) Order",Ministry of Commerce and Industry - DPIIT,2018-07-03,True,"Compulsory BIS certification mark (ISI Mark) mandated under Section 16 of the BIS Act, 2016 for IS 616:2017.","['audio video', 'television', 'led tv', 'amplifier', 'crs mandatory', 'meity', 'electrical shock', 'fire safety']"
Uninterruptible Power Systems (UPS),IS 16242 (Part 1):2014,Uninterruptible Power Systems (UPS) (Quality Control) Order,Ministry of Electronics and Information Technology (MeitY),2015-05-11,True,"Compulsory BIS certification mark (ISI Mark) mandated under Section 16 of the BIS Act, 2016 for IS 16242 (Part 1):2014.","['ups', 'uninterruptible power supply', 'inverter', 'battery backup', 'crs mandatory', 'safety test']"
Rapid Hardening Portland Cement,IS 8041:1990,Rapid Hardening Portland Cement (Quality Control) Order,Ministry of Housing and Urban Affairs,2023-01-01,True,"Compulsory BIS certification mark (ISI Mark) mandated under Section 16 of the BIS Act, 2016 for IS 8041:1990.","['rapid hardening cement', 'high early strength', 'precast concrete', 'c3s rich', 'early deshirring']"
Sulphate Resisting Portland Cement,IS 12330:1988,Sulphate Resisting Portland Cement (Quality Control) Order,Ministry of Housing and Urban Affairs,2023-01-01,True,"Compulsory BIS certification mark (ISI Mark) mandated under Section 16 of the BIS Act, 2016 for IS 12330:1988.","['sulphate resisting cement', 'srpc', 'coastal foundations', 'marine structures', 'c3a content', 'ettringite resistance']"
Porcelain Insulators for Overhead Power Lines with a Nominal Voltage Greater Than 1000 V,IS 731:1971,Porcelain Insulators for Overhead Power Lines with a Nominal Voltage Greater Than 1000 V (Quality Control) Order,Ministry of Power / Ministry of Heavy Industries,2023-01-01,True,"Compulsory BIS certification mark (ISI Mark) mandated under Section 16 of the BIS Act, 2016 for IS 731:1971.","['porcelain insulator', 'disc insulator', 'pin insulator', 'overhead power line', 'creepage distance', 'flashover voltage']"
Bushings for Alternating Voltages Above 1000 Volts,IS 2099:1986,Bushings for Alternating Voltages Above 1000 Volts (Quality Control) Order,Ministry of Commerce and Industry - DPIIT,2023-01-01,True,"Compulsory BIS certification mark (ISI Mark) mandated under Section 16 of the BIS Act, 2016 for IS 2099:1986.","['transformer bushing', 'condenser bushing', 'oip bushing', 'rip bushing', 'tan delta', 'high voltage']"
Conduits for Electrical Installations,IS 9537 (Part 1):1980,Conduits for Electrical Installations (Quality Control) Order,Ministry of Commerce and Industry - DPIIT,2023-01-01,True,"Compulsory BIS certification mark (ISI Mark) mandated under Section 16 of the BIS Act, 2016 for IS 9537 (Part 1):1980.","['electrical conduit', 'wiring conduit', 'cable management', 'fire propagation', 'dielectric strength']"
Conduits for Electrical Installations,IS 9537 (Part 3):1983,Conduits for Electrical Installations (Quality Control) Order,Ministry of Commerce and Industry - DPIIT,2023-01-01,True,"Compulsory BIS certification mark (ISI Mark) mandated under Section 16 of the BIS Act, 2016 for IS 9537 (Part 3):1983.","['pvc conduit', 'rigid conduit', 'concealed wiring', 'fr conduit', 'electrical piping']"
LED Modules for General Lighting,IS 16103 (Part 1):2012,LED Modules for General Lighting (Quality Control) Order,Ministry of Power / Ministry of Heavy Industries,2015-05-11,True,"Compulsory BIS certification mark (ISI Mark) mandated under Section 16 of the BIS Act, 2016 for IS 16103 (Part 1):2012.","['led module', 'led chip board', 'lighting safety', 'crs mandatory', 'meity', 'photobiological safety']"
"Fire Extinguisher, Carbon Dioxide Type (Portable and Trolley Mounted)",IS 2878:2004,"Fire Extinguisher, Carbon Dioxide Type (Portable and Trolley Mounted) (Quality Control) Order",Ministry of Home Affairs / DPIIT,2020-03-01,True,"Compulsory BIS certification mark (ISI Mark) mandated under Section 16 of the BIS Act, 2016 for IS 2878:2004.","['co2 fire extinguisher', 'carbon dioxide', 'electrical fire', 'clean gas extinguisher', 'class b fire']"
"Portable Fire Extinguishers, Dry Powder (Cartridge and Stored Pressure Types)",IS 2171:1999,"Portable Fire Extinguishers, Dry Powder (Cartridge and Stored Pressure Types) (Quality Control) Order",Ministry of Home Affairs / DPIIT,2020-03-01,True,"Compulsory BIS certification mark (ISI Mark) mandated under Section 16 of the BIS Act, 2016 for IS 2171:1999.","['dry powder extinguisher', 'dcp', 'sodium bicarbonate', 'potassium bicarbonate', 'stored pressure']"
Personal Protective Equipment,IS 15298 (Part 3):2019,Personal Protective Equipment (Quality Control) Order,Ministry of Textiles,2022-01-01,True,"Compulsory BIS certification mark (ISI Mark) mandated under Section 16 of the BIS Act, 2016 for IS 15298 (Part 3):2019.","['protective footwear', 'protective shoes', '100 joules toe cap', 'work shoes', 'qco mandatory']"
Personal Protective Equipment,IS 15298 (Part 4):2017,Personal Protective Equipment (Quality Control) Order,Ministry of Textiles,2022-01-01,True,"Compulsory BIS certification mark (ISI Mark) mandated under Section 16 of the BIS Act, 2016 for IS 15298 (Part 4):2017.","['occupational footwear', 'slip resistant shoes', 'hospital footwear', 'cleanroom shoes', 'qco mandatory']"
"Steel Tubes, Tubulars and Other Wrought Steel Fittings",IS 1239 (Part 2):2011,"Steel Tubes, Tubulars and Other Wrought Steel Fittings (Quality Control) Order",Ministry of Jal Shakti / DPIIT,2023-01-01,True,"Compulsory BIS certification mark (ISI Mark) mandated under Section 16 of the BIS Act, 2016 for IS 1239 (Part 2):2011.","['pipe fittings', 'mild steel sockets', 'threaded elbows', 'pipe tees', 'plumbing fittings']"
High Density Polyethylene (HDPE) Pipes for Sewerage,IS 14333:1996,High Density Polyethylene (HDPE) Pipes for Sewerage (Quality Control) Order,Ministry of Jal Shakti / DPIIT,2023-06-01,True,"Compulsory BIS certification mark (ISI Mark) mandated under Section 16 of the BIS Act, 2016 for IS 14333:1996.","['hdpe sewerage pipe', 'effluent pipe', 'gravity sewer', 'butt fusion', 'pe 80', 'pe 100']"
Plain End UPVC Pipes for Underground Sewerage,IS 15328:2003,Plain End UPVC Pipes for Underground Sewerage (Quality Control) Order,Ministry of Jal Shakti / DPIIT,2023-06-01,True,"Compulsory BIS certification mark (ISI Mark) mandated under Section 16 of the BIS Act, 2016 for IS 15328:2003.","['upvc underground pipe', 'sewer pipe', 'ring seal socket', 'stiffness class', 'sdr 41', 'sdr 34']"
Crosslinked Polyethylene Insulated Thermoplastic Sheathed Cables,IS 7098 (Part 3):1993,Crosslinked Polyethylene Insulated Thermoplastic Sheathed Cables (Quality Control) Order,Ministry of Power / Ministry of Heavy Industries,2023-01-01,True,"Compulsory BIS certification mark (ISI Mark) mandated under Section 16 of the BIS Act, 2016 for IS 7098 (Part 3):1993.","['ehv cable', '66 kv cable', '132 kv cable', '220 kv cable', 'corrugated aluminium sheath', 'transmission cable']"
Aluminium Conductors for Overhead Transmission Purposes,IS 398 (Part 1):1996,Aluminium Conductors for Overhead Transmission Purposes (Quality Control) Order,Ministry of Power / Ministry of Heavy Industries,2023-01-01,True,"Compulsory BIS certification mark (ISI Mark) mandated under Section 16 of the BIS Act, 2016 for IS 398 (Part 1):1996.","['aac conductor', 'all aluminium conductor', 'overhead distribution', 'electrical conductivity', 'low tension line']"
Aluminium Conductors for Overhead Transmission Purposes,IS 398 (Part 4):1994,Aluminium Conductors for Overhead Transmission Purposes (Quality Control) Order,Ministry of Power / Ministry of Heavy Industries,2023-01-01,True,"Compulsory BIS certification mark (ISI Mark) mandated under Section 16 of the BIS Act, 2016 for IS 398 (Part 4):1994.","['aaac conductor', 'aluminium alloy conductor', 'high corrosion resistance', 'coastal transmission line', 'panther aaac']"
Residual Current Operated Circuit-Breakers with Integral Overcurrent Protection (RCBOs),IS 12640 (Part 2):2016,Residual Current Operated Circuit-Breakers with Integral Overcurrent Protection (RCBOs) (Quality Control) Order,Ministry of Commerce and Industry - DPIIT,2020-09-01,True,"Compulsory BIS certification mark (ISI Mark) mandated under Section 16 of the BIS Act, 2016 for IS 12640 (Part 2):2016.","['rcbo', 'earth leakage circuit breaker', 'combined mcb and rccb', 'short circuit', '30ma protection']"
Tubular Fluorescent Lamps for General Lighting Service,IS 2418 (Part 1):1977,Tubular Fluorescent Lamps for General Lighting Service (Quality Control) Order,Ministry of Power / Ministry of Heavy Industries,2021-01-01,True,"Compulsory BIS certification mark (ISI Mark) mandated under Section 16 of the BIS Act, 2016 for IS 2418 (Part 1):1977.","['fluorescent tube', 'tube light', 't8 lamp', 't5 lamp', 'lumen output', 'color rendering']"
Electric Ceiling Type Fans,IS 15330:2003,Electric Ceiling Type Fans (Quality Control) Order,Ministry of Heavy Industries,2023-01-01,True,"Compulsory BIS certification mark (ISI Mark) mandated under Section 16 of the BIS Act, 2016 for IS 15330:2003.","['ceiling fan', 'bldc fan', 'energy efficiency', 'air delivery', 'service value', 'bee star rating']"
Anhydrous Ammonia,IS 15464:2004,Anhydrous Ammonia (Quality Control) Order,Ministry of Chemicals and Petrofertilizers,2021-06-01,True,"Compulsory BIS certification mark (ISI Mark) mandated under Section 16 of the BIS Act, 2016 for IS 15464:2004.","['anhydrous ammonia', 'ammonia gas', 'refrigerant r717', 'fertilizer feedstock', 'purity', 'qco mandatory']"
Safety Glass,IS 2553 (Part 1):1990,Safety Glass (Quality Control) Order,Ministry of Housing and Urban Affairs,2021-04-01,True,"Compulsory BIS certification mark (ISI Mark) mandated under Section 16 of the BIS Act, 2016 for IS 2553 (Part 1):1990.","['toughened glass', 'tempered glass', 'laminated safety glass', 'facade glazing', 'fragmentation test', 'impact resistance', 'qco mandatory']"
Medical Textiles,IS 17354:2020,Medical Textiles (Quality Control) Order,Ministry of Health and Family Welfare,2021-01-01,True,"Compulsory BIS certification mark (ISI Mark) mandated under Section 16 of the BIS Act, 2016 for IS 17354:2020.","['surgical gown', 'surgical drape', 'medical textiles', 'barrier protection', 'liquid penetration', 'blood resistance', 'cleanroom']"
White Portland Cement,IS 8042:2015,White Portland Cement (Quality Control) Order,Ministry of Housing and Urban Affairs,2023-01-01,True,"Compulsory BIS certification mark (ISI Mark) mandated under Section 16 of the BIS Act, 2016 for IS 8042:2015.","['cement', 'white cement', 'whiteness', 'architectural concrete', 'terrazzo']"
Mild Steel and Medium Tensile Steel Bars and Hard-Drawn Steel Wire for Concrete Reinforcement,IS 432 (Part 1):1982,Mild Steel and Medium Tensile Steel Bars and Hard-Drawn Steel Wire for Concrete Reinforcement (Quality Control) Order,Ministry of Housing and Urban Affairs,2023-01-01,True,"Compulsory BIS certification mark (ISI Mark) mandated under Section 16 of the BIS Act, 2016 for IS 432 (Part 1):1982.","['mild steel bar', 'ms bar', 'plain rebar', 'tensile steel', 'concrete reinforcement', 'grade 1']"
Hard-Drawn Steel Wire Fabric for Concrete Reinforcement,IS 1566:1982,Hard-Drawn Steel Wire Fabric for Concrete Reinforcement (Quality Control) Order,Ministry of Housing and Urban Affairs,2023-01-01,True,"Compulsory BIS certification mark (ISI Mark) mandated under Section 16 of the BIS Act, 2016 for IS 1566:1982.","['wire mesh', 'welded wire fabric', 'brc mesh', 'reinforcement fabric', 'concrete slab mesh']"
Galvanized Steel Sheets (Plain and Corrugated),IS 277:2018,Galvanized Steel Sheets (Plain and Corrugated) (Quality Control) Order,Ministry of Steel,2023-01-01,True,"Compulsory BIS certification mark (ISI Mark) mandated under Section 16 of the BIS Act, 2016 for IS 277:2018.","['galvanized sheet', 'gi sheet', 'gc sheet', 'corrugated roofing', 'zinc coating', 'tin shed']"
Cold Reduced Carbon Steel Sheet and Strip,IS 513 (Part 1):2016,Cold Reduced Carbon Steel Sheet and Strip (Quality Control) Order,Ministry of Steel,2023-01-01,True,"Compulsory BIS certification mark (ISI Mark) mandated under Section 16 of the BIS Act, 2016 for IS 513 (Part 1):2016.","['cr sheet', 'cold rolled steel', 'deep drawing sheet', 'cr steel strip', 'sheet metal']"
Hot Rolled Carbon Steel Sheet and Strip,IS 1079:2017,Hot Rolled Carbon Steel Sheet and Strip (Quality Control) Order,Ministry of Steel,2023-01-01,True,"Compulsory BIS certification mark (ISI Mark) mandated under Section 16 of the BIS Act, 2016 for IS 1079:2017.","['hr sheet', 'hot rolled sheet', 'carbon steel strip', 'mild steel sheet', 'hr coils']"
Pressed Ceramic Tiles,IS 15622:2017,Pressed Ceramic Tiles (Quality Control) Order,Ministry of Commerce and Industry - DPIIT,2023-09-01,True,"Compulsory BIS certification mark (ISI Mark) mandated under Section 16 of the BIS Act, 2016 for IS 15622:2017.","['ceramic tile', 'vitrified tile', 'glazed tile', 'porcelain tile', 'wall tile', 'floor tile']"
Plywood for General Purposes,IS 303:1989,Plywood for General Purposes (Quality Control) Order,Ministry of Housing and Urban Affairs,2024-02-28,True,"Compulsory BIS certification mark (ISI Mark) mandated under Section 16 of the BIS Act, 2016 for IS 303:1989.","['plywood', 'mr grade', 'bwr grade', 'timber plywood', 'commercial plywood', 'carpentry']"
Marine Plywood,IS 710:2010,Marine Plywood (Quality Control) Order,Ministry of Housing and Urban Affairs,2024-02-28,True,"Compulsory BIS certification mark (ISI Mark) mandated under Section 16 of the BIS Act, 2016 for IS 710:2010.","['marine plywood', 'bwp plywood', 'waterproof plywood', 'boiling water proof', 'marine grade']"
Wooden Flush Door Shutters (Solid Core Type),IS 2202 (Part 1):1999,Wooden Flush Door Shutters (Solid Core Type) (Quality Control) Order,Ministry of Housing and Urban Affairs,2024-02-28,True,"Compulsory BIS certification mark (ISI Mark) mandated under Section 16 of the BIS Act, 2016 for IS 2202 (Part 1):1999.","['flush door', 'solid core door', 'wooden door shutter', 'plywood door', 'door leaf']"
Safety Glass,IS 2553 (Part 1):2018,Safety Glass (Quality Control) Order,Ministry of Housing and Urban Affairs,2023-04-01,True,"Compulsory BIS certification mark (ISI Mark) mandated under Section 16 of the BIS Act, 2016 for IS 2553 (Part 1):2018.","['toughened glass', 'tempered glass', 'laminated glass', 'safety glass', 'facade glass', 'architectural glass']"
Water Meters (Domestic Type),IS 779:1994,Water Meters (Domestic Type) (Quality Control) Order,Ministry of Power / Ministry of Heavy Industries,2023-07-01,True,"Compulsory BIS certification mark (ISI Mark) mandated under Section 16 of the BIS Act, 2016 for IS 779:1994.","['water meter', 'domestic water meter', 'flow meter', 'water billing meter', 'class b meter']"
Vitreous Sanitary Appliances,IS 2556 (Part 2):2004,Vitreous Sanitary Appliances (Quality Control) Order,Ministry of Jal Shakti / DPIIT,2023-09-01,True,"Compulsory BIS certification mark (ISI Mark) mandated under Section 16 of the BIS Act, 2016 for IS 2556 (Part 2):2004.","['wash basin', 'sanitaryware', 'vitreous china', 'bathroom basin', 'ceramic sink']"
Vitreous Sanitary Appliances,IS 2556 (Part 3):2004,Vitreous Sanitary Appliances (Quality Control) Order,Ministry of Jal Shakti / DPIIT,2023-09-01,True,"Compulsory BIS certification mark (ISI Mark) mandated under Section 16 of the BIS Act, 2016 for IS 2556 (Part 3):2004.","['wc pan', 'squatting pan', 'orissa pan', 'toilet pan', 'sanitary ware']"
Line Operated Three-Phase Induction Motors (IE Code),IS 12615:2018,Line Operated Three-Phase Induction Motors (IE Code) (Quality Control) Order,Ministry of Power / Ministry of Heavy Industries,2023-01-01,True,"Compulsory BIS certification mark (ISI Mark) mandated under Section 16 of the BIS Act, 2016 for IS 12615:2018.","['induction motor', 'electric motor', 'ie2 motor', 'ie3 motor', 'three phase motor', 'energy efficient motor']"
"AC Static Watthour Meters, Class 1 and 2",IS 13779:1999,"AC Static Watthour Meters, Class 1 and 2 (Quality Control) Order",Ministry of Power / Ministry of Heavy Industries,2023-01-01,True,"Compulsory BIS certification mark (ISI Mark) mandated under Section 16 of the BIS Act, 2016 for IS 13779:1999.","['energy meter', 'electric meter', 'watthour meter', 'static meter', 'class 1 meter', 'kwh meter']"
"A.C. Static Direct Connected Watthour Smart Meter, Class 1 and 2",IS 16444 (Part 1):2015,"A.C. Static Direct Connected Watthour Smart Meter, Class 1 and 2 (Quality Control) Order",Ministry of Power / Ministry of Heavy Industries,2023-01-01,True,"Compulsory BIS certification mark (ISI Mark) mandated under Section 16 of the BIS Act, 2016 for IS 16444 (Part 1):2015.","['smart meter', 'ami', 'smart watthour meter', 'two way meter', 'prepaid smart meter', 'remote disconnect']"
Secondary Cells and Batteries Containing Alkaline or Other Non-Acid Electrolytes,IS 16046 (Part 1):2018,Secondary Cells and Batteries Containing Alkaline or Other Non-Acid Electrolytes (Quality Control) Order,Ministry of Chemicals and Petrofertilizers,2023-01-01,True,"Compulsory BIS certification mark (ISI Mark) mandated under Section 16 of the BIS Act, 2016 for IS 16046 (Part 1):2018.","['battery safety', 'rechargeable battery', 'nickel battery', 'ni-mh cell', 'portable battery']"
Crystalline Silicon Terrestrial Photovoltaic (PV) Modules,IS 14286:2019,Crystalline Silicon Terrestrial Photovoltaic (PV) Modules (Quality Control) Order,Ministry of Electronics and Information Technology (MeitY),2023-01-01,True,"Compulsory BIS certification mark (ISI Mark) mandated under Section 16 of the BIS Act, 2016 for IS 14286:2019.","['solar panel', 'pv module', 'solar photovoltaic', 'crystalline silicon', 'solar cell', 'solar power plant']"
Photovoltaic (PV) Module Safety Qualification,IS/IEC 61730 (Part 1):2016,Photovoltaic (PV) Module Safety Qualification (Quality Control) Order,Ministry of Electronics and Information Technology (MeitY),2023-01-01,True,"Compulsory BIS certification mark (ISI Mark) mandated under Section 16 of the BIS Act, 2016 for IS/IEC 61730 (Part 1):2016.","['solar safety', 'pv module safety', 'solar fire rating', 'junction box solar', 'class ii solar']"
Safety of Power Converters for Use in Photovoltaic Power Systems,IS 16221 (Part 2):2015,Safety of Power Converters for Use in Photovoltaic Power Systems (Quality Control) Order,Ministry of Electronics and Information Technology (MeitY),2023-01-01,True,"Compulsory BIS certification mark (ISI Mark) mandated under Section 16 of the BIS Act, 2016 for IS 16221 (Part 2):2015.","['solar inverter', 'grid tie inverter', 'pv inverter', 'solar power converter', 'islanding protection']"
Video Surveillance Systems for Security Applications,IS 16910:2020,Video Surveillance Systems for Security Applications (Quality Control) Order,Ministry of Electronics and Information Technology (MeitY),2024-04-09,True,"Compulsory BIS certification mark (ISI Mark) mandated under Section 16 of the BIS Act, 2016 for IS 16910:2020.","['cctv camera', 'ip camera', 'security camera', 'video surveillance', 'surveillance system', 'night vision camera']"
"Electric Monoset Pumps for Clear, Cold Water for Agricultural and Domestic Use",IS 9079:2018,"Electric Monoset Pumps for Clear, Cold Water for Agricultural and Domestic Use (Quality Control) Order",Ministry of Heavy Industries,2023-01-01,True,"Compulsory BIS certification mark (ISI Mark) mandated under Section 16 of the BIS Act, 2016 for IS 9079:2018.","['monoset pump', 'centrifugal pump', 'agricultural pump', 'water pump', 'irrigation pump', 'electric water pump']"
"Submersible Pumpsets for Clear, Cold Water",IS 8034:2018,"Submersible Pumpsets for Clear, Cold Water (Quality Control) Order",Ministry of Heavy Industries,2023-01-01,True,"Compulsory BIS certification mark (ISI Mark) mandated under Section 16 of the BIS Act, 2016 for IS 8034:2018.","['submersible pump', 'borewell pump', 'tubewell pumpset', 'submersible motor', 'deep well pump']"
Safety of Household and Similar Electrical Appliances,IS 302 (Part 2/Sec 3):2007,Safety of Household and Similar Electrical Appliances (Quality Control) Order,Ministry of Heavy Industries,2023-01-01,True,"Compulsory BIS certification mark (ISI Mark) mandated under Section 16 of the BIS Act, 2016 for IS 302 (Part 2/Sec 3):2007.","['electric iron', 'steam iron', 'dry iron', 'clothes iron', 'iron safety']"
Safety of Household and Similar Electrical Appliances,IS 302 (Part 2/Sec 21):2011,Safety of Household and Similar Electrical Appliances (Quality Control) Order,Ministry of Heavy Industries,2023-01-01,True,"Compulsory BIS certification mark (ISI Mark) mandated under Section 16 of the BIS Act, 2016 for IS 302 (Part 2/Sec 21):2011.","['water heater', 'geyser', 'electric geyser', 'storage water heater', 'water heating tank']"
Room Air Conditioners,IS 1391 (Part 1):2017,Room Air Conditioners (Quality Control) Order,Ministry of Heavy Industries,2023-01-01,True,"Compulsory BIS certification mark (ISI Mark) mandated under Section 16 of the BIS Act, 2016 for IS 1391 (Part 1):2017.","['air conditioner', 'window ac', 'cooling capacity', 'iseer', 'room air conditioner', 'hvac']"
Room Air Conditioners,IS 1391 (Part 2):2018,Room Air Conditioners (Quality Control) Order,Ministry of Heavy Industries,2023-01-01,True,"Compulsory BIS certification mark (ISI Mark) mandated under Section 16 of the BIS Act, 2016 for IS 1391 (Part 2):2018.","['split ac', 'inverter ac', 'split air conditioner', 'inverter air conditioner', 'hvac cooling']"
Industrial Safety Belts and Harnesses,IS 3521 (Part 1):1999,Industrial Safety Belts and Harnesses (Quality Control) Order,Ministry of Commerce and Industry (DPIIT),2023-01-01,True,"Compulsory BIS certification mark (ISI Mark) mandated under Section 16 of the BIS Act, 2016 for IS 3521 (Part 1):1999.","['safety harness', 'safety belt', 'full body harness', 'fall arrester', 'working at height', 'lanyard']"
Sterile Hypodermic Needles for Single Use,IS 10654:2020,Sterile Hypodermic Needles for Single Use (Quality Control) Order,Ministry of Health and Family Welfare,2023-01-01,True,"Compulsory BIS certification mark (ISI Mark) mandated under Section 16 of the BIS Act, 2016 for IS 10654:2020.","['hypodermic needle', 'sterile needle', 'injection needle', 'disposable needle', 'medical needle']"
Surgical Rubber Gloves,IS 4148:1989,Surgical Rubber Gloves (Quality Control) Order,Ministry of Health and Family Welfare,2023-01-01,True,"Compulsory BIS certification mark (ISI Mark) mandated under Section 16 of the BIS Act, 2016 for IS 4148:1989.","['surgical gloves', 'latex gloves', 'rubber gloves medical', 'operation gloves', 'sterile gloves']"
Medical Examination Gloves Made of Rubber Latex,IS 15377:2003,Medical Examination Gloves Made of Rubber Latex (Quality Control) Order,Ministry of Health and Family Welfare,2023-01-01,True,"Compulsory BIS certification mark (ISI Mark) mandated under Section 16 of the BIS Act, 2016 for IS 15377:2003.","['examination gloves', 'exam gloves', 'latex examination gloves', 'clinical gloves', 'doctor gloves']"
Clinical Thermometers,IS 16568:2016,Clinical Thermometers (Quality Control) Order,Ministry of Power / Ministry of Heavy Industries,2023-01-01,True,"Compulsory BIS certification mark (ISI Mark) mandated under Section 16 of the BIS Act, 2016 for IS 16568:2016.","['digital thermometer', 'clinical thermometer', 'body temperature thermometer', 'fever thermometer', 'electronic thermometer']"
"Iodized Salt, Vacuum Evaporated Iodized Salt and Refined Iodized Salt",IS 7224:2006,"Iodized Salt, Vacuum Evaporated Iodized Salt and Refined Iodized Salt (Quality Control) Order","Ministry of Consumer Affairs, Food and Public Distribution",2021-01-01,True,"Compulsory BIS certification mark (ISI Mark) mandated under Section 16 of the BIS Act, 2016 for IS 7224:2006.","['iodized salt', 'edible salt', 'table salt', 'iodine salt', 'cooking salt', 'refined salt']"
Agricultural Tractors,IS 12207:2019,Agricultural Tractors (Quality Control) Order,"Ministry of Consumer Affairs, Food and Public Distribution",2023-01-01,True,"Compulsory BIS certification mark (ISI Mark) mandated under Section 16 of the BIS Act, 2016 for IS 12207:2019.","['tractor test', 'agricultural tractor', 'pto test', 'hydraulic lift tractor', 'farm tractor', 'drawbar power']"
Automotive Vehicles,IS 15636:2012,Automotive Vehicles (Quality Control) Order,Ministry of Road Transport and Highways (MoRTH),2021-04-01,True,"Compulsory BIS certification mark (ISI Mark) mandated under Section 16 of the BIS Act, 2016 for IS 15636:2012.","['car tyre', 'radial tyre', 'automobile tyre', 'passenger car tyre', 'tubeless tyre', 'pneumatic tyre']"
Automotive Vehicles,IS 15633:2005,Automotive Vehicles (Quality Control) Order,Ministry of Road Transport and Highways (MoRTH),2021-04-01,True,"Compulsory BIS certification mark (ISI Mark) mandated under Section 16 of the BIS Act, 2016 for IS 15633:2005.","['truck tyre', 'bus tyre', 'commercial vehicle tyre', 'radial truck tyre', 'heavy vehicle tyre']"
Automotive Vehicles,IS 15139:2002,Automotive Vehicles (Quality Control) Order,Ministry of Road Transport and Highways (MoRTH),2021-04-01,True,"Compulsory BIS certification mark (ISI Mark) mandated under Section 16 of the BIS Act, 2016 for IS 15139:2002.","['seat belt', 'safety belt', 'car seat belt', 'three point belt', 'retractor seat belt', 'seatbelt buckle']"
Automotive Vehicles,IS 1884:1993,Automotive Vehicles (Quality Control) Order,Ministry of Road Transport and Highways (MoRTH),2023-01-01,True,"Compulsory BIS certification mark (ISI Mark) mandated under Section 16 of the BIS Act, 2016 for IS 1884:1993.","['car horn', 'electric horn', 'automobile horn', 'two wheeler horn', 'vehicle warning horn']"
Geosynthetics,IS 16654:2017,Geosynthetics (Quality Control) Order,Ministry of Textiles,2023-04-01,True,"Compulsory BIS certification mark (ISI Mark) mandated under Section 16 of the BIS Act, 2016 for IS 16654:2017.","['geotextile', 'road geotextile', 'highway geotextile', 'subgrade stabilization', 'geosynthetics', 'drainage fabric']"
Textiles,IS 15748:2022,Textiles (Quality Control) Order,Ministry of Textiles,2023-04-01,True,"Compulsory BIS certification mark (ISI Mark) mandated under Section 16 of the BIS Act, 2016 for IS 15748:2022.","['flame retardant fabric', 'fire proof fabric', 'fr textile', 'fire resistant cloth', 'firefighter fabric']"
Textiles,IS 1265:2021,Textiles (Quality Control) Order,"Ministry of Consumer Affairs, Food and Public Distribution",2022-01-01,True,"Compulsory BIS certification mark (ISI Mark) mandated under Section 16 of the BIS Act, 2016 for IS 1265:2021.","['jute bag', 'gunny bag', 'bora', 'grain packaging bag', 'b-twill jute bag']"
Textiles,IS 14968:2015,Textiles (Quality Control) Order,"Ministry of Consumer Affairs, Food and Public Distribution",2023-01-01,True,"Compulsory BIS certification mark (ISI Mark) mandated under Section 16 of the BIS Act, 2016 for IS 14968:2015.","['pp woven sack', 'plastic sack', 'hdpe woven bag', 'grain bag', 'polypropylene sack']"
Hydrochloric Acid,IS 265:1993,Hydrochloric Acid (Quality Control) Order,Ministry of Chemicals and Petrofertilizers,2023-01-01,True,"Compulsory BIS certification mark (ISI Mark) mandated under Section 16 of the BIS Act, 2016 for IS 265:1993.","['hydrochloric acid', 'hcl', 'muriatic acid', 'industrial acid', 'pickling acid']"
Paving Bitumen,IS 73:2013,Paving Bitumen (Quality Control) Order,Ministry of Chemicals and Petrofertilizers,2023-01-01,True,"Compulsory BIS certification mark (ISI Mark) mandated under Section 16 of the BIS Act, 2016 for IS 73:2013.","['bitumen', 'paving bitumen', 'vg 30', 'vg 40', 'asphalt', 'tar road', 'highway bitumen']"
"Wrought Aluminium and Aluminium Alloy Bars, Rods and Sections for General Engineering Purposes",IS 733:1983,"Wrought Aluminium and Aluminium Alloy Bars, Rods and Sections for General Engineering Purposes (Quality Control) Order",Ministry of Steel,2023-09-01,True,"Compulsory BIS certification mark (ISI Mark) mandated under Section 16 of the BIS Act, 2016 for IS 733:1983.","['aluminium section', 'extruded aluminium', 'alloy 6063', 'aluminium bar', 'architectural aluminium']"
Wrought Aluminium and Aluminium Alloy Sheet and Strip for General Engineering Purposes,IS 737:2008,Wrought Aluminium and Aluminium Alloy Sheet and Strip for General Engineering Purposes (Quality Control) Order,Ministry of Steel,2023-09-01,True,"Compulsory BIS certification mark (ISI Mark) mandated under Section 16 of the BIS Act, 2016 for IS 737:2008.","['aluminium sheet', 'aluminium coil', 'alloy 19000', 'alloy 31000', 'bus body sheet']"
Brass Tubes for General Purposes,IS 407:1981,Brass Tubes for General Purposes (Quality Control) Order,Ministry of Steel,2023-09-01,True,"Compulsory BIS certification mark (ISI Mark) mandated under Section 16 of the BIS Act, 2016 for IS 407:1981.","['brass tube', 'brass pipe', 'copper zinc tube', 'heat exchanger tube', 'instrumentation tube']"
Technical Supply Conditions for Threaded Steel Fasteners,IS 1367 (Part 3):2017,Technical Supply Conditions for Threaded Steel Fasteners (Quality Control) Order,Ministry of Steel,2024-01-21,True,"Compulsory BIS certification mark (ISI Mark) mandated under Section 16 of the BIS Act, 2016 for IS 1367 (Part 3):2017.","['bolt 8.8', 'high tensile bolt', 'grade 8.8 bolt', 'structural bolt', 'steel screw', 'fastener property class']"
Grey Iron Castings,IS 210:2009,Grey Iron Castings (Quality Control) Order,Ministry of Heavy Industries,2023-01-01,True,"Compulsory BIS certification mark (ISI Mark) mandated under Section 16 of the BIS Act, 2016 for IS 210:2009.","['cast iron', 'grey iron casting', 'fg 200', 'fg 260', 'manhole frame', 'pump casing casting']"
Aerial Bunched Cables for Working Voltages up to and Including 1100 V,IS 14255:1995,Aerial Bunched Cables for Working Voltages up to and Including 1100 V (Quality Control) Order,Ministry of Power / Ministry of Heavy Industries,2023-01-01,True,"Compulsory BIS certification mark (ISI Mark) mandated under Section 16 of the BIS Act, 2016 for IS 14255:1995.","['aerial', 'bunched', 'cables', 'for', 'working', 'voltages', 'and', 'including', '1100', 'power']"
Elastomer Insulated Cables,IS 9968 (Part 1):1988,Elastomer Insulated Cables (Quality Control) Order,Ministry of Power / Ministry of Heavy Industries,2023-01-01,True,"Compulsory BIS certification mark (ISI Mark) mandated under Section 16 of the BIS Act, 2016 for IS 9968 (Part 1):1988.","['elastomer', 'insulated', 'cables', 'for', 'working', 'voltages', 'and', 'including', '1100', 'cables']"
Low-Voltage Switchgear and Controlgear,IS 13947 (Part 2):1993,Low-Voltage Switchgear and Controlgear (Quality Control) Order,Ministry of Power / Ministry of Heavy Industries,2023-01-01,True,"Compulsory BIS certification mark (ISI Mark) mandated under Section 16 of the BIS Act, 2016 for IS 13947 (Part 2):1993.","['low', 'voltage', 'switchgear', 'and', 'controlgear', 'circuit', 'breakers', 'mccb', 'acb', 'switchgear']"
Low Voltage Fuses for Substantially Skilled Persons (HRC Fuses),IS 13703 (Part 2):1993,Low Voltage Fuses for Substantially Skilled Persons (HRC Fuses) (Quality Control) Order,Ministry of Power / Ministry of Heavy Industries,2023-01-01,True,"Compulsory BIS certification mark (ISI Mark) mandated under Section 16 of the BIS Act, 2016 for IS 13703 (Part 2):1993.","['low', 'voltage', 'fuses', 'for', 'substantially', 'skilled', 'persons', 'hrc', 'fuses', 'switchgear']"
"AC Static Transformer Operated Watthour and VAR-Hour Meters, Class 0.2S and 0.5S",IS 14697:1999,"AC Static Transformer Operated Watthour and VAR-Hour Meters, Class 0.2S and 0.5S (Quality Control) Order",Ministry of Power / Ministry of Heavy Industries,2023-01-01,True,"Compulsory BIS certification mark (ISI Mark) mandated under Section 16 of the BIS Act, 2016 for IS 14697:1999.","['static', 'transformer', 'operated', 'watthour', 'and', 'var', 'hour', 'meters', 'class', 'and']"
Alternating Current Direct Connected Static Prepayment Meters for Active Energy,IS 15884:2010,Alternating Current Direct Connected Static Prepayment Meters for Active Energy (Quality Control) Order,Ministry of Power / Ministry of Heavy Industries,2023-01-01,True,"Compulsory BIS certification mark (ISI Mark) mandated under Section 16 of the BIS Act, 2016 for IS 15884:2010.","['alternating', 'current', 'direct', 'connected', 'static', 'prepayment', 'meters', 'for', 'active', 'energy']"
Stationary Lead-Acid Cells and Batteries with Tubular Positive Plates,IS 1651:2013,Stationary Lead-Acid Cells and Batteries with Tubular Positive Plates (Quality Control) Order,Ministry of Power / Ministry of Heavy Industries,2023-01-01,True,"Compulsory BIS certification mark (ISI Mark) mandated under Section 16 of the BIS Act, 2016 for IS 1651:2013.","['stationary', 'lead', 'acid', 'cells', 'and', 'batteries', 'with', 'tubular', 'positive', 'plates']"
Stationary Lead-Acid Batteries with Valve Regulated Type (VRLA),IS 13369:1992,Stationary Lead-Acid Batteries with Valve Regulated Type (VRLA) (Quality Control) Order,Ministry of Power / Ministry of Heavy Industries,2023-01-01,True,"Compulsory BIS certification mark (ISI Mark) mandated under Section 16 of the BIS Act, 2016 for IS 13369:1992.","['stationary', 'lead', 'acid', 'batteries', 'with', 'valve', 'regulated', 'type', 'vrla', 'batteries']"
Stationary Valve Regulated Lead Acid Batteries,IS 15549:2005,Stationary Valve Regulated Lead Acid Batteries (Quality Control) Order,Ministry of Power / Ministry of Heavy Industries,2023-01-01,True,"Compulsory BIS certification mark (ISI Mark) mandated under Section 16 of the BIS Act, 2016 for IS 15549:2005.","['stationary', 'valve', 'regulated', 'lead', 'acid', 'batteries', 'specification', 'batteries', 'high', 'capacity']"
Electronic Controlgear for LED Modules,IS 16104:2012,Electronic Controlgear for LED Modules (Quality Control) Order,Ministry of Power / Ministry of Heavy Industries,2023-01-01,True,"Compulsory BIS certification mark (ISI Mark) mandated under Section 16 of the BIS Act, 2016 for IS 16104:2012.","['electronic', 'controlgear', 'for', 'led', 'modules', 'performance', 'requirements', 'lighting', 'electronic', 'drivers']"
Three-Phase Induction Motors,IS 325:1996,Three-Phase Induction Motors (Quality Control) Order,Ministry of Power / Ministry of Heavy Industries,2023-01-01,True,"Compulsory BIS certification mark (ISI Mark) mandated under Section 16 of the BIS Act, 2016 for IS 325:1996.","['three', 'phase', 'induction', 'motors', 'specification', 'rotating', 'machines', 'general', 'purpose', 'three']"
Single-Phase AC Induction Motors for General Purpose,IS 996:2009,Single-Phase AC Induction Motors for General Purpose (Quality Control) Order,Ministry of Power / Ministry of Heavy Industries,2023-01-01,True,"Compulsory BIS certification mark (ISI Mark) mandated under Section 16 of the BIS Act, 2016 for IS 996:2009.","['single', 'phase', 'induction', 'motors', 'for', 'general', 'purpose', 'specification', 'rotating', 'machines']"
Mobile Phones,IS 16333 (Part 3):2022,Mobile Phones (Quality Control) Order,Ministry of Electronics and Information Technology (MeitY),2023-01-01,True,"Compulsory BIS certification mark (ISI Mark) mandated under Section 16 of the BIS Act, 2016 for IS 16333 (Part 3):2022.","['mobile', 'phones', 'indian', 'language', 'support', 'requirements', 'telecommunications', 'mandatory', 'requirements', 'for']"
Coin/Button Cell Batteries,IS 16047:2018,Coin/Button Cell Batteries (Quality Control) Order,Ministry of Electronics and Information Technology (MeitY),2023-01-01,True,"Compulsory BIS certification mark (ISI Mark) mandated under Section 16 of the BIS Act, 2016 for IS 16047:2018.","['coin', 'button', 'cell', 'batteries', 'safety', 'requirements', 'batteries', 'safety', 'requirements', 'and']"
Test Procedure of Islanding Prevention Measures for Utility-Interconnected Photovoltaic Inverters,IS 16169:2014,Test Procedure of Islanding Prevention Measures for Utility-Interconnected Photovoltaic Inverters (Quality Control) Order,Ministry of Electronics and Information Technology (MeitY),2023-01-01,True,"Compulsory BIS certification mark (ISI Mark) mandated under Section 16 of the BIS Act, 2016 for IS 16169:2014.","['test', 'procedure', 'islanding', 'prevention', 'measures', 'for', 'utility', 'interconnected', 'photovoltaic', 'inverters']"
Biometric Devices for Aadhaar and Access Control Applications,IS 16345:2019,Biometric Devices for Aadhaar and Access Control Applications (Quality Control) Order,Ministry of Electronics and Information Technology (MeitY),2023-01-01,True,"Compulsory BIS certification mark (ISI Mark) mandated under Section 16 of the BIS Act, 2016 for IS 16345:2019.","['biometric', 'devices', 'for', 'aadhaar', 'and', 'access', 'control', 'applications', 'security', 'systems']"
Explosive Atmospheres,IS/IEC 60079 (Part 0):2017,Explosive Atmospheres (Quality Control) Order,Ministry of Electronics and Information Technology (MeitY),2023-01-01,True,"Compulsory BIS certification mark (ISI Mark) mandated under Section 16 of the BIS Act, 2016 for IS/IEC 60079 (Part 0):2017.","['explosive', 'atmospheres', 'equipment', 'general', 'requirements', 'industrial', 'electronics', 'general', 'construction', 'and']"
"Hexagon Head Bolts, Screws and Nuts of Product Grades A and B",IS 1364 (Part 2):2018,"Hexagon Head Bolts, Screws and Nuts of Product Grades A and B (Quality Control) Order",Ministry of Commerce and Industry (DPIIT),2024-01-21,True,"Compulsory BIS certification mark (ISI Mark) mandated under Section 16 of the BIS Act, 2016 for IS 1364 (Part 2):2018.","['hexagon', 'head', 'bolts', 'screws', 'and', 'nuts', 'product', 'grades', 'and', 'hexagon']"
"Horizontal Centrifugal Pumps for Clear, Cold Water",IS 6595 (Part 1):1993,"Horizontal Centrifugal Pumps for Clear, Cold Water (Quality Control) Order",Ministry of Heavy Industries,2023-01-01,True,"Compulsory BIS certification mark (ISI Mark) mandated under Section 16 of the BIS Act, 2016 for IS 6595 (Part 1):1993.","['horizontal', 'centrifugal', 'pumps', 'for', 'clear', 'cold', 'water', 'agricultural', 'and', 'domestic']"
Domestic Refrigerators with Integral Frozen Food Compartment,IS 1476 (Part 1):2000,Domestic Refrigerators with Integral Frozen Food Compartment (Quality Control) Order,Ministry of Heavy Industries,2023-01-01,True,"Compulsory BIS certification mark (ISI Mark) mandated under Section 16 of the BIS Act, 2016 for IS 1476 (Part 1):2000.","['domestic', 'refrigerators', 'with', 'integral', 'frozen', 'food', 'compartment', 'specification', 'domestic', 'appliances']"
Electric Immersion Water Heaters,IS 368:2014,Electric Immersion Water Heaters (Quality Control) Order,Ministry of Heavy Industries,2023-01-01,True,"Compulsory BIS certification mark (ISI Mark) mandated under Section 16 of the BIS Act, 2016 for IS 368:2014.","['electric', 'immersion', 'water', 'heaters', 'specification', 'domestic', 'appliances', 'portable', 'heating', 'immersion']"
Flushing Cisterns for Water Closets and Urinals (Other than Plastic Cisterns),IS 774:2004,Flushing Cisterns for Water Closets and Urinals (Other than Plastic Cisterns) (Quality Control) Order,Ministry of Jal Shakti / DPIIT,2023-09-01,True,"Compulsory BIS certification mark (ISI Mark) mandated under Section 16 of the BIS Act, 2016 for IS 774:2004.","['flushing', 'cisterns', 'for', 'water', 'closets', 'and', 'urinals', 'other', 'than', 'plastic']"
Ceramic Tiles,IS 13630 (Part 1):2019,Ceramic Tiles (Quality Control) Order,Ministry of Housing and Urban Affairs,2023-09-01,True,"Compulsory BIS certification mark (ISI Mark) mandated under Section 16 of the BIS Act, 2016 for IS 13630 (Part 1):2019.","['ceramic', 'tiles', 'methods', 'test', 'sampling', 'and', 'basis', 'for', 'acceptance', 'flooring']"
Blockboards,IS 1659:2004,Blockboards (Quality Control) Order,Ministry of Housing and Urban Affairs,2024-02-28,True,"Compulsory BIS certification mark (ISI Mark) mandated under Section 16 of the BIS Act, 2016 for IS 1659:2004.","['blockboards', 'specification', 'wood', 'timber', 'products', 'solid', 'core', 'blockboards', 'manufactured', 'from']"
Veneered Decorative Plywood,IS 1328:1996,Veneered Decorative Plywood (Quality Control) Order,Ministry of Housing and Urban Affairs,2024-02-28,True,"Compulsory BIS certification mark (ISI Mark) mandated under Section 16 of the BIS Act, 2016 for IS 1328:1996.","['veneered', 'decorative', 'plywood', 'specification', 'wood', 'timber', 'products', 'decorative', 'plywood', 'with']"
Medium Density Fibreboards (MDF) for General Purpose,IS 12406:2003,Medium Density Fibreboards (MDF) for General Purpose (Quality Control) Order,Ministry of Housing and Urban Affairs,2024-02-28,True,"Compulsory BIS certification mark (ISI Mark) mandated under Section 16 of the BIS Act, 2016 for IS 12406:2003.","['medium', 'density', 'fibreboards', 'mdf', 'for', 'general', 'purpose', 'specification', 'wood', 'timber']"
Prelaminated Medium Density Fibreboard,IS 14587:1998,Prelaminated Medium Density Fibreboard (Quality Control) Order,Ministry of Housing and Urban Affairs,2024-02-28,True,"Compulsory BIS certification mark (ISI Mark) mandated under Section 16 of the BIS Act, 2016 for IS 14587:1998.","['prelaminated', 'medium', 'density', 'fibreboard', 'specification', 'wood', 'timber', 'products', 'melamine', 'faced']"
"Bleaching Powder, Stable",IS 1065:1989,"Bleaching Powder, Stable (Quality Control) Order",Ministry of Chemicals and Petrofertilizers,2023-01-01,True,"Compulsory BIS certification mark (ISI Mark) mandated under Section 16 of the BIS Act, 2016 for IS 1065:1989.","['bleaching', 'powder', 'stable', 'specification', 'water', 'treatment', 'specifies', 'stable', 'chlorinated', 'lime']"
Compressed Oxygen Gas,IS 309:2005,Compressed Oxygen Gas (Quality Control) Order,Ministry of Chemicals and Petrofertilizers,2023-01-01,True,"Compulsory BIS certification mark (ISI Mark) mandated under Section 16 of the BIS Act, 2016 for IS 309:2005.","['compressed', 'oxygen', 'gas', 'specification', 'industrial', 'gases', 'medical', 'and', 'industrial', 'compressed']"
Milk Powder,IS 1165:2002,Milk Powder (Quality Control) Order,"Ministry of Consumer Affairs, Food and Public Distribution",2021-01-01,True,"Compulsory BIS certification mark (ISI Mark) mandated under Section 16 of the BIS Act, 2016 for IS 1165:2002.","['milk', 'powder', 'specification', 'dairy', 'products', 'physical', 'chemical', 'and', 'microbiological', 'requirements']"
Infant Milk Substitutes,IS 12220:1987,Infant Milk Substitutes (Quality Control) Order,"Ministry of Consumer Affairs, Food and Public Distribution",2021-01-01,True,"Compulsory BIS certification mark (ISI Mark) mandated under Section 16 of the BIS Act, 2016 for IS 12220:1987.","['infant', 'milk', 'substitutes', 'specification', 'infant', 'nutrition', 'formulation', 'requirements', 'for', 'spray']"
Automotive Vehicles,IS 11852 (Part 1):2001,Automotive Vehicles (Quality Control) Order,Ministry of Road Transport and Highways (MoRTH),2021-04-01,True,"Compulsory BIS certification mark (ISI Mark) mandated under Section 16 of the BIS Act, 2016 for IS 11852 (Part 1):2001.","['automotive', 'vehicles', 'brakes', 'and', 'braking', 'systems', 'terminology', 'and', 'definitions', 'vehicle']"
Automotive Vehicles,IS 11852 (Part 3):2001,Automotive Vehicles (Quality Control) Order,Ministry of Road Transport and Highways (MoRTH),2021-04-01,True,"Compulsory BIS certification mark (ISI Mark) mandated under Section 16 of the BIS Act, 2016 for IS 11852 (Part 3):2001.","['automotive', 'vehicles', 'brakes', 'and', 'braking', 'systems', 'requirements', 'for', 'passenger', 'cars']"
Automotive Vehicles,IS 9438:2018,Automotive Vehicles (Quality Control) Order,Ministry of Road Transport and Highways (MoRTH),2021-04-01,True,"Compulsory BIS certification mark (ISI Mark) mandated under Section 16 of the BIS Act, 2016 for IS 9438:2018.","['automotive', 'vehicles', 'wheel', 'rims', 'dimensions', 'and', 'test', 'methods', 'tyres', 'wheels']"
Automotive Vehicles,IS 14494:1998,Automotive Vehicles (Quality Control) Order,Ministry of Road Transport and Highways (MoRTH),2021-04-01,True,"Compulsory BIS certification mark (ISI Mark) mandated under Section 16 of the BIS Act, 2016 for IS 14494:1998.","['automotive', 'vehicles', 'rear', 'view', 'mirrors', 'specification', 'vehicle', 'safety', 'field', 'view']"
Eye-Protectors,IS 5983:1980,Eye-Protectors (Quality Control) Order,Ministry of Commerce and Industry (DPIIT),2023-01-01,True,"Compulsory BIS certification mark (ISI Mark) mandated under Section 16 of the BIS Act, 2016 for IS 5983:1980.","['eye', 'protectors', 'specification', 'personal', 'protective', 'equipment', 'optical', 'and', 'mechanical', 'impact']"
Safety Rubber Boots,IS 14352:1996,Safety Rubber Boots (Quality Control) Order,Ministry of Commerce and Industry (DPIIT),2023-07-01,True,"Compulsory BIS certification mark (ISI Mark) mandated under Section 16 of the BIS Act, 2016 for IS 14352:1996.","['safety', 'rubber', 'boots', 'specification', 'personal', 'protective', 'equipment', 'moulded', 'waterproof', 'rubber']"
Industrial Safety Gloves,IS 6994 (Part 1):1973,Industrial Safety Gloves (Quality Control) Order,Ministry of Commerce and Industry (DPIIT),2023-01-01,True,"Compulsory BIS certification mark (ISI Mark) mandated under Section 16 of the BIS Act, 2016 for IS 6994 (Part 1):1973.","['industrial', 'safety', 'gloves', 'leather', 'and', 'cotton', 'gloves', 'personal', 'protective', 'equipment']"
Infusion Sets for Single Use,IS 14920:2001,Infusion Sets for Single Use (Quality Control) Order,Ministry of Health and Family Welfare,2023-01-01,True,"Compulsory BIS certification mark (ISI Mark) mandated under Section 16 of the BIS Act, 2016 for IS 14920:2001.","['infusion', 'sets', 'for', 'single', 'use', 'specification', 'surgical', 'consumables', 'requirements', 'for']"
Safety of Toys,IS 9873 (Part 3):2020,Safety of Toys (Quality Control) Order,Ministry of Commerce and Industry - DPIIT,2021-01-01,True,"Compulsory BIS certification mark (ISI Mark) mandated under Section 16 of the BIS Act, 2016 for IS 9873 (Part 3):2020.","['safety', 'toys', 'migration', 'certain', 'elements', 'toxic', 'heavy', 'metals', 'toy', 'safety']"
"Steel Tubes, Tubulars and Other Wrought Steel Fittings",IS 1239 (Part 2):2004,"Steel Tubes, Tubulars and Other Wrought Steel Fittings (Quality Control) Order",Ministry of Jal Shakti / DPIIT,2023-01-01,True,"Compulsory BIS certification mark (ISI Mark) mandated under Section 16 of the BIS Act, 2016 for IS 1239 (Part 2):2004.","['steel', 'tubes', 'tubulars', 'and', 'other', 'wrought', 'steel', 'fittings']"
"Ductile Iron Fittings for Pressure Pipes for Water, Gas and Sewage",IS 9523:2000,"Ductile Iron Fittings for Pressure Pipes for Water, Gas and Sewage (Quality Control) Order",Ministry of Jal Shakti / DPIIT,2023-01-01,True,"Compulsory BIS certification mark (ISI Mark) mandated under Section 16 of the BIS Act, 2016 for IS 9523:2000.","['ductile', 'iron', 'fittings', 'for', 'pressure', 'pipes', 'for', 'water']"
Supersulphated Cement,IS 6909:1990,Supersulphated Cement (Quality Control) Order,Ministry of Housing and Urban Affairs,2023-01-01,True,"Compulsory BIS certification mark (ISI Mark) mandated under Section 16 of the BIS Act, 2016 for IS 6909:1990.","['supersulphated', 'cement', 'specification', 'cement', 'binders']"
Hydrophobic Portland Cement,IS 8043:1991,Hydrophobic Portland Cement (Quality Control) Order,Ministry of Housing and Urban Affairs,2023-01-01,True,"Compulsory BIS certification mark (ISI Mark) mandated under Section 16 of the BIS Act, 2016 for IS 8043:1991.","['hydrophobic', 'portland', 'cement', 'specification', 'cement', 'binders']"
Masonry Cement,IS 3466:1988,Masonry Cement (Quality Control) Order,Ministry of Housing and Urban Affairs,2023-01-01,True,"Compulsory BIS certification mark (ISI Mark) mandated under Section 16 of the BIS Act, 2016 for IS 3466:1988.","['masonry', 'cement', 'specification', 'cement', 'binders']"
Low Heat Portland Cement,IS 12600:1989,Low Heat Portland Cement (Quality Control) Order,Ministry of Housing and Urban Affairs,2023-01-01,True,"Compulsory BIS certification mark (ISI Mark) mandated under Section 16 of the BIS Act, 2016 for IS 12600:1989.","['low', 'heat', 'portland', 'cement', 'specification', 'cement', 'binders']"
Ceramic Tiles,IS 13630 (Part 2):2019,Ceramic Tiles (Quality Control) Order,Ministry of Housing and Urban Affairs,2023-09-01,True,"Compulsory BIS certification mark (ISI Mark) mandated under Section 16 of the BIS Act, 2016 for IS 13630 (Part 2):2019.","['ceramic', 'tiles', 'determination', 'water', 'absorption', 'and', 'bulk', 'density']"
Ceramic Tiles,IS 13630 (Part 6):2019,Ceramic Tiles (Quality Control) Order,Ministry of Housing and Urban Affairs,2023-09-01,True,"Compulsory BIS certification mark (ISI Mark) mandated under Section 16 of the BIS Act, 2016 for IS 13630 (Part 6):2019.","['ceramic', 'tiles', 'determination', 'modulus', 'rupture', 'and', 'breaking', 'strength']"
Timber Paneled and Glazed Shutters,IS 1003 (Part 1):2003,Timber Paneled and Glazed Shutters (Quality Control) Order,Ministry of Housing and Urban Affairs,2024-02-28,True,"Compulsory BIS certification mark (ISI Mark) mandated under Section 16 of the BIS Act, 2016 for IS 1003 (Part 1):2003.","['timber', 'paneled', 'and', 'glazed', 'shutters', 'door', 'shutters', 'doors']"
Timber Paneled and Glazed Shutters,IS 1003 (Part 2):2003,Timber Paneled and Glazed Shutters (Quality Control) Order,Ministry of Housing and Urban Affairs,2024-02-28,True,"Compulsory BIS certification mark (ISI Mark) mandated under Section 16 of the BIS Act, 2016 for IS 1003 (Part 2):2003.","['timber', 'paneled', 'and', 'glazed', 'shutters', 'window', 'and', 'ventilator']"
Particle Boards of Wood and Other Lignocellulosic Materials,IS 3087:2005,Particle Boards of Wood and Other Lignocellulosic Materials (Quality Control) Order,Ministry of Housing and Urban Affairs,2024-02-28,True,"Compulsory BIS certification mark (ISI Mark) mandated under Section 16 of the BIS Act, 2016 for IS 3087:2005.","['particle', 'boards', 'wood', 'and', 'other', 'lignocellulosic', 'materials', 'specification']"
Prelaminated Particle Boards,IS 12823:2015,Prelaminated Particle Boards (Quality Control) Order,Ministry of Housing and Urban Affairs,2024-02-28,True,"Compulsory BIS certification mark (ISI Mark) mandated under Section 16 of the BIS Act, 2016 for IS 12823:2015.","['prelaminated', 'particle', 'boards', 'specification', 'wood', 'timber', 'products']"
Flat Transparent Sheet Glass,IS 2835:1987,Flat Transparent Sheet Glass (Quality Control) Order,Ministry of Housing and Urban Affairs,2023-04-01,True,"Compulsory BIS certification mark (ISI Mark) mandated under Section 16 of the BIS Act, 2016 for IS 2835:1987.","['flat', 'transparent', 'sheet', 'glass', 'specification', 'glass', 'glazing']"
Transparent Float Glass,IS 14900:2000,Transparent Float Glass (Quality Control) Order,Ministry of Housing and Urban Affairs,2023-04-01,True,"Compulsory BIS certification mark (ISI Mark) mandated under Section 16 of the BIS Act, 2016 for IS 14900:2000.","['transparent', 'float', 'glass', 'specification', 'glass', 'glazing']"
General Requirements for Cold-Rolled Carbon Steel Strip for Springs,IS 5435:1987,General Requirements for Cold-Rolled Carbon Steel Strip for Springs (Quality Control) Order,Ministry of Steel,2023-01-01,True,"Compulsory BIS certification mark (ISI Mark) mandated under Section 16 of the BIS Act, 2016 for IS 5435:1987.","['general', 'requirements', 'for', 'cold', 'rolled', 'carbon', 'steel', 'strip']"
"Carbon Steel Billets, Blooms, Slabs and Bars for Forgings",IS 1875:1992,"Carbon Steel Billets, Blooms, Slabs and Bars for Forgings (Quality Control) Order",Ministry of Steel,2023-01-01,True,"Compulsory BIS certification mark (ISI Mark) mandated under Section 16 of the BIS Act, 2016 for IS 1875:1992.","['carbon', 'steel', 'billets', 'blooms', 'slabs', 'and', 'bars', 'for']"
Carbon Steel Forgings for General Engineering Purposes,IS 2004:1991,Carbon Steel Forgings for General Engineering Purposes (Quality Control) Order,Ministry of Steel,2023-01-01,True,"Compulsory BIS certification mark (ISI Mark) mandated under Section 16 of the BIS Act, 2016 for IS 2004:1991.","['carbon', 'steel', 'forgings', 'for', 'general', 'engineering', 'purposes', 'forging']"
Iron Castings with Spheroidal or Nodular Graphite,IS 1865:1991,Iron Castings with Spheroidal or Nodular Graphite (Quality Control) Order,Ministry of Steel,2023-01-01,True,"Compulsory BIS certification mark (ISI Mark) mandated under Section 16 of the BIS Act, 2016 for IS 1865:1991.","['iron', 'castings', 'with', 'spheroidal', 'nodular', 'graphite', 'specification', 'foundry']"
Malleable Iron Castings,IS 14329:1995,Malleable Iron Castings (Quality Control) Order,Ministry of Steel,2023-01-01,True,"Compulsory BIS certification mark (ISI Mark) mandated under Section 16 of the BIS Act, 2016 for IS 14329:1995.","['malleable', 'iron', 'castings', 'specification', 'foundry', 'products']"
Wrought Aluminium and Aluminium Alloy Extruded Round Tube,IS 1285:2002,Wrought Aluminium and Aluminium Alloy Extruded Round Tube (Quality Control) Order,Ministry of Steel,2023-09-01,True,"Compulsory BIS certification mark (ISI Mark) mandated under Section 16 of the BIS Act, 2016 for IS 1285:2002.","['wrought', 'aluminium', 'and', 'aluminium', 'alloy', 'extruded', 'round', 'tube']"
"Free Cutting Lead-Bearing Brass Bars, Rods and Sections",IS 319:2007,"Free Cutting Lead-Bearing Brass Bars, Rods and Sections (Quality Control) Order",Ministry of Steel,2023-09-01,True,"Compulsory BIS certification mark (ISI Mark) mandated under Section 16 of the BIS Act, 2016 for IS 319:2007.","['free', 'cutting', 'lead', 'bearing', 'brass', 'bars', 'rods', 'and']"
Copper,IS 191:2007,Copper (Quality Control) Order,Ministry of Steel,2023-09-01,True,"Compulsory BIS certification mark (ISI Mark) mandated under Section 16 of the BIS Act, 2016 for IS 191:2007.","['copper', 'specification', 'ingots', 'bars', 'cathodes', 'non', 'ferrous', 'metals']"
Heat Resistant PVC Insulated Cables for Working Voltages up to 1100 V,IS 694 (Part 2):2020,Heat Resistant PVC Insulated Cables for Working Voltages up to 1100 V (Quality Control) Order,Ministry of Power / Ministry of Heavy Industries,2023-01-01,True,"Compulsory BIS certification mark (ISI Mark) mandated under Section 16 of the BIS Act, 2016 for IS 694 (Part 2):2020.","['heat', 'resistant', 'pvc', 'insulated', 'cables', 'for', 'working', 'voltages']"
"Low Carbon Galvanized Steel Wires, Formed Wires and Tapes for Armouring of Cables",IS 3975:1999,"Low Carbon Galvanized Steel Wires, Formed Wires and Tapes for Armouring of Cables (Quality Control) Order",Ministry of Power / Ministry of Heavy Industries,2023-01-01,True,"Compulsory BIS certification mark (ISI Mark) mandated under Section 16 of the BIS Act, 2016 for IS 3975:1999.","['low', 'carbon', 'galvanized', 'steel', 'wires', 'formed', 'wires', 'and']"
Conductors for Insulated Electric Cables and Flexible Cords,IS 8130:2013,Conductors for Insulated Electric Cables and Flexible Cords (Quality Control) Order,Ministry of Power / Ministry of Heavy Industries,2023-01-01,True,"Compulsory BIS certification mark (ISI Mark) mandated under Section 16 of the BIS Act, 2016 for IS 8130:2013.","['conductors', 'for', 'insulated', 'electric', 'cables', 'and', 'flexible', 'cords']"
New Insulating Oils,IS 335:2018,New Insulating Oils (Quality Control) Order,Ministry of Power / Ministry of Heavy Industries,2023-01-01,True,"Compulsory BIS certification mark (ISI Mark) mandated under Section 16 of the BIS Act, 2016 for IS 335:2018.","['new', 'insulating', 'oils', 'specification', 'mineral', 'insulating', 'oil', 'for']"
Low Voltage Switchgear and Controlgear,IS 16503:2017,Low Voltage Switchgear and Controlgear (Quality Control) Order,Ministry of Power / Ministry of Heavy Industries,2023-01-01,True,"Compulsory BIS certification mark (ISI Mark) mandated under Section 16 of the BIS Act, 2016 for IS 16503:2017.","['low', 'voltage', 'switchgear', 'and', 'controlgear', 'contactors', 'and', 'motor']"
Lamp Controlgear,IS 15885 (Part 1):2011,Lamp Controlgear (Quality Control) Order,Ministry of Power / Ministry of Heavy Industries,2023-01-01,True,"Compulsory BIS certification mark (ISI Mark) mandated under Section 16 of the BIS Act, 2016 for IS 15885 (Part 1):2011.","['lamp', 'controlgear', 'general', 'and', 'safety', 'requirements', 'lighting']"
Lamp Controlgear,IS 15885 (Part 2/Sec 13):2012,Lamp Controlgear (Quality Control) Order,Ministry of Power / Ministry of Heavy Industries,2023-01-01,True,"Compulsory BIS certification mark (ISI Mark) mandated under Section 16 of the BIS Act, 2016 for IS 15885 (Part 2/Sec 13):2012.","['lamp', 'controlgear', 'particular', 'requirements', 'for', 'supplied', 'electronic', 'controlgear']"
Self-Ballasted LED Lamps for General Lighting Services,IS 16102 (Part 2):2012,Self-Ballasted LED Lamps for General Lighting Services (Quality Control) Order,Ministry of Power / Ministry of Heavy Industries,2023-01-01,True,"Compulsory BIS certification mark (ISI Mark) mandated under Section 16 of the BIS Act, 2016 for IS 16102 (Part 2):2012.","['self', 'ballasted', 'led', 'lamps', 'for', 'general', 'lighting', 'services']"
LED Modules for General Lighting,IS 16103 (Part 2):2012,LED Modules for General Lighting (Quality Control) Order,Ministry of Power / Ministry of Heavy Industries,2023-01-01,True,"Compulsory BIS certification mark (ISI Mark) mandated under Section 16 of the BIS Act, 2016 for IS 16103 (Part 2):2012.","['led', 'modules', 'for', 'general', 'lighting', 'performance', 'requirements', 'lighting']"
Photobiological Safety of Lamps and Lamp Systems (Blue Light Hazard),IS 16108:2012,Photobiological Safety of Lamps and Lamp Systems (Blue Light Hazard) (Quality Control) Order,Ministry of Power / Ministry of Heavy Industries,2023-01-01,True,"Compulsory BIS certification mark (ISI Mark) mandated under Section 16 of the BIS Act, 2016 for IS 16108:2012.","['photobiological', 'safety', 'lamps', 'and', 'lamp', 'systems', 'blue', 'light']"
Miniature Fuses,IS 16504:2017,Miniature Fuses (Quality Control) Order,Ministry of Power / Ministry of Heavy Industries,2023-01-01,True,"Compulsory BIS certification mark (ISI Mark) mandated under Section 16 of the BIS Act, 2016 for IS 16504:2017.","['miniature', 'fuses', 'cartridge', 'fuse', 'links', 'circuit', 'protection']"
Digital Cellular Telecommunications System,IS 14144:1994,Digital Cellular Telecommunications System (Quality Control) Order,Ministry of Electronics and Information Technology (MeitY),2023-01-01,True,"Compulsory BIS certification mark (ISI Mark) mandated under Section 16 of the BIS Act, 2016 for IS 14144:1994.","['digital', 'cellular', 'telecommunications', 'system', 'mobile', 'station', 'equipment', 'telecommunications']"
Telecom Power Supplies,IS 15144:2002,Telecom Power Supplies (Quality Control) Order,Ministry of Electronics and Information Technology (MeitY),2023-01-01,True,"Compulsory BIS certification mark (ISI Mark) mandated under Section 16 of the BIS Act, 2016 for IS 15144:2002.","['telecom', 'power', 'supplies', 'switch', 'mode', 'power', 'supply', 'smps']"
Agrotextiles,IS 16391:2015,Agrotextiles (Quality Control) Order,Ministry of Textiles,2023-04-01,True,"Compulsory BIS certification mark (ISI Mark) mandated under Section 16 of the BIS Act, 2016 for IS 16391:2015.","['agrotextiles', 'shade', 'nets', 'for', 'agriculture', 'and', 'horticulture', 'specification']"
Textiles,IS 16186:2014,Textiles (Quality Control) Order,Ministry of Textiles,2023-01-01,True,"Compulsory BIS certification mark (ISI Mark) mandated under Section 16 of the BIS Act, 2016 for IS 16186:2014.","['textiles', 'high', 'density', 'polyethylene', 'hdpe', 'polypropylene', 'woven', 'sacks']"
"Polyethylene for its Safe Use in Contact with Foodstuffs, Pharmaceuticals and Drinking Water",IS 10146:1982,"Polyethylene for its Safe Use in Contact with Foodstuffs, Pharmaceuticals and Drinking Water (Quality Control) Order",Ministry of Commerce and Industry (DPIIT),2023-01-01,True,"Compulsory BIS certification mark (ISI Mark) mandated under Section 16 of the BIS Act, 2016 for IS 10146:1982.","['polyethylene', 'for', 'its', 'safe', 'use', 'contact', 'with', 'foodstuffs']"
Printing Ink for Food Packaging,IS 15495:2020,Printing Ink for Food Packaging (Quality Control) Order,Ministry of Commerce and Industry (DPIIT),2023-01-01,True,"Compulsory BIS certification mark (ISI Mark) mandated under Section 16 of the BIS Act, 2016 for IS 15495:2020.","['printing', 'ink', 'for', 'food', 'packaging', 'code', 'practice', 'food']"
Petroleum Hydrocarbon Solvents,IS 1745:1978,Petroleum Hydrocarbon Solvents (Quality Control) Order,Ministry of Commerce and Industry - DPIIT,2023-01-01,True,"Compulsory BIS certification mark (ISI Mark) mandated under Section 16 of the BIS Act, 2016 for IS 1745:1978.","['petroleum', 'hydrocarbon', 'solvents', 'specification', 'industrial', 'solvents']"
"Caustic Soda, Pure and Technical",IS 1011:2002,"Caustic Soda, Pure and Technical (Quality Control) Order",Ministry of Chemicals and Petrofertilizers,2023-01-01,True,"Compulsory BIS certification mark (ISI Mark) mandated under Section 16 of the BIS Act, 2016 for IS 1011:2002.","['caustic', 'soda', 'pure', 'and', 'technical', 'specification', 'industrial', 'alkalis']"
Di-Ammonium Phosphate (DAP),IS 276:2000,Di-Ammonium Phosphate (DAP) (Quality Control) Order,Ministry of Chemicals and Petrofertilizers,2023-01-01,True,"Compulsory BIS certification mark (ISI Mark) mandated under Section 16 of the BIS Act, 2016 for IS 276:2000.","['ammonium', 'phosphate', 'dap', 'specification', 'fertilizers']"
Single Superphosphate (SSP),IS 5145:1969,Single Superphosphate (SSP) (Quality Control) Order,Ministry of Chemicals and Petrofertilizers,2023-01-01,True,"Compulsory BIS certification mark (ISI Mark) mandated under Section 16 of the BIS Act, 2016 for IS 5145:1969.","['single', 'superphosphate', 'ssp', 'specification', 'fertilizers']"
Agricultural Tractors,IS 4931:1995,Agricultural Tractors (Quality Control) Order,Ministry of Heavy Industries,2023-01-01,True,"Compulsory BIS certification mark (ISI Mark) mandated under Section 16 of the BIS Act, 2016 for IS 4931:1995.","['agricultural', 'tractors', 'rear', 'mounted', 'power', 'take', 'off', 'pto']"
"Regenerative Pumps for Clear, Cold Water",IS 8472:1998,"Regenerative Pumps for Clear, Cold Water (Quality Control) Order",Ministry of Heavy Industries,2023-01-01,True,"Compulsory BIS certification mark (ISI Mark) mandated under Section 16 of the BIS Act, 2016 for IS 8472:1998.","['regenerative', 'pumps', 'for', 'clear', 'cold', 'water', 'specification', 'pumps']"
Centrifugal Electric Water Heaters / Instant Geysers,IS 8978:1992,Centrifugal Electric Water Heaters / Instant Geysers (Quality Control) Order,Ministry of Heavy Industries,2023-01-01,True,"Compulsory BIS certification mark (ISI Mark) mandated under Section 16 of the BIS Act, 2016 for IS 8978:1992.","['centrifugal', 'electric', 'water', 'heaters', 'instant', 'geysers', 'specification', 'domestic']"
Electric Dry Irons,IS 366:1991,Electric Dry Irons (Quality Control) Order,Ministry of Heavy Industries,2023-01-01,True,"Compulsory BIS certification mark (ISI Mark) mandated under Section 16 of the BIS Act, 2016 for IS 366:1991.","['electric', 'dry', 'irons', 'specification', 'domestic', 'appliances']"
Specification for Performance of Small Capacity Diesel Engines for Agricultural Purposes,IS 7347:1974,Specification for Performance of Small Capacity Diesel Engines for Agricultural Purposes (Quality Control) Order,Ministry of Heavy Industries,2023-01-01,True,"Compulsory BIS certification mark (ISI Mark) mandated under Section 16 of the BIS Act, 2016 for IS 7347:1974.","['specification', 'for', 'performance', 'small', 'capacity', 'diesel', 'engines', 'for']"
Safety Glass for Road Vehicles,IS 15140:2003,Safety Glass for Road Vehicles (Quality Control) Order,Ministry of Road Transport and Highways (MoRTH),2021-04-01,True,"Compulsory BIS certification mark (ISI Mark) mandated under Section 16 of the BIS Act, 2016 for IS 15140:2003.","['safety', 'glass', 'for', 'road', 'vehicles', 'methods', 'testing', 'automotive']"
Clinical Thermometers,IS 3055:1994,Clinical Thermometers (Quality Control) Order,Ministry of Health and Family Welfare,2023-01-01,True,"Compulsory BIS certification mark (ISI Mark) mandated under Section 16 of the BIS Act, 2016 for IS 3055:1994.","['clinical', 'thermometers', 'solid', 'stem', 'type', 'diagnostic', 'devices']"
Sterile Hypodermic Syringes for Single Use,IS 13422:2020,Sterile Hypodermic Syringes for Single Use (Quality Control) Order,Ministry of Health and Family Welfare,2023-01-01,True,"Compulsory BIS certification mark (ISI Mark) mandated under Section 16 of the BIS Act, 2016 for IS 13422:2020.","['sterile', 'hypodermic', 'syringes', 'for', 'single', 'use', 'specification', 'surgical']"
"Rubber Sealing Rings for Gas Mains, Water Mains and Sewers",IS 5382:2018,"Rubber Sealing Rings for Gas Mains, Water Mains and Sewers (Quality Control) Order",Ministry of Jal Shakti / DPIIT,2023-01-01,True,"Compulsory BIS certification mark (ISI Mark) mandated under Section 16 of the BIS Act, 2016 for IS 5382:2018.","['rubber', 'sealing', 'rings', 'for', 'gas', 'mains', 'water', 'mains']"
"Selection, Installation and Maintenance of Automatic Fire Detection and Alarm System",IS 2189:2014,"Selection, Installation and Maintenance of Automatic Fire Detection and Alarm System (Quality Control) Order",Ministry of Home Affairs / DPIIT,2023-01-01,True,"Compulsory BIS certification mark (ISI Mark) mandated under Section 16 of the BIS Act, 2016 for IS 2189:2014.","['selection', 'installation', 'and', 'maintenance', 'automatic', 'fire', 'detection', 'and']"
Refillable Seamless Steel Gas Cylinders,IS 7285 (Part 1):2018,Refillable Seamless Steel Gas Cylinders (Quality Control) Order,Ministry of Steel,2023-01-01,True,"Compulsory BIS certification mark (ISI Mark) mandated under Section 16 of the BIS Act, 2016 for IS 7285 (Part 1):2018.","['gas cylinder', 'seamless cylinder', 'cng cylinder', 'oxygen cylinder', 'steel cylinder', 'peso approved']"
