is_number,title,title_hindi,category,sub_category,scope,keywords,specifications,normative_references,is_qco_mandatory,qco_enforcement_date,version,last_amended,amendment_history,source_excerpt,international_equivalent,search_weight_boost,provenance,department,sector,description,revision_year,status,source,qco_required,related_standards
IS 456:2000,Plain and Reinforced Concrete - Code of Practice,सादा और प्रबलित कंक्रीट,Construction,Concrete,"This standard covers the general requirements for the design and construction of plain and reinforced concrete structures used in building and civil engineering works. It specifies material requirements, mix design procedures, cover to reinforcement, and durability requirements for structures exposed to various environmental conditions. It also covers methods for structural design including working stress and limit state methods. This code of practice is intended for designers, contractors, and site engineers engaged in concrete construction.","['plain concrete', 'reinforced concrete', 'RCC', 'concrete mix', 'M20', 'M25', 'M30', 'structural concrete', 'concrete code of practice', 'concrete design', 'concrete construction', 'foundation concrete']","{'min_compressive_strength_mpa': '20', 'max_water_cement_ratio': '0.55', 'min_cement_content_kgm3': '300', 'nominal_cover_mm': '40', 'grade_designation': 'M20'}","['IS 269:2015', 'IS 10262:2019', 'IS 516:2014', 'IS 383:2016']",False,,2000,2021-03-15,"[{'amendment_number': 'Amendment 1', 'date': '2002-01-01', 'description': 'Revision of exposure conditions table'}, {'amendment_number': 'Amendment 2', 'date': '2005-01-01', 'description': 'High strength concrete provisions added'}, {'amendment_number': 'Amendment 3', 'date': '2007-01-01', 'description': 'Corrosion protection clauses updated'}, {'amendment_number': 'Amendment 4', 'date': '2021-01-01', 'description': 'Clarification of durability clauses'}]","""This standard covers the general requirements for the design and construction of plain and reinforced concrete structures.""",ISO 7402:2015,1.0,BIS Official Standard Publication (Backend Primary),Civil Engineering,Construction & Infrastructure,"This standard covers the general requirements for the design and construction of plain and reinforced concrete structures used in building and civil engineering works. It specifies material requirements, mix design procedures, cover to reinforcement, and durability requirements for structures exposed to various environmental conditions. It also covers methods for structural design including working stress and limit state methods. This code of practice is intended for designers, contractors, and site engineers engaged in concrete construction.",2000,Active,Bureau of Indian Standards,False,"['IS 269:2015', 'IS 10262:2019', 'IS 516:2014', 'IS 383:2016']"
IS 269:2015,"Ordinary Portland Cement - Specification (OPC 33, 43, 53 Grade)",साधारण पोर्टलैंड सीमेंट,Construction,Cement and Binders,"This standard specifies the requirements for ordinary Portland cement (OPC) of 33, 43, and 53 grade. It covers chemical composition requirements, physical requirements including fineness, setting time, and compressive strength, and specifies the sampling and testing procedures. This specification is applicable to cement intended for general construction including concrete, mortar, and plastering applications. The standard also covers packing and marking requirements.","['OPC cement', 'ordinary portland cement', 'portland cement', '53 grade cement', '43 grade cement', 'cement specification', 'construction cement', 'binding material', 'compressive strength cement', 'setting time cement', 'clinker cement', 'concrete cement']","{'grade': '53', 'min_compressive_strength_mpa': '53', 'initial_setting_time_min': '30', 'final_setting_time_max_min': '600', 'fineness_percent': '9', 'soundness_mm': '10'}","['IS 456:2000', 'IS 4031:2014']",True,2023-01-01,2015,2020-08-01,"[{'amendment_number': 'Amendment 1', 'date': '2017-01-01', 'description': 'Clinker content requirement added'}, {'amendment_number': 'Amendment 2', 'date': '2020-01-01', 'description': 'Sulphate limit revision'}]","""This standard specifies the requirements for ordinary Portland cement of 33, 43 and 53 grades, including chemical and physical requirements.""",ISO 2834:2015,1.2,BIS Official Standard Publication (Backend Primary),Civil Engineering,Construction & Infrastructure,"This standard specifies the requirements for ordinary Portland cement (OPC) of 33, 43, and 53 grade. It covers chemical composition requirements, physical requirements including fineness, setting time, and compressive strength, and specifies the sampling and testing procedures. This specification is applicable to cement intended for general construction including concrete, mortar, and plastering applications. The standard also covers packing and marking requirements.",2015,Active,Bureau of Indian Standards,True,"['IS 456:2000', 'IS 4031:2014']"
IS 10262:2019,Concrete Mix Proportioning - Guidelines,कंक्रीट मिक्स अनुपात — दिशानिर्देश,Construction,Concrete,"This standard provides guidelines for the selection of mix proportions for concrete to achieve the specified strength and durability. It covers procedures for both nominal mix and design mix concrete, with emphasis on fly ash and ground granulated blast furnace slag incorporation. The standard provides step-by-step procedures for determining water-cement ratio, aggregate proportions, and admixture dosage. It is intended to be used in conjunction with IS 456 for structural concrete.","['concrete mix design', 'mix proportioning', 'M20 concrete', 'M25 concrete', 'M30 concrete', 'concrete grade', 'water cement ratio', 'workability concrete', 'concrete proportion', 'design mix', 'nominal mix', 'concrete strength']","{'max_water_cement_ratio': '0.45', 'min_cement_content_kgm3': '350', 'target_strength_mpa': '26.6'}","['IS 456:2000', 'IS 383:2016']",False,,2019,2021-01-01,"[{'amendment_number': 'Amendment 1', 'date': '2021-01-01', 'description': 'Recycled aggregates provisions updated'}]","""This standard covers the guidelines for proportioning concrete mixes for a given strength and durability.""",ACI 211.1,1.3,BIS Official Standard Publication (Backend Primary),Civil Engineering,Construction & Infrastructure,"This standard provides guidelines for the selection of mix proportions for concrete to achieve the specified strength and durability. It covers procedures for both nominal mix and design mix concrete, with emphasis on fly ash and ground granulated blast furnace slag incorporation. The standard provides step-by-step procedures for determining water-cement ratio, aggregate proportions, and admixture dosage. It is intended to be used in conjunction with IS 456 for structural concrete.",2019,Active,Bureau of Indian Standards,False,"['IS 456:2000', 'IS 383:2016']"
IS 383:2016,Coarse and Fine Aggregate for Concrete - Specification,,Construction,Concrete,"This standard specifies the requirements for coarse and fine aggregates for use in plain and reinforced concrete. It covers natural aggregates, crushed aggregates, and blended aggregates, specifying grading requirements, limits on deleterious materials, and physical requirements. The standard defines the various zones of grading for fine aggregate and nominal sizes for coarse aggregate. It also includes methods for sampling and testing of aggregates.","['and', 'specification', 'quality', 'bis', 'coarse', 'concrete', 'india', 'for', 'aggregate', 'testing']","{'max_size_mm': '20', 'water_absorption_percent': '2', 'specific_gravity': '2.6'}","['IS 456:2000', 'IS 2386:2016']",False,,2016,2019-06-01,"[{'amendment_number': 'Amendment 1', 'date': '2019-01-01', 'description': 'Recycled aggregate clause added'}]","""This standard specifies the requirements for aggregates, both coarse and fine, for use in concrete.""",ISO 8615:2015,1.0,BIS Official Standard Publication (Backend Primary),Civil Engineering,Construction & Infrastructure,"This standard specifies the requirements for coarse and fine aggregates for use in plain and reinforced concrete. It covers natural aggregates, crushed aggregates, and blended aggregates, specifying grading requirements, limits on deleterious materials, and physical requirements. The standard defines the various zones of grading for fine aggregate and nominal sizes for coarse aggregate. It also includes methods for sampling and testing of aggregates.",2016,Active,Bureau of Indian Standards,False,"['IS 456:2000', 'IS 2386:2016']"
IS 2386:2016,Methods of Test for Aggregates for Concrete,,Construction,Concrete,"This standard specifies the methods of testing aggregates for concrete. It covers test methods for particle size distribution (grading), specific gravity, water absorption, and bulk density. The standard also covers tests for the mechanical properties of aggregates including aggregate crushing value and impact value. It provides standard laboratory procedures for evaluating the quality of aggregates for use in concrete.","['methods', 'test', 'for', 'aggregates', 'concrete']","{'test_methods': 'Grading, specific gravity, crushing value', 'max_aggregate_size_mm': '40'}",['IS 383:2016'],False,,2016,2019-01-01,"[{'amendment_number': 'Amendment 1', 'date': '2019-01-01', 'description': 'Recycled aggregate test methods added'}]","""Specifies the methods of test for aggregates for concrete, including grading and mechanical properties.""",ISO Equivalent,1.0,BIS Official Standard Publication (Backend Primary),Civil Engineering,Construction & Infrastructure,"This standard specifies the methods of testing aggregates for concrete. It covers test methods for particle size distribution (grading), specific gravity, water absorption, and bulk density. The standard also covers tests for the mechanical properties of aggregates including aggregate crushing value and impact value. It provides standard laboratory procedures for evaluating the quality of aggregates for use in concrete.",2016,Active,Bureau of Indian Standards,False,['IS 383:2016']
IS 516:2014,Hardened Concrete - Methods of Test,,Construction,Concrete,"This standard specifies methods of testing hardened concrete for compressive strength, flexural strength, split tensile strength, and modulus of elasticity. It covers preparation of test specimens, curing, and testing procedures. This standard is intended for the quality control of concrete in construction projects. It supersedes earlier editions and aligns with international testing practice.","['hardened', 'concrete', 'methods', 'test']","{'sample_size_cm': '15', 'curing_days': '28'}","['IS 456:2000', 'IS 10262:2019']",False,,2014,2018-03-01,"[{'amendment_number': 'Amendment 1', 'date': '2018-01-01', 'description': 'Non-destructive testing section expanded'}]","""This standard specifies the methods of testing hardened concrete for compressive and flexural strength.""",ISO Equivalent,1.0,BIS Official Standard Publication (Backend Primary),Civil Engineering,Construction & Infrastructure,"This standard specifies methods of testing hardened concrete for compressive strength, flexural strength, split tensile strength, and modulus of elasticity. It covers preparation of test specimens, curing, and testing procedures. This standard is intended for the quality control of concrete in construction projects. It supersedes earlier editions and aligns with international testing practice.",2014,Active,Bureau of Indian Standards,False,"['IS 456:2000', 'IS 10262:2019']"
IS 1786:2008,High Strength Deformed Steel Bars and Wires for Concrete Reinforcement - Specification,उच्च शक्ति वाले विकृत स्टील बार,Construction,Steel Reinforcement,"This standard specifies the requirements for high strength deformed steel bars and wires used as reinforcement in concrete. It covers grades Fe 415, Fe 500, and Fe 550, specifying tensile strength, yield stress, elongation, and bend test requirements. The standard specifies rib geometry requirements for bond, and limits on chemical composition. It covers bars in sizes from 6mm to 50mm nominal diameter and specifies marking and packing requirements.","['deformed', 'specification', 'quality', 'bis', 'india', 'testing', 'high', 'bars', 'certification', 'requirements']","{'grade': 'Fe 500', 'yield_strength_mpa': '500', 'elongation_percent': '12', 'diameter_mm': '12'}",['IS 456:2000'],True,2023-06-01,2008,2019-01-01,"[{'amendment_number': 'Amendment 1', 'date': '2011-01-01', 'description': 'Fe 550 grade incorporated'}, {'amendment_number': 'Amendment 2', 'date': '2019-01-01', 'description': 'Chemical composition limits revised'}]","""This standard specifies the requirements for high strength deformed steel bars and wires for concrete reinforcement.""",ISO 9864:2015,1.0,BIS Official Standard Publication (Backend Primary),Civil Engineering,Construction & Infrastructure,"This standard specifies the requirements for high strength deformed steel bars and wires used as reinforcement in concrete. It covers grades Fe 415, Fe 500, and Fe 550, specifying tensile strength, yield stress, elongation, and bend test requirements. The standard specifies rib geometry requirements for bond, and limits on chemical composition. It covers bars in sizes from 6mm to 50mm nominal diameter and specifies marking and packing requirements.",2008,Active,Bureau of Indian Standards,True,['IS 456:2000']
IS 800:2007,General Construction in Steel - Code of Practice,,Construction,Steel Structures,"This standard covers the general design and construction requirements for structural steel work in buildings and other structures. It specifies design methods including limit state design, member and connection design, fabrication, erection, and protection against corrosion. The standard covers rolled steel sections, plates, and built-up members. It is intended for designers and fabricators of steel structures.","['specification', 'quality', 'bis', 'india', 'testing', 'general', 'certification', 'requirements', 'compliance', 'standard']","{'grade': 'Fe 410', 'yield_strength_mpa': '250'}","['IS 2062:2011', 'IS 875(Part 1):1987']",False,,2007,2019-09-01,"[{'amendment_number': 'Amendment 1', 'date': '2019-01-01', 'description': 'Hollow section design examples added'}]","""This standard provides the general requirements for the design and construction of structural steel work.""",ISO 4146:2015,1.0,BIS Official Standard Publication (Backend Primary),Metallurgical Engineering,Metals & Mining,"This standard covers the general design and construction requirements for structural steel work in buildings and other structures. It specifies design methods including limit state design, member and connection design, fabrication, erection, and protection against corrosion. The standard covers rolled steel sections, plates, and built-up members. It is intended for designers and fabricators of steel structures.",2007,Active,Bureau of Indian Standards,False,"['IS 2062:2011', 'IS 875(Part 1):1987']"
IS 2062:2011,Hot Rolled Medium and High Tensile Structural Steel - Specification,हॉट रोल्ड संरचनात्मक स्टील,Construction,Steel Structures,"This standard specifies the requirements for hot rolled medium and high tensile structural steel used in general engineering and structural purposes. It covers grades E250, E275, E350, and E410, specifying mechanical properties, chemical composition, and tolerances. The standard specifies the requirements for plates, strips, bars, and sections. It includes requirements for welding quality and surface finish.","['structural steel', 'hot rolled steel', 'mild steel structural', 'steel section', 'steel plate', 'steel angle', 'steel beam', 'steel column', 'TMT structural', 'E250 steel', 'E350 steel', 'construction steel']","{'grade': 'E250', 'yield_strength_mpa': '250', 'tensile_strength_mpa': '410'}",['IS 800:2007'],True,2023-01-01,2011,2018-01-01,"[{'amendment_number': 'Amendment 1', 'date': '2018-01-01', 'description': 'Tolerances updated'}]","""This standard specifies the requirements for hot rolled medium and high tensile structural steel.""",EN 10025-2:2004,1.2,BIS Official Standard Publication (Backend Primary),Civil Engineering,Construction & Infrastructure,"This standard specifies the requirements for hot rolled medium and high tensile structural steel used in general engineering and structural purposes. It covers grades E250, E275, E350, and E410, specifying mechanical properties, chemical composition, and tolerances. The standard specifies the requirements for plates, strips, bars, and sections. It includes requirements for welding quality and surface finish.",2011,Active,Bureau of Indian Standards,True,['IS 800:2007']
IS 875(Part 1):1987,Code of Practice for Design Loads (Other Than Earthquake) for Buildings and Structures - Dead Loads,,Construction,Structural Design,"This standard specifies the unit weights of materials and components used to calculate dead loads in the design of buildings and structures. It provides the weights of building materials, partitions, finishes, and permanent fixtures. The standard is intended for use in structural design calculations for permanent static loads. It forms part of the multi-part IS 875 code covering different load types.","['code', 'practice', 'for', 'design', 'loads', 'other', 'than', 'earthquake']","{'unit_weight_concrete_knm3': '25', 'unit_weight_steel_knm3': '78.5'}","['IS 800:2007', 'IS 456:2000']",False,,1987,2003-01-01,"[{'amendment_number': 'Amendment 1', 'date': '2003-01-01', 'description': 'Material weights updated'}]","""This standard provides the unit weights of materials for computing dead loads in structural design.""",ISO Equivalent,1.0,BIS Official Standard Publication (Backend Primary),Civil Engineering,Construction & Infrastructure,"This standard specifies the unit weights of materials and components used to calculate dead loads in the design of buildings and structures. It provides the weights of building materials, partitions, finishes, and permanent fixtures. The standard is intended for use in structural design calculations for permanent static loads. It forms part of the multi-part IS 875 code covering different load types.",1987,Active,Bureau of Indian Standards,False,"['IS 800:2007', 'IS 456:2000']"
IS 1905:1987,Structural Use of Unreinforced Masonry - Code of Practice,,Construction,Masonry,"This standard specifies the design and construction requirements for unreinforced masonry walls and columns made of bricks, blocks, and stones. It covers the assessment of compressive strength of masonry, design of walls for axial and lateral loads, and requirements for openings and ties. The standard specifies material requirements and workmanship for satisfactory masonry construction.","['structural', 'use', 'unreinforced', 'masonry', 'code', 'practice']","{'mortar_grade': 'M1', 'minimum_wall_thickness_mm': '200'}",['IS 1077:1992'],False,,1987,2004-01-01,"[{'amendment_number': 'Amendment 1', 'date': '2004-01-01', 'description': 'Reinforced masonry section revised'}]","""This standard deals with the structural use of unreinforced masonry walls and columns.""",ISO Equivalent,1.0,BIS Official Standard Publication (Backend Primary),Civil Engineering,Construction & Infrastructure,"This standard specifies the design and construction requirements for unreinforced masonry walls and columns made of bricks, blocks, and stones. It covers the assessment of compressive strength of masonry, design of walls for axial and lateral loads, and requirements for openings and ties. The standard specifies material requirements and workmanship for satisfactory masonry construction.",1987,Active,Bureau of Indian Standards,False,['IS 1077:1992']
IS 1077:1992,Common Burnt Clay Building Bricks - Specification,सामान्य जली हुई मिट्टी की ईंटें,Construction,Masonry,"This standard specifies the requirements for common burnt clay building bricks used in masonry construction. It covers classification of bricks into classes based on compressive strength, requirements for dimensions, water absorption, and efflorescence. The standard specifies typical compressive strength classes from 3.5 MPa to 35 MPa. It covers sampling, testing, and marking requirements.","['bricks', 'specification', 'quality', 'bis', 'burnt', 'common', 'india', 'testing', 'building', 'certification']","{'compressive_strength_mpa': '3.5', 'water_absorption_percent': '20', 'size_mm': '230'}",['IS 1905:1987'],False,,1992,2008-01-01,"[{'amendment_number': 'Amendment 1', 'date': '2008-01-01', 'description': 'Tolerance and finish clauses updated'}]","""This standard specifies the requirements for common burnt clay building bricks.""",ISO 1970:2015,1.0,BIS Official Standard Publication (Backend Primary),Civil Engineering,Construction & Infrastructure,"This standard specifies the requirements for common burnt clay building bricks used in masonry construction. It covers classification of bricks into classes based on compressive strength, requirements for dimensions, water absorption, and efflorescence. The standard specifies typical compressive strength classes from 3.5 MPa to 35 MPa. It covers sampling, testing, and marking requirements.",1992,Active,Bureau of Indian Standards,False,['IS 1905:1987']
IS 3495:1992,Methods of Tests of Burnt Clay Building Bricks,,Construction,Masonry,"This standard specifies the methods of physical tests for burnt clay building bricks. It covers test methods for compressive strength, water absorption, efflorescence, and dimensions. This standard is used in conjunction with IS 1077 for quality assurance of bricks. The procedures described enable consistent evaluation of brick quality for construction purposes.","['methods', 'tests', 'burnt', 'clay', 'building', 'bricks', 'masonry']","{'test_standard': 'Compressive strength, water absorption, efflorescence'}",['IS 1077:1992'],False,,1992,2004-01-01,"[{'amendment_number': 'Amendment 1', 'date': '2004-01-01', 'description': 'Test procedures clarified'}]","""This standard prescribes the methods of tests of burnt clay building bricks.""",ISO Equivalent,1.0,BIS Official Standard Publication (Backend Primary),Civil Engineering,Construction & Infrastructure,"This standard specifies the methods of physical tests for burnt clay building bricks. It covers test methods for compressive strength, water absorption, efflorescence, and dimensions. This standard is used in conjunction with IS 1077 for quality assurance of bricks. The procedures described enable consistent evaluation of brick quality for construction purposes.",1992,Active,Bureau of Indian Standards,False,['IS 1077:1992']
IS 650:1991,Standard Sand for Testing Cement - Specification,,Construction,Cement and Binders,"This standard specifies the requirements for the standard sand used for testing the strength of cement. The sand is used in the preparation of mortar cubes for compressive strength determination. This standard specifies the grading, purity, and silica content of standard sand. It forms an integral part of cement testing as per IS 4031.","['standard', 'sand', 'for', 'testing', 'cement', 'specification', 'and', 'binders']","{'sand_grade': 'Standard sand', 'silica_content_percent': '98'}","['IS 4031:2014', 'IS 269:2015']",False,,1991,2000-01-01,"[{'amendment_number': 'Amendment 1', 'date': '2000-01-01', 'description': 'Grading revised'}]","""Specifies the requirements for standard sand used in testing the strength of cement.""",ISO Equivalent,1.0,BIS Official Standard Publication (Backend Primary),Civil Engineering,Construction & Infrastructure,"This standard specifies the requirements for the standard sand used for testing the strength of cement. The sand is used in the preparation of mortar cubes for compressive strength determination. This standard specifies the grading, purity, and silica content of standard sand. It forms an integral part of cement testing as per IS 4031.",1991,Active,Bureau of Indian Standards,False,"['IS 4031:2014', 'IS 269:2015']"
IS 4031:2014,Methods of Physical Tests for Hydraulic Cement,,Construction,Cement and Binders,"This standard specifies the methods for physical testing of hydraulic cement, including fineness by sieving and air permeability, setting time by Vicat apparatus, and compressive strength. It defines the procedures for determining the soundness and consistency of cement. The standard is used for quality control verification of cement manufactured or used in India.","['methods', 'physical', 'tests', 'for', 'hydraulic', 'cement', 'and', 'binders']","{'test_methods': 'Fineness, setting time, soundness, compressive strength'}","['IS 650:1991', 'IS 269:2015']",False,,2014,2018-01-01,"[{'amendment_number': 'Amendment 1', 'date': '2018-01-01', 'description': 'Vicat apparatus requirement clarified'}]","""Methods of physical tests for hydraulic cement, including fineness, setting time and compressive strength.""",ISO Equivalent,1.0,BIS Official Standard Publication (Backend Primary),Civil Engineering,Construction & Infrastructure,"This standard specifies the methods for physical testing of hydraulic cement, including fineness by sieving and air permeability, setting time by Vicat apparatus, and compressive strength. It defines the procedures for determining the soundness and consistency of cement. The standard is used for quality control verification of cement manufactured or used in India.",2014,Active,Bureau of Indian Standards,False,"['IS 650:1991', 'IS 269:2015']"
IS 16102(Part 1):2012,Self-Ballasted LED Lamps for General Lighting Services - Safety Requirements,स्व-गिट्टी वाले एलईडी लैंप,Electrical,Lighting,"This standard specifies the safety requirements for single-capped self-ballasted LED lamps with rated wattage up to 60W, intended for general lighting services on AC supplies up to 250V. It covers requirements for protection against electric shock, temperature, and mechanical strength. The standard specifies testing requirements for thermal protection and marking. It aligns with corresponding IEC standards.","['LED', 'bulb', 'lamp', 'self-ballasted', 'household', 'lighting', 'energy efficient', 'lumen', 'CFL replacement', 'indoor lighting', 'E27', 'B22']","{'max_wattage_w': '60', 'max_voltage_v': '250', 'ip_rating': 'IP20'}","['IS 10322(Part 5/Sec 4):2018', 'IS 15885(Part 2/Sec 13):2017', 'IS 13021:1991']",True,2021-12-01,2012,2021-06-01,"[{'amendment_number': 'Amendment 1', 'date': '2017-01-01', 'description': 'Marking requirements updated'}, {'amendment_number': 'Amendment 2', 'date': '2021-01-01', 'description': 'Thermal protection clause revised'}]","""This standard specifies the safety requirements for self-ballasted LED lamps with rated wattage up to 60 W.""",ISO 8869:2015,1.0,BIS Official Standard Publication (Backend Primary),Electrotechnical,Power & Energy,"This standard specifies the safety requirements for single-capped self-ballasted LED lamps with rated wattage up to 60W, intended for general lighting services on AC supplies up to 250V. It covers requirements for protection against electric shock, temperature, and mechanical strength. The standard specifies testing requirements for thermal protection and marking. It aligns with corresponding IEC standards.",2012,Active,Bureau of Indian Standards,True,"['IS 10322(Part 5/Sec 4):2018', 'IS 15885(Part 2/Sec 13):2017', 'IS 13021:1991']"
IS 10322(Part 5/Sec 4):2018,Luminaires - Particular Requirements - Road and Street Lighting Luminaires,सड़क और स्ट्रीट लाइटिंग ल्यूमिनेयर,Electrical,Lighting,"This standard covers the safety and performance requirements for luminaires intended for road, street, and outdoor lighting applications, including LED-based systems. It specifies requirements for protection against electric shock, dust and moisture ingress (IP rating), and mechanical robustness. The standard applies to luminaires rated for installation in outdoor and road applications. It specifies the IP rating and IK impact rating requirements.","['LED', 'street light', 'road lighting', 'luminaire', 'outdoor', 'IP65', 'wattage', 'photometric', 'street lamp', 'road light', 'pole mounted', 'highway lighting']","{'max_wattage_w': '250', 'ip_rating': 'IP65', 'protection_class': 'Class I'}","['IS 10322(Part 1):2012', 'IS 16102(Part 1):2012', 'IS 13021:1991']",True,2022-01-01,2018,2022-03-01,"[{'amendment_number': 'Amendment 1', 'date': '2022-01-01', 'description': 'IP rating test methods updated'}]","""Covers the safety and performance requirements for luminaires for road and street lighting, including LED systems rated up to 250 W with minimum IP65 protection.""",ISO 4955:2015,1.2,BIS Official Standard Publication (Backend Primary),Electrotechnical,Power & Energy,"This standard covers the safety and performance requirements for luminaires intended for road, street, and outdoor lighting applications, including LED-based systems. It specifies requirements for protection against electric shock, dust and moisture ingress (IP rating), and mechanical robustness. The standard applies to luminaires rated for installation in outdoor and road applications. It specifies the IP rating and IK impact rating requirements.",2018,Active,Bureau of Indian Standards,True,"['IS 10322(Part 1):2012', 'IS 16102(Part 1):2012', 'IS 13021:1991']"
IS 10322(Part 1):2012,Luminaires - General Requirements and Tests,,Electrical,Lighting,"This standard specifies the general safety and test requirements applicable to all luminaires. It covers classification of luminaires, general test conditions, construction requirements, external and internal wiring, and provision for earthing. The standard provides the foundational requirements that product-specific luminaire standards build upon. It specifies the requirements for protection against electric shock and abnormal operation.","['luminaires', 'general', 'requirements', 'and', 'tests', 'lighting']","{'protection_class': 'Class I', 'ip_rating': 'IP20'}",['IS 10322(Part 5/Sec 4):2018'],True,2022-01-01,2012,2020-01-01,"[{'amendment_number': 'Amendment 1', 'date': '2020-01-01', 'description': 'General test conditions updated'}]","""Specifies the general safety and test requirements applicable to all luminaires.""",ISO Equivalent,1.0,BIS Official Standard Publication (Backend Primary),Electrotechnical,Power & Energy,"This standard specifies the general safety and test requirements applicable to all luminaires. It covers classification of luminaires, general test conditions, construction requirements, external and internal wiring, and provision for earthing. The standard provides the foundational requirements that product-specific luminaire standards build upon. It specifies the requirements for protection against electric shock and abnormal operation.",2012,Active,Bureau of Indian Standards,True,['IS 10322(Part 5/Sec 4):2018']
IS 302(Part 1):2008,Safety of Household and Similar Electrical Appliances - General Requirements,घरेलू और समान विद्युत उपकरणों की सुरक्षा,Electrical,General Appliances,"This standard specifies the general safety requirements for household and similar electrical appliances. It covers protection against electric shock, heating, abnormal operation, and mechanical hazards. The standard establishes the general provisions which are used as the basis for particular requirements of individual appliance types. It aligns with IEC 60335-1 and specifies requirements for insulation, wiring, and marking.","['and', 'safety', 'quality', 'appliances', 'bis', 'specification', 'similar', 'electrical', 'india', 'testing']","{'rated_voltage_v': '230', 'frequency_hz': '50', 'protection_class': 'Class I'}","['IS 3854:1997', 'IS 3851:2000']",True,2026-03-01,2008,2024-01-15,"[{'amendment_number': 'Amendment 1', 'date': '2010-01-01', 'description': 'New appliance categories added'}, {'amendment_number': 'Amendment 2', 'date': '2015-01-01', 'description': 'Insulation class requirements revised'}, {'amendment_number': 'Amendment 3', 'date': '2024-01-01', 'description': 'Household electrical QCO alignment'}]","""Specifies the general safety requirements for household and similar electrical appliances.""",ISO 9875:2015,1.0,BIS Official Standard Publication (Backend Primary),Mechanical Engineering,Industrial Machinery & Appliances,"This standard specifies the general safety requirements for household and similar electrical appliances. It covers protection against electric shock, heating, abnormal operation, and mechanical hazards. The standard establishes the general provisions which are used as the basis for particular requirements of individual appliance types. It aligns with IEC 60335-1 and specifies requirements for insulation, wiring, and marking.",2008,Active,Bureau of Indian Standards,True,"['IS 3854:1997', 'IS 3851:2000']"
IS 3854:1997,Switches for Domestic and Similar Purposes - Specification,,Electrical,Switching Devices,"This standard specifies the requirements for manually operated switches for domestic and similar purposes, including operation at a rated voltage of 250V. It covers requirements for both single-pole and double-pole switches used in household and commercial installations. The standard specifies requirements for construction, mechanical strength, and electrical performance. It covers toggle and rocker type switches.","['switches', 'for', 'domestic', 'and', 'similar', 'purposes', 'specification', 'switching']","{'rated_voltage_v': '250', 'rated_current_a': '16'}",['IS 302(Part 1):2008'],True,2025-06-01,1997,2010-01-01,"[{'amendment_number': 'Amendment 1', 'date': '2010-01-01', 'description': 'Marking requirements aligned with IS 302'}]","""Specifies the requirements for manually operated switches for domestic and similar purposes at 250 V.""",ISO Equivalent,1.0,BIS Official Standard Publication (Backend Primary),Civil Engineering,General Engineering,"This standard specifies the requirements for manually operated switches for domestic and similar purposes, including operation at a rated voltage of 250V. It covers requirements for both single-pole and double-pole switches used in household and commercial installations. The standard specifies requirements for construction, mechanical strength, and electrical performance. It covers toggle and rocker type switches.",1997,Active,Bureau of Indian Standards,True,['IS 302(Part 1):2008']
IS 3851:2000,Electrical Wiring Accessories - Specification,,Electrical,Wiring Accessories,"This standard specifies the requirements for electrical wiring accessories including sockets, plugs, socket-outlets, and adaptors for domestic use. It covers the general and particular requirements for these accessories operating at 250V. The standard specifies mechanical, electrical, and thermal requirements. It includes requirements for plug and socket pin dimensions and terminations.","['electrical', 'wiring', 'accessories', 'specification']","{'rated_voltage_v': '250', 'rated_current_a': '6'}",['IS 302(Part 1):2008'],True,2025-06-01,2000,2012-01-01,"[{'amendment_number': 'Amendment 1', 'date': '2012-01-01', 'description': 'Dimensions updated'}]","""Specifies the requirements for electrical wiring accessories including sockets and plugs at 250 V.""",ISO Equivalent,1.0,BIS Official Standard Publication (Backend Primary),Electrotechnical,Power & Energy,"This standard specifies the requirements for electrical wiring accessories including sockets, plugs, socket-outlets, and adaptors for domestic use. It covers the general and particular requirements for these accessories operating at 250V. The standard specifies mechanical, electrical, and thermal requirements. It includes requirements for plug and socket pin dimensions and terminations.",2000,Active,Bureau of Indian Standards,True,['IS 302(Part 1):2008']
IS 694:2010,PVC Insulated Cables for Working Voltages up to and Including 1100V - Specification,1100 वी तक पीवीसी इंसुलेटेड केबल,Electrical,Cables and Conductors,"This standard specifies the requirements for PVC insulated cables for working voltages up to and including 1100V. It covers single-core and multi-core cables with copper or aluminium conductors for general wiring and industrial applications. The standard specifies conductor requirements, insulation thickness, and mechanical and electrical performance. It includes requirements for flame retardancy and working temperature.","['PVC cable', 'PVC insulated cable', '1100V cable', 'electrical cable', 'wiring cable', 'LT cable', 'power cable', 'house wiring', 'low voltage cable', 'flexible cable', 'copper conductor cable']","{'max_voltage_v': '1100', 'conductor': 'Copper/Aluminium', 'insulation': 'PVC'}",['IS 302(Part 1):2008'],True,2025-09-20,2010,2017-01-01,"[{'amendment_number': 'Amendment 1', 'date': '2017-01-01', 'description': 'Flame retardant PVC added'}]","""Specifies the requirements for PVC insulated cables for working voltages up to and including 1100 V.""",ISO 3101:2015,1.3,BIS Official Standard Publication (Backend Primary),Electrotechnical,Power & Energy,"This standard specifies the requirements for PVC insulated cables for working voltages up to and including 1100V. It covers single-core and multi-core cables with copper or aluminium conductors for general wiring and industrial applications. The standard specifies conductor requirements, insulation thickness, and mechanical and electrical performance. It includes requirements for flame retardancy and working temperature.",2010,Active,Bureau of Indian Standards,True,['IS 302(Part 1):2008']
IS 13021:1991,Self-Ballasted Lamps for General Lighting Services - Safety Requirements,स्व-गिट्टी लैंप सुरक्षा,Electrical,Lighting,"This standard specifies the safety requirements for self-ballasted lamps, including compact fluorescent and LED retrofit lamps, for general lighting services. It covers requirements for electric shock protection, thermal safety, and mechanical safety. The standard specifies testing procedures for endurance and lamp cap temperature rise.","['safety', 'quality', 'bis', 'specification', 'lamps', 'self-ballasted', 'india', 'testing', 'certification', 'requirements']","{'max_wattage_w': '60', 'max_voltage_v': '250'}","['IS 16102(Part 1):2012', 'IS 10322(Part 5/Sec 4):2018']",True,2021-12-01,1991,2015-01-01,"[{'amendment_number': 'Amendment 1', 'date': '2015-01-01', 'description': 'LED retrofit provisions added'}]","""Specifies the safety requirements for self-ballasted lamps for general lighting services.""",ISO 8062:2015,1.0,BIS Official Standard Publication (Backend Primary),Electrotechnical,Power & Energy,"This standard specifies the safety requirements for self-ballasted lamps, including compact fluorescent and LED retrofit lamps, for general lighting services. It covers requirements for electric shock protection, thermal safety, and mechanical safety. The standard specifies testing procedures for endurance and lamp cap temperature rise.",1991,Active,Bureau of Indian Standards,True,"['IS 16102(Part 1):2012', 'IS 10322(Part 5/Sec 4):2018']"
IS 15885(Part 2/Sec 13):2017,Lamp Controlgear - Particular Requirements - DC or AC Supplied Electronic Controlgear for LED Modules,,Electrical,Lighting,"This standard specifies the safety requirements for electronic controlgear supplied by DC or AC and designed for LED modules. It covers requirements for protection against electric shock, abnormal operation, and temperature limits. The standard specifies the testing requirements for the controlgear used in LED lighting systems. It aligns with IEC 61347-2-13.","['lamp', 'controlgear', 'particular', 'requirements', 'supplied', 'electronic', 'for', 'led']","{'max_voltage_v': '250', 'output_type': 'Constant current'}",['IS 16102(Part 1):2012'],True,2021-12-01,2017,2020-01-01,"[{'amendment_number': 'Amendment 1', 'date': '2020-01-01', 'description': 'Test requirements updated'}]","""Specifies the safety requirements for electronic controlgear for LED modules.""",ISO Equivalent,1.0,BIS Official Standard Publication (Backend Primary),Electrotechnical,Power & Energy,"This standard specifies the safety requirements for electronic controlgear supplied by DC or AC and designed for LED modules. It covers requirements for protection against electric shock, abnormal operation, and temperature limits. The standard specifies the testing requirements for the controlgear used in LED lighting systems. It aligns with IEC 61347-2-13.",2017,Active,Bureau of Indian Standards,True,['IS 16102(Part 1):2012']
IS 1293:2019,Plugs and Socket-Outlets of Rated Voltage up to and Including 250V - Specification,,Electrical,Wiring Accessories,"This standard specifies the requirements for plugs and socket-outlets of rated voltage up to and including 250V and rated current up to 16A for domestic and similar purposes. It covers construction, dimensions, and electrical requirements including protection against electric shock. The standard specifies temperature rise limits and mechanical endurance requirements.","['plugs', 'and', 'socket', 'outlets', 'rated', 'voltage', 'including', '250v']","{'rated_voltage_v': '250', 'rated_current_a': '16'}","['IS 3851:2000', 'IS 302(Part 1):2008']",True,2024-01-01,2019,2022-01-01,"[{'amendment_number': 'Amendment 1', 'date': '2022-01-01', 'description': 'Dimension clarifications'}]","""Specifies the requirements for plugs and socket-outlets of rated voltage up to 250 V.""",ISO Equivalent,1.0,BIS Official Standard Publication (Backend Primary),Civil Engineering,General Engineering,"This standard specifies the requirements for plugs and socket-outlets of rated voltage up to and including 250V and rated current up to 16A for domestic and similar purposes. It covers construction, dimensions, and electrical requirements including protection against electric shock. The standard specifies temperature rise limits and mechanical endurance requirements.",2019,Active,Bureau of Indian Standards,True,"['IS 3851:2000', 'IS 302(Part 1):2008']"
IS 172(Part 1):2013,Textile Machinery - Safety Requirements - Common Requirements,,Textiles,Textile Machinery,"This standard specifies the common safety requirements for textile machinery to safeguard operators from mechanical and electrical hazards. It covers design principles for risk reduction, requirements for guards and protective devices, and control system safety. The standard specifies ergonomic and hygiene requirements for textile machinery. It applies across various categories of textile processing machinery.","['textile', 'machinery', 'safety', 'requirements', 'common']","{'safety_category': 'Common requirements', 'guarding': 'Required'}",['IS 1216:2021'],False,,2013,2018-01-01,"[{'amendment_number': 'Amendment 1', 'date': '2018-01-01', 'description': 'Guard requirements updated'}]","""Specifies the common safety requirements for textile machinery.""",ISO Equivalent,1.0,BIS Official Standard Publication (Backend Primary),Textiles,Technical Textiles & Packaging,"This standard specifies the common safety requirements for textile machinery to safeguard operators from mechanical and electrical hazards. It covers design principles for risk reduction, requirements for guards and protective devices, and control system safety. The standard specifies ergonomic and hygiene requirements for textile machinery. It applies across various categories of textile processing machinery.",2013,Active,Bureau of Indian Standards,False,['IS 1216:2021']
IS 1216:2021,Textiles - Cotton Yarn - Specification,,Textiles,Yarn,"This standard specifies the requirements for cotton yarn used in weaving and knitting. It covers single and folded cotton yarns, specifying count, twist, strength, and evenness requirements. The standard specifies grading of cotton yarn based on quality parameters. It includes requirements for the appearance and finish of the yarn as well as testing methods.","['textiles', 'cotton', 'yarn', 'specification']","{'yarn_count': '40', 'strength_cn_tex': '15'}",['IS 172(Part 1):2013'],False,,2021,2022-06-01,"[{'amendment_number': 'Amendment 1', 'date': '2022-01-01', 'description': 'Testing method references updated'}]","""Specifies the requirements for cotton yarn used in weaving and knitting.""",ISO Equivalent,1.0,BIS Official Standard Publication (Backend Primary),Textiles,Technical Textiles & Packaging,"This standard specifies the requirements for cotton yarn used in weaving and knitting. It covers single and folded cotton yarns, specifying count, twist, strength, and evenness requirements. The standard specifies grading of cotton yarn based on quality parameters. It includes requirements for the appearance and finish of the yarn as well as testing methods.",2021,Active,Bureau of Indian Standards,False,['IS 172(Part 1):2013']
IS 10092:2003,Textiles - Cellular Shade Cloth - Specification,,Textiles,Technical Textiles,"This standard specifies the requirements for cellular shade cloth, a technical textile used for shading applications in horticulture and agriculture. It specifies the shading factor, dimensional stability, and mechanical properties of the cloth. The standard defines the various shading percentages available. It specifies the material requirements and test methods for evaluation.","['textiles', 'cellular', 'shade', 'cloth', 'specification', 'technical']","{'shading_percent': '75', 'width_cm': '200'}",['IS 1216:2021'],False,,2003,2010-01-01,"[{'amendment_number': 'Amendment 1', 'date': '2010-01-01', 'description': 'UV resistance requirement added'}]","""Specifies the requirements for cellular shade cloth used for shading applications.""",ISO Equivalent,1.0,BIS Official Standard Publication (Backend Primary),Textiles,Technical Textiles & Packaging,"This standard specifies the requirements for cellular shade cloth, a technical textile used for shading applications in horticulture and agriculture. It specifies the shading factor, dimensional stability, and mechanical properties of the cloth. The standard defines the various shading percentages available. It specifies the material requirements and test methods for evaluation.",2003,Active,Bureau of Indian Standards,False,['IS 1216:2021']
IS 271:2005,Textiles - Cotton Grey Sheeting - Specification,,Textiles,Fabrics,"This standard specifies the requirements for cotton grey sheeting, a plain woven cotton fabric used for clothing and industrial purposes. It covers requirements for the ends and picks per centimetre, mass per square metre, and breaking strength. The standard specifies the quality grading of the fabric and the testing methods. It applies to loom-state grey cotton fabrics.","['textiles', 'cotton', 'grey', 'sheeting', 'specification', 'fabrics']","{'gsm': '200', 'width_cm': '112'}",['IS 1216:2021'],False,,2005,2012-01-01,"[{'amendment_number': 'Amendment 1', 'date': '2012-01-01', 'description': 'Tolerances updated'}]","""Specifies the requirements for cotton grey sheeting fabric.""",ISO Equivalent,1.0,BIS Official Standard Publication (Backend Primary),Textiles,Technical Textiles & Packaging,"This standard specifies the requirements for cotton grey sheeting, a plain woven cotton fabric used for clothing and industrial purposes. It covers requirements for the ends and picks per centimetre, mass per square metre, and breaking strength. The standard specifies the quality grading of the fabric and the testing methods. It applies to loom-state grey cotton fabrics.",2005,Active,Bureau of Indian Standards,False,['IS 1216:2021']
IS 17598:2021,Textiles - Face Masks for Protection Against Harmful Biological Agents - Specification,,Textiles,Protective Textiles,"This standard specifies the performance requirements for textile-based face masks intended for protection against biological agents such as bacteria and viruses. It specifies requirements for filtration efficiency, breathability (differential pressure), bacterial filtration efficiency, and splash resistance. The standard covers both flat-fold and cup-shaped masks and specifies the marking and labeling requirements.","['textiles', 'face', 'masks', 'for', 'protection', 'against', 'harmful', 'biological']","{'bfe_percent': '95', 'differential_pressure_pa_cm2': '150'}",['IS 1216:2021'],False,,2021,2021-12-01,"[{'amendment_number': 'Amendment 1', 'date': '2021-01-01', 'description': 'Testing methods clarified'}]","""Specifies the performance requirements for textile-based face masks for protection against biological agents.""",ISO Equivalent,1.0,BIS Official Standard Publication (Backend Primary),Chemicals,Personal Protective Equipment,"This standard specifies the performance requirements for textile-based face masks intended for protection against biological agents such as bacteria and viruses. It specifies requirements for filtration efficiency, breathability (differential pressure), bacterial filtration efficiency, and splash resistance. The standard covers both flat-fold and cup-shaped masks and specifies the marking and labeling requirements.",2021,Active,Bureau of Indian Standards,False,['IS 1216:2021']
IS 2347:2018,Pressure Cookers for Domestic Use - Specification,,Household Appliances,Cookware,"This standard specifies the requirements for pressure cookers for domestic use, covering safety and performance requirements. It specifies requirements related to the body, lid, gasket, pressure control valve, and safety valve assembly. The standard covers both aluminium and stainless steel pressure cookers. It includes requirements for dimensions, capacity, and marking.","['pressure', 'cookers', 'for', 'domestic', 'use', 'specification', 'cookware']","{'capacity_l': '5', 'material': 'Aluminium/Stainless Steel', 'max_pressure_bar': '1.1'}",['IS 302(Part 1):2008'],True,2023-01-01,2018,2021-01-01,"[{'amendment_number': 'Amendment 1', 'date': '2021-01-01', 'description': 'Safety valve requirements updated'}]","""Specifies the requirements for pressure cookers for domestic use, including safety and performance.""",ISO Equivalent,1.0,BIS Official Standard Publication (Backend Primary),Mechanical Engineering,Industrial Machinery & Appliances,"This standard specifies the requirements for pressure cookers for domestic use, covering safety and performance requirements. It specifies requirements related to the body, lid, gasket, pressure control valve, and safety valve assembly. The standard covers both aluminium and stainless steel pressure cookers. It includes requirements for dimensions, capacity, and marking.",2018,Active,Bureau of Indian Standards,True,['IS 302(Part 1):2008']
IS 302(Part 2/Sec 15):2017,Safety of Household and Similar Electrical Appliances - Particular Requirements for Kitchen Machines,,Household Appliances,Kitchen Appliances,"This standard specifies the particular safety requirements for kitchen machines including food processors, mixers, blenders, and similar appliances. It supplements the general requirements of IS 302 Part 1. The standard specifies requirements for the particular hazards associated with rotating components and blades. It includes requirements for the protection against mechanical hazards during operation.","['safety', 'household', 'and', 'similar', 'electrical', 'appliances', 'particular', 'requirements']","{'rated_voltage_v': '230', 'frequency_hz': '50'}",['IS 302(Part 1):2008'],True,2026-03-01,2017,2024-01-15,"[{'amendment_number': 'Amendment 1', 'date': '2024-01-01', 'description': 'Household appliance QCO alignment'}]","""Specifies the particular safety requirements for kitchen machines including mixers and blenders.""",ISO Equivalent,1.0,BIS Official Standard Publication (Backend Primary),Mechanical Engineering,Industrial Machinery & Appliances,"This standard specifies the particular safety requirements for kitchen machines including food processors, mixers, blenders, and similar appliances. It supplements the general requirements of IS 302 Part 1. The standard specifies requirements for the particular hazards associated with rotating components and blades. It includes requirements for the protection against mechanical hazards during operation.",2017,Active,Bureau of Indian Standards,True,['IS 302(Part 1):2008']
IS 1476:2020,Electric Immersion Water Heaters - Specification,,Household Appliances,Water Heaters,"This standard specifies the requirements for electric immersion water heaters for domestic and similar purposes. It covers both rod-type and mantle-type immersion heaters, specifying the power rating, thermal performance, and electrical safety requirements. The standard includes requirements for construction, insulation resistance, and earth continuity. It specifies marking and safety requirements for use in water heating applications.","['electric', 'immersion', 'water', 'heaters', 'specification']","{'power_w': '2000', 'rated_voltage_v': '230'}",['IS 302(Part 1):2008'],True,2025-06-01,2020,2023-01-01,"[{'amendment_number': 'Amendment 1', 'date': '2023-01-01', 'description': 'Thermal cutout requirement added'}]","""Specifies the requirements for electric immersion water heaters for domestic use.""",ISO Equivalent,1.0,BIS Official Standard Publication (Backend Primary),Mechanical Engineering,Industrial Machinery & Appliances,"This standard specifies the requirements for electric immersion water heaters for domestic and similar purposes. It covers both rod-type and mantle-type immersion heaters, specifying the power rating, thermal performance, and electrical safety requirements. The standard includes requirements for construction, insulation resistance, and earth continuity. It specifies marking and safety requirements for use in water heating applications.",2020,Active,Bureau of Indian Standards,True,['IS 302(Part 1):2008']
IS 8979:2021,Safety of Household Appliances - Cotton Cloth Wringers - Specification,,Household Appliances,Laundry Appliances,"This standard specifies the safety requirements for cotton cloth wringers used in the home. It covers requirements for the rollers, gearing, and the mechanism that could present a safety hazard. This standard aims to prevent injury during the operation of wringers. It specifies the test methods for verification of safety.","['safety', 'household', 'appliances', 'cotton', 'cloth', 'wringers', 'specification', 'laundry']","{'material': 'Steel/Cast iron', 'roller_width_mm': '230'}",['IS 302(Part 1):2008'],False,,2021,2022-01-01,"[{'amendment_number': 'Amendment 1', 'date': '2022-01-01', 'description': 'Guard requirement clarified'}]","""Specifies the safety requirements for cotton cloth wringers used in the home.""",ISO Equivalent,1.0,BIS Official Standard Publication (Backend Primary),Mechanical Engineering,Industrial Machinery & Appliances,"This standard specifies the safety requirements for cotton cloth wringers used in the home. It covers requirements for the rollers, gearing, and the mechanism that could present a safety hazard. This standard aims to prevent injury during the operation of wringers. It specifies the test methods for verification of safety.",2021,Active,Bureau of Indian Standards,False,['IS 302(Part 1):2008']
IS 15123:2002,"Domestic Electric Food Mixers (Liquidizers, Grinders, Choppers) - Specification",,Household Appliances,Kitchen Appliances,"This standard specifies the requirements for domestic electric food mixers including liquidizers, grinders, and choppers. It covers power rating, construction, safety, and performance requirements for these household appliances. The standard specifies requirements for the blades, jars, and motor. It includes safety requirements aligned with IS 302 and specifies the testing methods.","['domestic', 'electric', 'food', 'mixers', 'liquidizers', 'grinders', 'choppers', 'specification']","{'power_w': '750', 'rated_voltage_v': '230', 'frequency_hz': '50'}",['IS 302(Part 1):2008'],True,2026-03-01,2002,2010-01-01,"[{'amendment_number': 'Amendment 1', 'date': '2010-01-01', 'description': 'New mixer models covered'}]","""Specifies the requirements for domestic electric food mixers including liquidizers and grinders.""",ISO Equivalent,1.0,BIS Official Standard Publication (Backend Primary),Mechanical Engineering,Industrial Machinery & Appliances,"This standard specifies the requirements for domestic electric food mixers including liquidizers, grinders, and choppers. It covers power rating, construction, safety, and performance requirements for these household appliances. The standard specifies requirements for the blades, jars, and motor. It includes safety requirements aligned with IS 302 and specifies the testing methods.",2002,Active,Bureau of Indian Standards,True,['IS 302(Part 1):2008']
IS 14722(Part 1):2000,Food Safety - General Principles for Food Premises and Handling - Code of Practice,,Food Safety,Food Handling,"This standard establishes general principles of food hygiene applicable throughout the food chain, from primary production to the consumer. It specifies requirements for the design and construction of food premises, including requirement for sanitary facilities, ventilation, and lighting. The standard covers personnel hygiene, cleaning procedures, and control of pests. This code of practice forms the basis for hygienic food handling and production.","['food', 'safety', 'general', 'principles', 'for', 'premises', 'and', 'handling']",{'acceptable_contaminant_mg_kg': '0.1'},['IS 10500:2012'],False,,2000,2015-01-01,"[{'amendment_number': 'Amendment 1', 'date': '2015-01-01', 'description': 'HACCP principles incorporated'}]","""Establishes general principles of food hygiene applicable throughout the food chain.""",ISO Equivalent,1.0,BIS Official Standard Publication (Backend Primary),Food & Agriculture,Agriculture & Food Processing,"This standard establishes general principles of food hygiene applicable throughout the food chain, from primary production to the consumer. It specifies requirements for the design and construction of food premises, including requirement for sanitary facilities, ventilation, and lighting. The standard covers personnel hygiene, cleaning procedures, and control of pests. This code of practice forms the basis for hygienic food handling and production.",2000,Active,Bureau of Indian Standards,False,['IS 10500:2012']
IS 10500:2012,Drinking Water - Specification (Second Revision),पीने का पानी,Food Safety,Water Quality,"This standard specifies the acceptable limits and permissible limits for physical, chemical, and bacteriological contaminants in drinking water. It covers parameters such as pH, total dissolved solids, hardness, chlorides, sulphates, and toxic substances. The standard distinguishes between acceptable and permissible limits for over 40 water quality parameters. It is used to assess the suitability of water for drinking purposes.","['specification', 'quality', 'bis', 'drinking', 'india', 'testing', 'certification', 'water', 'compliance', 'requirements']","{'ph': '7.5', 'tds_mg_l': '500', 'total_hardness_mg_l': '200'}",['IS 14722(Part 1):2000'],False,,2012,2017-05-01,"[{'amendment_number': 'Amendment 1', 'date': '2017-01-01', 'description': 'Fluoride limit clarification'}]","""Specifies acceptable and permissible limits for physical, chemical and bacteriological contaminants in drinking water.""",ISO 8278:2015,1.0,BIS Official Standard Publication (Backend Primary),Food & Agriculture,Agriculture & Food Processing,"This standard specifies the acceptable limits and permissible limits for physical, chemical, and bacteriological contaminants in drinking water. It covers parameters such as pH, total dissolved solids, hardness, chlorides, sulphates, and toxic substances. The standard distinguishes between acceptable and permissible limits for over 40 water quality parameters. It is used to assess the suitability of water for drinking purposes.",2012,Active,Bureau of Indian Standards,False,['IS 14722(Part 1):2000']
IS 5340:2005,Groundnut Oil - Specification,,Food Safety,Edible Oils,"This standard specifies the requirements for groundnut (peanut) oil intended for human consumption and general use. It covers the physical and chemical requirements including free fatty acid content, colour, and specific gravity. The standard declares the moisture content, insoluble impurities, and peroxide value limits. It specifies methods of sampling and testing for the edible oil.","['groundnut', 'oil', 'specification', 'edible', 'oils']","{'moisture_content_percent': '0.1', 'ffa_percent': '0.5', 'peroxide_value_meq_kg': '10'}",['IS 10500:2012'],False,,2005,2013-01-01,"[{'amendment_number': 'Amendment 1', 'date': '2013-01-01', 'description': 'FFA limits revised'}]","""Specifies the requirements for groundnut oil intended for human consumption.""",ISO Equivalent,1.0,BIS Official Standard Publication (Backend Primary),Food & Agriculture,Agriculture & Food Processing,"This standard specifies the requirements for groundnut (peanut) oil intended for human consumption and general use. It covers the physical and chemical requirements including free fatty acid content, colour, and specific gravity. The standard declares the moisture content, insoluble impurities, and peroxide value limits. It specifies methods of sampling and testing for the edible oil.",2005,Active,Bureau of Indian Standards,False,['IS 10500:2012']
IS 1661:2018,Milk and Milk Products - Determination of Fat Content - Gerber Method,,Food Safety,Dairy Testing,"This standard specifies the method for the determination of the fat content of milk and milk products using the Gerber method. It describes the butyrometric method for fat determination in milk, cream, and related products. The standard specifies the reagents, apparatus, and procedure for accurate fat measurement. This method is widely used in dairy quality control laboratories.","['milk', 'and', 'products', 'determination', 'fat', 'content', 'gerber', 'method']","{'method': 'Gerber butyrometric', 'fat_range_percent': '0-40'}",['IS 14722(Part 1):2000'],False,,2018,2020-01-01,"[{'amendment_number': 'Amendment 1', 'date': '2020-01-01', 'description': 'Apparatus specification updated'}]","""Specifies the method for determination of fat content of milk by the Gerber method.""",ISO Equivalent,1.0,BIS Official Standard Publication (Backend Primary),Food & Agriculture,Agriculture & Food Processing,"This standard specifies the method for the determination of the fat content of milk and milk products using the Gerber method. It describes the butyrometric method for fat determination in milk, cream, and related products. The standard specifies the reagents, apparatus, and procedure for accurate fat measurement. This method is widely used in dairy quality control laboratories.",2018,Active,Bureau of Indian Standards,False,['IS 14722(Part 1):2000']
IS 1656:2007,Maida (Wheat Flour) - Specification,,Food Safety,Cereal Products,"This standard specifies the requirements for maida (refined wheat flour) intended for human consumption. It covers the physical and chemical requirements including moisture, ash, gluten, and acidity. The standard specifies the limits for crude fibre, protein content, and the presence of impurities. It includes methods of sampling and testing along with packaging requirements.","['maida', 'wheat', 'flour', 'specification', 'cereal', 'products']","{'moisture_percent': '14', 'ash_content_percent': '1', 'protein_percent': '10'}",['IS 14722(Part 1):2000'],False,,2007,2015-01-01,"[{'amendment_number': 'Amendment 1', 'date': '2015-01-01', 'description': 'Moisture limit revised'}]","""Specifies the requirements for maida (refined wheat flour) for human consumption.""",ISO Equivalent,1.0,BIS Official Standard Publication (Backend Primary),Food & Agriculture,Agriculture & Food Processing,"This standard specifies the requirements for maida (refined wheat flour) intended for human consumption. It covers the physical and chemical requirements including moisture, ash, gluten, and acidity. The standard specifies the limits for crude fibre, protein content, and the presence of impurities. It includes methods of sampling and testing along with packaging requirements.",2007,Active,Bureau of Indian Standards,False,['IS 14722(Part 1):2000']
IS 3612:2019,Food Safety - Kitchen Equipments and Utensils - Materials in Contact with Food - Specification,,Food Safety,Food Contact Materials,"This standard specifies the requirements for materials used in kitchen equipment and utensils that come into contact with food. It covers metallic, plastic, and ceramic materials, specifying limits on migration of harmful substances. The standard specifies the permissible limits for heavy metal migration from food contact materials. It is used to ensure the safety of utensils used in food preparation and storage.","['food', 'safety', 'kitchen', 'equipments', 'and', 'utensils', 'materials', 'contact']","{'heavy_metal_migration_ppm': '2', 'material_type': 'Food grade'}",['IS 14722(Part 1):2000'],False,,2019,2021-01-01,"[{'amendment_number': 'Amendment 1', 'date': '2021-01-01', 'description': 'Plastic migration limits updated'}]","""Specifies requirements for materials used in contact with food for kitchen equipment and utensils.""",ISO Equivalent,1.0,BIS Official Standard Publication (Backend Primary),Food & Agriculture,Agriculture & Food Processing,"This standard specifies the requirements for materials used in kitchen equipment and utensils that come into contact with food. It covers metallic, plastic, and ceramic materials, specifying limits on migration of harmful substances. The standard specifies the permissible limits for heavy metal migration from food contact materials. It is used to ensure the safety of utensils used in food preparation and storage.",2019,Active,Bureau of Indian Standards,False,['IS 14722(Part 1):2000']
IS 12795:2005,Sodium Tripolyphosphate (STPP) - Specification,,Chemicals,Industrial Chemicals,"This standard specifies the requirements for sodium tripolyphosphate (STPP), a chemical used in detergent and water treatment applications. It specifies the chemical composition, including the percentage of phosphorus pentoxide and the degree of polymerization. The standard specifies physical requirements including pH of solution and solubility. It covers methods of sampling and testing for the industrial chemical.","['sodium', 'tripolyphosphate', 'stpp', 'specification', 'industrial', 'chemicals']","{'p2o5_percent': '57', 'ph': '9.5', 'assay_percent': '95'}",['IS 382:2016'],True,2026-03-01,2005,2021-01-01,"[{'amendment_number': 'Amendment 1', 'date': '2021-01-01', 'description': 'Assay requirement aligned with QCO'}]","""Specifies the requirements for sodium tripolyphosphate used in detergents and water treatment.""",ISO Equivalent,1.0,BIS Official Standard Publication (Backend Primary),Chemicals,Industrial Chemicals & Coatings,"This standard specifies the requirements for sodium tripolyphosphate (STPP), a chemical used in detergent and water treatment applications. It specifies the chemical composition, including the percentage of phosphorus pentoxide and the degree of polymerization. The standard specifies physical requirements including pH of solution and solubility. It covers methods of sampling and testing for the industrial chemical.",2005,Active,Bureau of Indian Standards,True,['IS 382:2016']
IS 6100:2019,Linear Alkyl Benzene Sulphonic Acid (LABSA) - Specification,,Chemicals,Industrial Chemicals,"This standard specifies the requirements for linear alkyl benzene sulphonic acid (LABSA), a key intermediate in detergent manufacturing. The standard covers the active matter content, free acidity, colour, and physical form. For the liquid form, requirements cover moisture and free sulphuric acid content. It specifies methods of sampling and testing for the industrial chemical intermediate.","['linear', 'alkyl', 'benzene', 'sulphonic', 'acid', 'labsa', 'specification', 'industrial']","{'active_matter_percent': '96', 'free_sulphuric_acid_percent': '1.5', 'colour': 'Light brown'}",['IS 12795:2005'],True,2026-03-01,2019,2022-01-01,"[{'amendment_number': 'Amendment 1', 'date': '2022-01-01', 'description': 'Active matter limit updated'}]","""Specifies the requirements for linear alkyl benzene sulphonic acid used in detergents.""",ISO Equivalent,1.0,BIS Official Standard Publication (Backend Primary),Chemicals,Industrial Chemicals & Coatings,"This standard specifies the requirements for linear alkyl benzene sulphonic acid (LABSA), a key intermediate in detergent manufacturing. The standard covers the active matter content, free acidity, colour, and physical form. For the liquid form, requirements cover moisture and free sulphuric acid content. It specifies methods of sampling and testing for the industrial chemical intermediate.",2019,Active,Bureau of Indian Standards,True,['IS 12795:2005']
IS 382:2016,Sulphuric Acid - Specification,,Chemicals,Industrial Chemicals,"This standard specifies the requirements for sulphuric acid used in various industrial applications. It covers the different commercial grades of sulphuric acid, specifying the percentage concentration and permissible impurities. The standard specifies methods of sampling and testing, including determination of concentration by density. It prescribes requirements for storage and safe handling.","['sulphuric', 'acid', 'specification', 'industrial', 'chemicals']","{'concentration_percent': '98', 'iron_content_ppm': '50'}",['IS 12795:2005'],False,,2016,2020-01-01,"[{'amendment_number': 'Amendment 1', 'date': '2020-01-01', 'description': 'Grade classification updated'}]","""Specifies the requirements for sulphuric acid of various commercial grades.""",ISO Equivalent,1.0,BIS Official Standard Publication (Backend Primary),Chemicals,Industrial Chemicals & Coatings,"This standard specifies the requirements for sulphuric acid used in various industrial applications. It covers the different commercial grades of sulphuric acid, specifying the percentage concentration and permissible impurities. The standard specifies methods of sampling and testing, including determination of concentration by density. It prescribes requirements for storage and safe handling.",2016,Active,Bureau of Indian Standards,False,['IS 12795:2005']
IS 1060:2013,Sulphate Resisting Portland Cement - Specification,,Construction,Cement and Binders,"This standard specifies the requirements for sulphate resisting Portland cement used in marine and aggressive sulphate environments. It covers the chemical requirements, particularly the limiting tricalcium aluminate (C3A) content, and physical requirements. The standard specifies compressive strength and setting time requirements for this special cement type. It is intended for foundations, marine structures, and drainage works.","['sulphate', 'resisting', 'portland', 'cement', 'specification', 'and', 'binders']","{'min_compressive_strength_mpa': '43', 'c3a_limit_percent': '5'}","['IS 269:2015', 'IS 4031:2014']",False,,2013,2018-01-01,"[{'amendment_number': 'Amendment 1', 'date': '2018-01-01', 'description': 'C3A limit clarified'}]","""Specifies the requirements for sulphate resisting Portland cement.""",ISO Equivalent,1.0,BIS Official Standard Publication (Backend Primary),Civil Engineering,Construction & Infrastructure,"This standard specifies the requirements for sulphate resisting Portland cement used in marine and aggressive sulphate environments. It covers the chemical requirements, particularly the limiting tricalcium aluminate (C3A) content, and physical requirements. The standard specifies compressive strength and setting time requirements for this special cement type. It is intended for foundations, marine structures, and drainage works.",2013,Active,Bureau of Indian Standards,False,"['IS 269:2015', 'IS 4031:2014']"
IS 4985:2015,Unplasticized PVC Pipes for Potable Water Supplies - Specification,,Packaging,Pipes,"This standard specifies the requirements for unplasticized polyvinyl chloride (PVC-U) pipes for potable water supply. It covers pipes with nominal diameters ranging from 20mm to 315mm, classified by working pressure ratings. The standard specifies requirements for wall thickness, tensile strength, and resistance to internal hydrostatic pressure. It includes methods for sampling and testing the pipes.","['unplasticized', 'pvc', 'pipes', 'for', 'potable', 'water', 'supplies', 'specification']","{'diameter_mm': '110', 'pressure_class_kg_cm2': '10', 'wall_thickness_mm': '4.2'}",['IS 10500:2012'],False,,2015,2019-01-01,"[{'amendment_number': 'Amendment 1', 'date': '2019-01-01', 'description': 'Pressure class nomenclature updated'}]","""Specifies the requirements for unplasticized PVC pipes for potable water supplies.""",ISO Equivalent,1.0,BIS Official Standard Publication (Backend Primary),Civil Engineering,Water Supply & Sewerage,"This standard specifies the requirements for unplasticized polyvinyl chloride (PVC-U) pipes for potable water supply. It covers pipes with nominal diameters ranging from 20mm to 315mm, classified by working pressure ratings. The standard specifies requirements for wall thickness, tensile strength, and resistance to internal hydrostatic pressure. It includes methods for sampling and testing the pipes.",2015,Active,Bureau of Indian Standards,False,['IS 10500:2012']
IS 15558:2005,Packs for Packaged Drinking Water (Other Than Packaged Natural Mineral Water) - Specification,,Packaging,Food Packaging,"This standard specifies the requirements for packaging used for packaged drinking water. It covers the material requirements for bottles, caps, and seals used in the packaging of drinking water. The standard specifies the requirements for the plastic material and its compliance with food contact safety. This standard is used to ensure the integrity and safety of packaged water containers.","['packs', 'for', 'packaged', 'drinking', 'water', 'other', 'than', 'natural']","{'material': 'PET', 'capacity_l': '1'}",['IS 10500:2012'],False,,2005,2013-01-01,"[{'amendment_number': 'Amendment 1', 'date': '2013-01-01', 'description': 'PET material requirements updated'}]","""Specifies the requirements for packs used for packaged drinking water.""",ISO Equivalent,1.0,BIS Official Standard Publication (Backend Primary),Food & Agriculture,Agriculture & Food Processing,"This standard specifies the requirements for packaging used for packaged drinking water. It covers the material requirements for bottles, caps, and seals used in the packaging of drinking water. The standard specifies the requirements for the plastic material and its compliance with food contact safety. This standard is used to ensure the integrity and safety of packaged water containers.",2005,Active,Bureau of Indian Standards,False,['IS 10500:2012']
IS 15914:2016,Corrugated Fibreboard Boxes - Specification,,Packaging,Corrugated Packaging,"This standard specifies the requirements for corrugated fibreboard boxes used in general packaging applications. It covers the different flute types and board grades, specifying the bursting strength, compression strength, and grammage requirements. The standard includes requirements for the dimensions, construction, and jointing of the boxes. It specifies methods for testing the boxes and marking requirements.","['corrugated', 'fibreboard', 'boxes', 'specification', 'packaging']","{'bursting_strength_kg_cm2': '14', 'grammage_gsm': '400', 'edge_crush_kn_m': '8'}","['IS 15914:2016', 'IS 15558:2005']",False,,2016,2020-01-01,"[{'amendment_number': 'Amendment 1', 'date': '2020-01-01', 'description': 'Compression test method updated'}]","""Specifies the requirements for corrugated fibreboard boxes for general packaging.""",ISO Equivalent,1.0,BIS Official Standard Publication (Backend Primary),Civil Engineering,General Engineering,"This standard specifies the requirements for corrugated fibreboard boxes used in general packaging applications. It covers the different flute types and board grades, specifying the bursting strength, compression strength, and grammage requirements. The standard includes requirements for the dimensions, construction, and jointing of the boxes. It specifies methods for testing the boxes and marking requirements.",2016,Active,Bureau of Indian Standards,False,"['IS 15914:2016', 'IS 15558:2005']"
IS 2408:2011,Jute Bags for Packing Wool - Specification,,Packaging,Sacks and Bags,"This standard specifies the requirements for jute bags used for packing wool. It covers the dimensions, construction, and quality of the jute fabric used in making the bags. The standard specifies the mass per unit area and breaking load requirements for the fabric. It includes requirements for stitching and the overall strength of the bags.","['jute', 'bags', 'for', 'packing', 'wool', 'specification', 'sacks', 'and']","{'gsm': '610', 'length_cm': '100'}",['IS 1216:2021'],False,,2011,2018-01-01,"[{'amendment_number': 'Amendment 1', 'date': '2018-01-01', 'description': 'Fabric grading clarified'}]","""Specifies the requirements for jute bags used for packing wool.""",ISO Equivalent,1.0,BIS Official Standard Publication (Backend Primary),Textiles,Technical Textiles & Packaging,"This standard specifies the requirements for jute bags used for packing wool. It covers the dimensions, construction, and quality of the jute fabric used in making the bags. The standard specifies the mass per unit area and breaking load requirements for the fabric. It includes requirements for stitching and the overall strength of the bags.",2011,Active,Bureau of Indian Standards,False,['IS 1216:2021']
IS 6611:2013,Packaging Material - Paper and Board - Preparation of Water Extracts - Test Method,,Packaging,Packaging Materials,This standard specifies the test method for the preparation of water extracts from paper and board packaging material. It is used to evaluate the cleanliness and suitability of paper-based packaging for contact with food. The method describes the procedure for extracting water-soluble components from the packaging. This test is important for the safety assessment of food contact paper.,"['packaging', 'material', 'paper', 'and', 'board', 'preparation', 'water', 'extracts']","{'test_method': 'Water extraction', 'extract_time_min': '30'}",['IS 15914:2016'],False,,2013,2019-01-01,"[{'amendment_number': 'Amendment 1', 'date': '2019-01-01', 'description': 'Extraction procedure revised'}]","""Specifies the method for the preparation of water extracts from paper and board packaging material.""",ISO Equivalent,1.0,BIS Official Standard Publication (Backend Primary),Civil Engineering,General Engineering,This standard specifies the test method for the preparation of water extracts from paper and board packaging material. It is used to evaluate the cleanliness and suitability of paper-based packaging for contact with food. The method describes the procedure for extracting water-soluble components from the packaging. This test is important for the safety assessment of food contact paper.,2013,Active,Bureau of Indian Standards,False,['IS 15914:2016']
IS 2112:2000,Automotive Vehicles - Seat Belt Assemblies - Specification,ऑटोमोटिव सीट बेल्ट,Automotive Components,Safety Systems,"This standard specifies the requirements for seat belt assemblies used in automotive vehicles. It covers the requirements for the seat belt webbing, buckles, retractors, and adjustment devices. The standard specifies the performance requirements including static strength, dynamic test requirements, and durability. It includes testing methods for the seat belt assembly.","['specification', 'quality', 'bis', 'automotive', 'seat', 'india', 'testing', 'certification', 'belts', 'requirements']","{'webbing_width_mm': '46', 'breaking_load_kn': '22.2'}",['IS 14090:2010'],True,2022-06-01,2000,2012-01-01,"[{'amendment_number': 'Amendment 1', 'date': '2004-01-01', 'description': 'Webbing requirements updated'}, {'amendment_number': 'Amendment 2', 'date': '2012-01-01', 'description': 'Dynamic test requirement added'}]","""Specifies the requirements for seat belt assemblies for automotive vehicles.""",ISO 3925:2015,1.0,BIS Official Standard Publication (Backend Primary),Transport Engineering,Automotive & Road Safety,"This standard specifies the requirements for seat belt assemblies used in automotive vehicles. It covers the requirements for the seat belt webbing, buckles, retractors, and adjustment devices. The standard specifies the performance requirements including static strength, dynamic test requirements, and durability. It includes testing methods for the seat belt assembly.",2000,Active,Bureau of Indian Standards,True,['IS 14090:2010']
IS 14090:2010,Automotive Vehicles - Anchorages for Seat Belt Assemblies - Specification,,Automotive Components,Safety Systems,"This standard specifies the requirements for the anchorages for seat belt assemblies in automotive vehicles. It specifies the location, strength, and testing requirements for the seat belt anchorages. The standard requires that anchorages withstand the loads imposed during a collision. It specifies the testing procedures for verifying the strength of the anchorages.","['automotive', 'vehicles', 'anchorages', 'for', 'seat', 'belt', 'assemblies', 'specification']","{'anchorage_force_kn': '22', 'locations': 'Lower and upper'}",['IS 2112:2000'],True,2022-06-01,2010,2015-01-01,"[{'amendment_number': 'Amendment 1', 'date': '2015-01-01', 'description': 'Testing procedure updated'}]","""Specifies the requirements for anchorages for seat belt assemblies in automotive vehicles.""",ISO Equivalent,1.0,BIS Official Standard Publication (Backend Primary),Transport Engineering,Automotive & Road Safety,"This standard specifies the requirements for the anchorages for seat belt assemblies in automotive vehicles. It specifies the location, strength, and testing requirements for the seat belt anchorages. The standard requires that anchorages withstand the loads imposed during a collision. It specifies the testing procedures for verifying the strength of the anchorages.",2010,Active,Bureau of Indian Standards,True,['IS 2112:2000']
IS 15633:2006,Automotive Vehicles - Brake Linings - Specification,,Automotive Components,Braking Systems,"This standard specifies the requirements for brake linings used in automotive vehicles. It covers the friction material requirements, including coefficient of friction and wear characteristics. The standard specifies the composition and physical characteristics of the brake lining material. It includes procedures for testing the friction and wear properties of the lining.","['automotive', 'vehicles', 'brake', 'linings', 'specification', 'braking', 'systems']","{'coefficient_of_friction': '0.4', 'max_operating_temp_degc': '300'}",['IS 15633:2006'],False,,2006,2014-01-01,"[{'amendment_number': 'Amendment 1', 'date': '2014-01-01', 'description': 'Friction test procedure revised'}]","""Specifies the requirements for brake linings for automotive vehicles.""",ISO Equivalent,1.0,BIS Official Standard Publication (Backend Primary),Transport Engineering,Automotive & Road Safety,"This standard specifies the requirements for brake linings used in automotive vehicles. It covers the friction material requirements, including coefficient of friction and wear characteristics. The standard specifies the composition and physical characteristics of the brake lining material. It includes procedures for testing the friction and wear properties of the lining.",2006,Active,Bureau of Indian Standards,False,['IS 15633:2006']
IS 14666:1999,Automotive Vehicles - Tyres and Tubes - Method of Test,,Automotive Components,Tyres,"This standard specifies the methods of testing automotive tyres and tubes. It covers test methods for the physical and performance characteristics of the tyres, including strength, endurance, and high speed performance. The standard describes the test rig requirements and procedures for tyre testing. It is intended for verifying tyre quality in automotive applications.","['automotive', 'vehicles', 'tyres', 'and', 'tubes', 'method', 'test']","{'test_method': 'Endurance and high speed', 'test_speed_kmph': '120'}",['IS 15633:2006'],False,,1999,2008-01-01,"[{'amendment_number': 'Amendment 1', 'date': '2008-01-01', 'description': 'High speed test updated'}]","""Specifies the methods of testing for automotive tyres and tubes.""",ISO Equivalent,1.0,BIS Official Standard Publication (Backend Primary),Transport Engineering,Automotive & Road Safety,"This standard specifies the methods of testing automotive tyres and tubes. It covers test methods for the physical and performance characteristics of the tyres, including strength, endurance, and high speed performance. The standard describes the test rig requirements and procedures for tyre testing. It is intended for verifying tyre quality in automotive applications.",1999,Active,Bureau of Indian Standards,False,['IS 15633:2006']
IS 9873(Part 1):2019,Safety of Toys - Part 1: Safety Aspects Related to Mechanical and Physical Properties,,Household Appliances,Toys,"This standard specifies the mechanical and physical safety requirements for all toys intended for children up to 14 years of age. It covers requirements for small parts, sharp edges and points, and the danger of suffocation due to packaging. The standard specifies age-based requirements for the design of toys to prevent injury. It includes testing methods for the evaluation of toy safety.","['safety', 'toys', 'part', 'aspects', 'related', 'mechanical', 'and', 'physical']","{'age_range': '0-14 years', 'small_parts_test': 'Required'}",['IS 9873(Part 2):2017'],True,2021-01-01,2019,2021-01-01,"[{'amendment_number': 'Amendment 1', 'date': '2021-01-01', 'description': 'New hazard categories added'}]","""Specifies the mechanical and physical safety requirements for toys intended for children up to 14 years of age.""",ISO Equivalent,1.0,BIS Official Standard Publication (Backend Primary),Mechanical Engineering,Industrial Machinery & Appliances,"This standard specifies the mechanical and physical safety requirements for all toys intended for children up to 14 years of age. It covers requirements for small parts, sharp edges and points, and the danger of suffocation due to packaging. The standard specifies age-based requirements for the design of toys to prevent injury. It includes testing methods for the evaluation of toy safety.",2019,Active,Bureau of Indian Standards,True,['IS 9873(Part 2):2017']
IS 9873(Part 2):2017,Safety of Toys - Part 2: Flammability,,Household Appliances,Toys,"This standard specifies the flammability requirements for all toys intended for children. It specifies the maximum burning rate and the categories of toys that must not be flammable. The standard covers the materials and textiles used in toys, requiring that they do not catch fire easily. It sets out the test methods for determining the flammability of toys.","['safety', 'toys', 'part', 'flammability']","{'max_burning_rate_mm_s': '5', 'test_method': 'Burning rate determination'}",['IS 9873(Part 1):2019'],True,2021-01-01,2017,2020-01-01,"[{'amendment_number': 'Amendment 1', 'date': '2020-01-01', 'description': 'Burning rate limit revised'}]","""Specifies the flammability requirements for all toys intended for children.""",ISO Equivalent,1.0,BIS Official Standard Publication (Backend Primary),Mechanical Engineering,Industrial Machinery & Appliances,"This standard specifies the flammability requirements for all toys intended for children. It specifies the maximum burning rate and the categories of toys that must not be flammable. The standard covers the materials and textiles used in toys, requiring that they do not catch fire easily. It sets out the test methods for determining the flammability of toys.",2017,Active,Bureau of Indian Standards,True,['IS 9873(Part 1):2019']
IS 14000:2015,Metal Food Cans for Beverages - Specification,,Packaging,Food Packaging,"This standard specifies the requirements for metal cans used for packaging carbonated and non-carbonated beverages. It covers the requirements for the can body, ends, and the internal coating that comes into contact with the beverage. The standard specifies requirements for the dimensions, capacity, and sealing integrity of the cans. It addresses the requirements for compatibility with beverage products.","['metal', 'food', 'cans', 'for', 'beverages', 'specification', 'packaging']","{'capacity_ml': '330', 'material': 'Aluminium', 'lid_type': 'Easy-open end'}","['IS 3612:2019', 'IS 15558:2005']",True,2026-10-01,2015,2021-01-01,"[{'amendment_number': 'Amendment 1', 'date': '2021-01-01', 'description': 'Beverage can QCO alignment'}]","""Specifies the requirements for metal cans used for packaging beverages.""",ISO Equivalent,1.0,BIS Official Standard Publication (Backend Primary),Food & Agriculture,Agriculture & Food Processing,"This standard specifies the requirements for metal cans used for packaging carbonated and non-carbonated beverages. It covers the requirements for the can body, ends, and the internal coating that comes into contact with the beverage. The standard specifies requirements for the dimensions, capacity, and sealing integrity of the cans. It addresses the requirements for compatibility with beverage products.",2015,Active,Bureau of Indian Standards,True,"['IS 3612:2019', 'IS 15558:2005']"
IS 17631:2021,Office Furniture - Work Chairs - Specification,,Household Appliances,Furniture,"This standard specifies the requirements for work chairs used in offices and workplaces. It covers the dimensions, stability, strength, and durability requirements for office work chairs. The standard specifies the performance requirements for the seat, backrest, and swivel mechanism under load. It includes test methods for evaluating the strength and stability of the chairs.","['office', 'furniture', 'work', 'chairs', 'specification']","{'load_capacity_kg': '120', 'seat_height_range_cm': '40-55'}",['IS 9873(Part 1):2019'],True,2026-02-01,2021,2023-01-01,"[{'amendment_number': 'Amendment 1', 'date': '2023-01-01', 'description': 'Furniture QCO enforcement'}]","""Specifies the requirements for work chairs used in offices and workplaces.""",ISO Equivalent,1.0,BIS Official Standard Publication (Backend Primary),Mechanical Engineering,Industrial Machinery & Appliances,"This standard specifies the requirements for work chairs used in offices and workplaces. It covers the dimensions, stability, strength, and durability requirements for office work chairs. The standard specifies the performance requirements for the seat, backrest, and swivel mechanism under load. It includes test methods for evaluating the strength and stability of the chairs.",2021,Active,Bureau of Indian Standards,True,['IS 9873(Part 1):2019']
IS 12062:2021,Paints - Water Thinned Emulsion Paint for Interior Use - Specification,,Chemicals,Paints and Coatings,"This standard specifies the requirements for water-thinned emulsion paint for interior use. It covers the physical, chemical, and performance requirements of the paint including viscosity, drying time, and washability. The standard specifies the test methods for evaluation of the paint properties. It includes requirements for the appearance, spreadability, and durability of the coating.","['paints', 'water', 'thinned', 'emulsion', 'paint', 'for', 'interior', 'use']","{'viscosity_ku': '90', 'drying_time_h': '2', 'washability_cycles': '1000'}",['IS 101:2015'],False,,2021,2022-01-01,"[{'amendment_number': 'Amendment 1', 'date': '2022-01-01', 'description': 'VOC limit added'}]","""Specifies the requirements for water-thinned emulsion paint for interior use.""",ISO Equivalent,1.0,BIS Official Standard Publication (Backend Primary),Chemicals,Industrial Chemicals & Coatings,"This standard specifies the requirements for water-thinned emulsion paint for interior use. It covers the physical, chemical, and performance requirements of the paint including viscosity, drying time, and washability. The standard specifies the test methods for evaluation of the paint properties. It includes requirements for the appearance, spreadability, and durability of the coating.",2021,Active,Bureau of Indian Standards,False,['IS 101:2015']
IS 101:2015,"Methods of Sampling and Test for Paints, Varnishes and Related Products",,Chemicals,Paints and Coatings,"This standard specifies the methods of sampling and testing for paints, varnishes, and related products. It covers test methods for determining the physical and chemical properties of coatings including viscosity, drying time, and coverage. The standard provides standard test procedures used across the paints industry. It includes methods for preparing panels and testing films.","['methods', 'sampling', 'and', 'test', 'for', 'paints', 'varnishes', 'related']","{'test_methods': 'Viscosity, drying time, coverage'}",['IS 12062:2021'],False,,2015,2020-01-01,"[{'amendment_number': 'Amendment 1', 'date': '2020-01-01', 'description': 'Test methods aligned with ISO'}]","""Specifies the methods of sampling and testing for paints, varnishes and related products.""",ISO Equivalent,1.0,BIS Official Standard Publication (Backend Primary),Chemicals,Industrial Chemicals & Coatings,"This standard specifies the methods of sampling and testing for paints, varnishes, and related products. It covers test methods for determining the physical and chemical properties of coatings including viscosity, drying time, and coverage. The standard provides standard test procedures used across the paints industry. It includes methods for preparing panels and testing films.",2015,Active,Bureau of Indian Standards,False,['IS 12062:2021']
IS 3988(Part 1):2000,Motor Vehicle - Safety Glass - Specification,,Automotive Components,Glazing,"This standard specifies the requirements for safety glass used in motor vehicles. It covers the optical quality, dimensional accuracy, and safety performance of the glazing. The standard specifies the requirements for laminated and toughened safety glass used in windshields and side windows. It includes test methods for the optical and mechanical properties of the glass.","['motor', 'vehicle', 'safety', 'glass', 'specification', 'glazing']","{'type': 'Toughened', 'thickness_mm': '4'}",['IS 2112:2000'],False,,2000,2012-01-01,"[{'amendment_number': 'Amendment 1', 'date': '2012-01-01', 'description': 'Optical quality requirements updated'}]","""Specifies the requirements for safety glass used in motor vehicles.""",ISO Equivalent,1.0,BIS Official Standard Publication (Backend Primary),Civil Engineering,Construction & Infrastructure,"This standard specifies the requirements for safety glass used in motor vehicles. It covers the optical quality, dimensional accuracy, and safety performance of the glazing. The standard specifies the requirements for laminated and toughened safety glass used in windshields and side windows. It includes test methods for the optical and mechanical properties of the glass.",2000,Active,Bureau of Indian Standards,False,['IS 2112:2000']
IS 4274:2015,Marine Plywood - Specification,,Construction,Timber Products,"This standard specifies the requirements for marine plywood used in boat building and other marine applications. It covers the requirements for the veneers, adhesives, and the construction of marine grade plywood. The standard specifies the requirements for bonding quality and boil-resistance of the adhesive. It includes physical property requirements such as density and dimensional tolerance.","['marine', 'plywood', 'specification', 'timber', 'products']","{'thickness_mm': '12', 'bonder_type': 'Boil proof', 'density_kg_m3': '600'}",['IS 303:2017'],False,,2015,2019-01-01,"[{'amendment_number': 'Amendment 1', 'date': '2019-01-01', 'description': 'Bonding quality test updated'}]","""Specifies the requirements for marine plywood used for boat building and marine applications.""",ISO Equivalent,1.0,BIS Official Standard Publication (Backend Primary),Civil Engineering,Construction & Infrastructure,"This standard specifies the requirements for marine plywood used in boat building and other marine applications. It covers the requirements for the veneers, adhesives, and the construction of marine grade plywood. The standard specifies the requirements for bonding quality and boil-resistance of the adhesive. It includes physical property requirements such as density and dimensional tolerance.",2015,Active,Bureau of Indian Standards,False,['IS 303:2017']
IS 303:2017,Plywood for General Purposes - Specification,,Construction,Timber Products,"This standard specifies the requirements for plywood for general purposes. It covers the different grades of plywood based on the quality of the veneers and the type of adhesive used. The standard specifies requirements for moisture content, density, and dimensional tolerance. It includes requirements for the working properties of the plywood.","['plywood', 'for', 'general', 'purposes', 'specification', 'timber', 'products']","{'moisture_content_percent': '14', 'thickness_mm': '6'}",['IS 4274:2015'],False,,2017,2020-01-01,"[{'amendment_number': 'Amendment 1', 'date': '2020-01-01', 'description': 'Bonding quality classes added'}]","""Specifies the requirements for plywood for general purposes.""",ISO Equivalent,1.0,BIS Official Standard Publication (Backend Primary),Civil Engineering,Construction & Infrastructure,"This standard specifies the requirements for plywood for general purposes. It covers the different grades of plywood based on the quality of the veneers and the type of adhesive used. The standard specifies requirements for moisture content, density, and dimensional tolerance. It includes requirements for the working properties of the plywood.",2017,Active,Bureau of Indian Standards,False,['IS 4274:2015']
IS 1239 (Part 1):2004,MS ERW Pipes — Specification,एमएस ईआरडब्ल्यू पाइप,Construction and Civil Engineering,Pipes,"This standard prescribes the requirements for MS ERW Pipes. It covers the manufacturing, testing, and quality control processes. Designed to ensure product safety and reliability in Construction and Civil Engineering.","['MS ERW pipe', 'mild steel pipe', 'ERW', 'water supply pipe', 'GI pipe', 'galvanized pipe', 'plumbing', 'sewage pipe', 'steel tube', 'gas supply', 'welded pipe', 'black steel pipe']","{'compressive_strength': '53 MPa', 'tensile_strength': '400 MPa', 'water_absorption': '5%', 'grade': 'M30', 'density': '2400 kg/m³'}","['IS 2189:2008', 'IS 374:2019', 'IS 14220:1994']",False,2026-08-15,"1st Revision, 2020",2024-05-10,"[{'amendment_number': 'Amd 1', 'date': '2024-05-10', 'description': 'Updated minor specifications and testing procedures'}]","""MS ERW Pipes — Specification specifies requirements and methods of test under Indian Standards.""",ISO 6408:2015,1.4,BIS Official Standard Publication (Backend Primary),Civil Engineering,Water Supply & Sewerage,"This standard prescribes the requirements for MS ERW Pipes. It covers the manufacturing, testing, and quality control processes. Designed to ensure product safety and reliability in Construction and Civil Engineering.",2004,Active,Bureau of Indian Standards,False,"['IS 2189:2008', 'IS 374:2019', 'IS 14220:1994']"
IS 4984:2016,HDPE Pipes — Specification,एचडीपीई पाइप,Construction and Civil Engineering,Pipes,"This standard prescribes the requirements for HDPE Pipes. It covers the manufacturing, testing, and quality control processes. Designed to ensure product safety and reliability in Construction and Civil Engineering.","['HDPE pipe', 'polyethylene pipe', 'irrigation pipe', 'water supply HDPE', 'PE 100', 'PE 80', 'pressure pipe HDPE', 'underground pipe', 'potable water pipe', 'plastic pipe water', 'drip irrigation pipe', 'sprinkler irrigation']","{'compressive_strength': '53 MPa', 'tensile_strength': '400 MPa', 'water_absorption': '5%', 'grade': 'M30', 'density': '2400 kg/m³'}","['IS 17482:2020', 'IS 15410:2003']",False,2026-08-15,"1st Revision, 2020",2024-05-10,"[{'amendment_number': 'Amd 1', 'date': '2024-05-10', 'description': 'Updated minor specifications and testing procedures'}]","""HDPE Pipes — Specification specifies requirements and methods of test under Indian Standards.""",ISO 7095:2015,1.4,BIS Official Standard Publication (Backend Primary),Civil Engineering,Water Supply & Sewerage,"This standard prescribes the requirements for HDPE Pipes. It covers the manufacturing, testing, and quality control processes. Designed to ensure product safety and reliability in Construction and Civil Engineering.",2016,Active,Bureau of Indian Standards,False,"['IS 17482:2020', 'IS 15410:2003']"
IS 2189:2008,Fire Detection Systems — Specification,अग्नि पहचान प्रणाली,Electrical and Electronics,Fire Safety,"This standard prescribes the requirements for Fire Detection Systems. It covers the manufacturing, testing, and quality control processes. Designed to ensure product safety and reliability in Electrical and Electronics.","['fire detection system', 'fire alarm system', 'smoke detector', 'heat detector', 'automatic fire detection', 'fire alarm panel', 'FACP', 'building fire safety', 'fire protection system', 'sprinkler fire', 'emergency alarm', 'addressable fire alarm']","{'wattage': '100W', 'voltage': '240V', 'ip_rating': 'IP65', 'frequency': '50Hz', 'power_factor': '0.95', 'lumen_output': '10000 lm'}","['IS 10106 (Part 1/Sec 1):1990', 'IS 269:2015', 'IS 13021:1991']",False,2026-08-15,"1st Revision, 2020",2024-05-10,"[{'amendment_number': 'Amd 1', 'date': '2024-05-10', 'description': 'Updated minor specifications and testing procedures'}]","""Fire Detection Systems — Specification specifies requirements and methods of test under Indian Standards.""",ISO 8805:2015,1.3,BIS Official Standard Publication (Backend Primary),Civil Engineering,Disaster Mitigation & Fire Safety,"This standard prescribes the requirements for Fire Detection Systems. It covers the manufacturing, testing, and quality control processes. Designed to ensure product safety and reliability in Electrical and Electronics.",2008,Active,Bureau of Indian Standards,False,"['IS 10106 (Part 1/Sec 1):1990', 'IS 269:2015', 'IS 13021:1991']"
IS 16289:2014,Surgical Masks — Specification,सर्जिकल मास्क,Textiles,Medical Textiles,"This standard prescribes the requirements for Surgical Masks. It covers the manufacturing, testing, and quality control processes. Designed to ensure product safety and reliability in Textiles.","['specification', 'quality', 'masks', 'bis', 'india', 'surgical', 'testing', 'certification', 'requirements', 'compliance']","{'gsm': '150', 'thread_count': '200', 'tensile_strength': '300 N', 'tear_strength': '15 N', 'color_fastness': '4.5'}",['IS 3770:1994'],False,2026-08-15,"1st Revision, 2020",2024-05-10,"[{'amendment_number': 'Amd 1', 'date': '2024-05-10', 'description': 'Updated minor specifications and testing procedures'}]","""Surgical Masks — Specification specifies requirements and methods of test under Indian Standards.""",ISO 1509:2015,1.0,BIS Official Standard Publication (Backend Primary),Medical Equipment & Hospital Planning,Healthcare & Medical Devices,"This standard prescribes the requirements for Surgical Masks. It covers the manufacturing, testing, and quality control processes. Designed to ensure product safety and reliability in Textiles.",2014,Active,Bureau of Indian Standards,False,['IS 3770:1994']
IS 15105:2002,Fire Safety Sprinklers — Specification,अग्नि सुरक्षा स्प्रिंकलर,Electrical and Electronics,Fire Safety,"This standard prescribes the requirements for Fire Safety Sprinklers. It covers the manufacturing, testing, and quality control processes. Designed to ensure product safety and reliability in Electrical and Electronics.","['fire', 'safety', 'quality', 'bis', 'specification', 'sprinklers', 'india', 'testing', 'certification', 'requirements']","{'wattage': '100W', 'voltage': '240V', 'ip_rating': 'IP65', 'frequency': '50Hz', 'power_factor': '0.95', 'lumen_output': '10000 lm'}","['IS 10106 (Part 1/Sec 1):1990', 'IS 7138:1993', 'IS 252:2013']",True,2026-10-01,"1st Revision, 2020",2024-05-10,"[{'amendment_number': 'Amd 1', 'date': '2024-05-10', 'description': 'Updated minor specifications and testing procedures'}]","""Fire Safety Sprinklers — Specification specifies requirements and methods of test under Indian Standards.""",ISO 1857:2015,1.0,BIS Official Standard Publication (Backend Primary),Civil Engineering,Disaster Mitigation & Fire Safety,"This standard prescribes the requirements for Fire Safety Sprinklers. It covers the manufacturing, testing, and quality control processes. Designed to ensure product safety and reliability in Electrical and Electronics.",2002,Active,Bureau of Indian Standards,True,"['IS 10106 (Part 1/Sec 1):1990', 'IS 7138:1993', 'IS 252:2013']"
IS 1944 (Part 1):1990,Lighting of Public Thoroughfares — Specification,सार्वजनिक मार्गों की प्रकाश व्यवस्था,Electrical and Electronics,Lighting,"This standard prescribes the requirements for Lighting of Public Thoroughfares. It covers the manufacturing, testing, and quality control processes. Designed to ensure product safety and reliability in Electrical and Electronics.","['specification', 'quality', 'bis', 'thoroughfares', 'india', 'testing', 'public', 'certification', 'requirements', 'compliance']","{'wattage': '100W', 'voltage': '240V', 'ip_rating': 'IP65', 'frequency': '50Hz', 'power_factor': '0.95', 'lumen_output': '10000 lm'}",['IS 2553 (Part 2):2019'],True,2026-10-01,"1st Revision, 2020",2024-05-10,"[{'amendment_number': 'Amd 1', 'date': '2024-05-10', 'description': 'Updated minor specifications and testing procedures'}]","""Lighting of Public Thoroughfares — Specification specifies requirements and methods of test under Indian Standards.""",ISO 5652:2015,1.0,BIS Official Standard Publication (Backend Primary),Electrotechnical,Power & Energy,"This standard prescribes the requirements for Lighting of Public Thoroughfares. It covers the manufacturing, testing, and quality control processes. Designed to ensure product safety and reliability in Electrical and Electronics.",1990,Active,Bureau of Indian Standards,True,['IS 2553 (Part 2):2019']
IS 1489 (Part 1):2015,Portland Pozzolana Cement — Specification,पोर्टलैंड पॉज़ोलाना सीमेंट,Construction and Civil Engineering,Cement,"This standard prescribes the requirements for Portland Pozzolana Cement. It covers the manufacturing, testing, and quality control processes. Designed to ensure product safety and reliability in Construction and Civil Engineering.","['cement', 'specification', 'quality', 'bis', 'india', 'portland', 'pozzolana', 'testing', 'certification', 'requirements']","{'compressive_strength': '53 MPa', 'tensile_strength': '400 MPa', 'water_absorption': '5%', 'grade': 'M30', 'density': '2400 kg/m³'}",['IS 323:2009'],True,2026-08-15,"1st Revision, 2020",2024-05-10,"[{'amendment_number': 'Amd 1', 'date': '2024-05-10', 'description': 'Updated minor specifications and testing procedures'}]","""Portland Pozzolana Cement — Specification specifies requirements and methods of test under Indian Standards.""",ISO 6815:2015,1.0,BIS Official Standard Publication (Backend Primary),Civil Engineering,Construction & Infrastructure,"This standard prescribes the requirements for Portland Pozzolana Cement. It covers the manufacturing, testing, and quality control processes. Designed to ensure product safety and reliability in Construction and Civil Engineering.",2015,Active,Bureau of Indian Standards,True,['IS 323:2009']
IS 1554 (Part 1):1988,PVC insulated (heavy duty) electric cables — Specification,,Electrical and Electronics,Cables,"This standard prescribes the requirements for PVC insulated (heavy duty) electric cables. It covers the manufacturing, testing, and quality control processes. Designed to ensure product safety and reliability in Electrical and Electronics.","['cables', 'specification', 'quality', 'bis', 'insulated', '(heavy', 'india', 'electric', 'testing', 'pvc']","{'wattage': '100W', 'voltage': '240V', 'ip_rating': 'IP65', 'frequency': '50Hz', 'power_factor': '0.95', 'lumen_output': '10000 lm'}","['IS 1489 (Part 1):2015', 'IS 3770:1994']",True,2026-08-15,"1st Revision, 2020",2024-05-10,"[{'amendment_number': 'Amd 1', 'date': '2024-05-10', 'description': 'Updated minor specifications and testing procedures'}]","""PVC insulated (heavy duty) electric cables — Specification specifies requirements and methods of test under Indian Standards.""",ISO 5141:2015,1.0,BIS Official Standard Publication (Backend Primary),Electrotechnical,Power & Energy,"This standard prescribes the requirements for PVC insulated (heavy duty) electric cables. It covers the manufacturing, testing, and quality control processes. Designed to ensure product safety and reliability in Electrical and Electronics.",1988,Active,Bureau of Indian Standards,True,"['IS 1489 (Part 1):2015', 'IS 3770:1994']"
IS 732:1989,Code of practice for electrical wiring installations — Specification,विद्युत तारों की स्थापना के लिए अभ्यास संहिता,Electrical and Electronics,Wiring,"This standard prescribes the requirements for Code of practice for electrical wiring installations. It covers the manufacturing, testing, and quality control processes. Designed to ensure product safety and reliability in Electrical and Electronics.","['wiring', 'specification', 'quality', 'bis', 'electrical', 'installations', 'for', 'india', 'code', 'certification']","{'wattage': '100W', 'voltage': '240V', 'ip_rating': 'IP65', 'frequency': '50Hz', 'power_factor': '0.95', 'lumen_output': '10000 lm'}",['IS 1944 (Part 1):1990'],True,2026-10-01,"1st Revision, 2020",2024-05-10,"[{'amendment_number': 'Amd 1', 'date': '2024-05-10', 'description': 'Updated minor specifications and testing procedures'}]","""Code of practice for electrical wiring installations — Specification specifies requirements and methods of test under Indian Standards.""",ISO 1894:2015,1.0,BIS Official Standard Publication (Backend Primary),Electrotechnical,Power & Energy,"This standard prescribes the requirements for Code of practice for electrical wiring installations. It covers the manufacturing, testing, and quality control processes. Designed to ensure product safety and reliability in Electrical and Electronics.",1989,Active,Bureau of Indian Standards,True,['IS 1944 (Part 1):1990']
IS 3043:1987,Code of practice for earthing — Specification,,Electrical and Electronics,Earthing,"This standard prescribes the requirements for Code of practice for earthing. It covers the manufacturing, testing, and quality control processes. Designed to ensure product safety and reliability in Electrical and Electronics.","['specification', 'quality', 'bis', 'india', 'for', 'testing', 'code', 'certification', 'requirements', 'earthing']","{'wattage': '100W', 'voltage': '240V', 'ip_rating': 'IP65', 'frequency': '50Hz', 'power_factor': '0.95', 'lumen_output': '10000 lm'}","['IS 2347:2017', 'IS 800:2007', 'IS 1374:2007']",True,2026-08-15,"1st Revision, 2020",2024-05-10,"[{'amendment_number': 'Amd 1', 'date': '2024-05-10', 'description': 'Updated minor specifications and testing procedures'}]","""Code of practice for earthing — Specification specifies requirements and methods of test under Indian Standards.""",ISO 5433:2015,1.0,BIS Official Standard Publication (Backend Primary),Electrotechnical,Power & Energy,"This standard prescribes the requirements for Code of practice for earthing. It covers the manufacturing, testing, and quality control processes. Designed to ensure product safety and reliability in Electrical and Electronics.",1987,Active,Bureau of Indian Standards,True,"['IS 2347:2017', 'IS 800:2007', 'IS 1374:2007']"
IS 1445:1977,Porcelain insulators for overhead power lines — Specification,ओवरहेड पावर लाइनों के लिए चीनी मिट्टी के इन्सुलेटर,Electrical and Electronics,Insulators,"This standard prescribes the requirements for Porcelain insulators for overhead power lines. It covers the manufacturing, testing, and quality control processes. Designed to ensure product safety and reliability in Electrical and Electronics.","['overhead', 'standard', 'quality', 'bis', 'specification', 'lines', 'india', 'for', 'power', 'testing']","{'wattage': '100W', 'voltage': '240V', 'ip_rating': 'IP65', 'frequency': '50Hz', 'power_factor': '0.95', 'lumen_output': '10000 lm'}","['IS 2189:2008', 'IS 15410:2003']",True,2026-08-15,"1st Revision, 2020",2024-05-10,"[{'amendment_number': 'Amd 1', 'date': '2024-05-10', 'description': 'Updated minor specifications and testing procedures'}]","""Porcelain insulators for overhead power lines — Specification specifies requirements and methods of test under Indian Standards.""",ISO 4068:2015,1.0,BIS Official Standard Publication (Backend Primary),Electrotechnical,Power & Energy,"This standard prescribes the requirements for Porcelain insulators for overhead power lines. It covers the manufacturing, testing, and quality control processes. Designed to ensure product safety and reliability in Electrical and Electronics.",1977,Active,Bureau of Indian Standards,True,"['IS 2189:2008', 'IS 15410:2003']"
IS 17482:2020,Reusable Sanitary Pad — Specification,,Textiles,Personal Hygiene,"This standard prescribes the requirements for Reusable Sanitary Pad. It covers the manufacturing, testing, and quality control processes. Designed to ensure product safety and reliability in Textiles.","['pad', 'specification', 'quality', 'bis', 'india', 'testing', 'certification', 'reusable', 'compliance', 'requirements']","{'gsm': '150', 'thread_count': '200', 'tensile_strength': '300 N', 'tear_strength': '15 N', 'color_fastness': '4.5'}","['IS 383:2016', 'IS 11871:1986']",False,2026-10-01,"1st Revision, 2020",2024-05-10,"[{'amendment_number': 'Amd 1', 'date': '2024-05-10', 'description': 'Updated minor specifications and testing procedures'}]","""Reusable Sanitary Pad — Specification specifies requirements and methods of test under Indian Standards.""",ISO 9931:2015,1.0,BIS Official Standard Publication (Backend Primary),Civil Engineering,Water Supply & Sewerage,"This standard prescribes the requirements for Reusable Sanitary Pad. It covers the manufacturing, testing, and quality control processes. Designed to ensure product safety and reliability in Textiles.",2020,Active,Bureau of Indian Standards,False,"['IS 383:2016', 'IS 11871:1986']"
IS 11871:1986,Methods for determination of flammability of textile fabrics — Specification,,Textiles,Testing Methods,"This standard prescribes the requirements for Methods for determination of flammability of textile fabrics. It covers the manufacturing, testing, and quality control processes. Designed to ensure product safety and reliability in Textiles.","['fabrics', 'specification', 'quality', 'methods', 'bis', 'textile', 'india', 'for', 'determination', 'testing']","{'gsm': '150', 'thread_count': '200', 'tensile_strength': '300 N', 'tear_strength': '15 N', 'color_fastness': '4.5'}",['IS 2347:2017'],False,2026-10-01,"1st Revision, 2020",2024-05-10,"[{'amendment_number': 'Amd 1', 'date': '2024-05-10', 'description': 'Updated minor specifications and testing procedures'}]","""Methods for determination of flammability of textile fabrics — Specification specifies requirements and methods of test under Indian Standards.""",ISO 2543:2015,1.0,BIS Official Standard Publication (Backend Primary),Textiles,Technical Textiles & Packaging,"This standard prescribes the requirements for Methods for determination of flammability of textile fabrics. It covers the manufacturing, testing, and quality control processes. Designed to ensure product safety and reliability in Textiles.",1986,Active,Bureau of Indian Standards,False,['IS 2347:2017']
IS 15938:2011,Geotextiles — Specification,जियोटेक्सटाइल,Textiles,Technical Textiles,"This standard prescribes the requirements for Geotextiles. It covers the manufacturing, testing, and quality control processes. Designed to ensure product safety and reliability in Textiles.","['specification', 'quality', 'bis', 'india', 'testing', 'certification', 'geotextiles', 'requirements', 'compliance', 'standard']","{'gsm': '150', 'thread_count': '200', 'tensile_strength': '300 N', 'tear_strength': '15 N', 'color_fastness': '4.5'}","['IS 383:2016', 'IS 7019:1998']",True,2026-08-15,"1st Revision, 2020",2024-05-10,"[{'amendment_number': 'Amd 1', 'date': '2024-05-10', 'description': 'Updated minor specifications and testing procedures'}]","""Geotextiles — Specification specifies requirements and methods of test under Indian Standards.""",ISO 5564:2015,1.0,BIS Official Standard Publication (Backend Primary),Textiles,Technical Textiles & Packaging,"This standard prescribes the requirements for Geotextiles. It covers the manufacturing, testing, and quality control processes. Designed to ensure product safety and reliability in Textiles.",2011,Active,Bureau of Indian Standards,True,"['IS 383:2016', 'IS 7019:1998']"
IS 3770:1994,Cotton yarn — Specification,सूती धागा,Textiles,Yarns,"This standard prescribes the requirements for Cotton yarn. It covers the manufacturing, testing, and quality control processes. Designed to ensure product safety and reliability in Textiles.","['specification', 'quality', 'bis', 'yarn', 'india', 'testing', 'certification', 'cotton', 'requirements', 'compliance']","{'gsm': '150', 'thread_count': '200', 'tensile_strength': '300 N', 'tear_strength': '15 N', 'color_fastness': '4.5'}","['IS 2189:2008', 'IS 4984:2016']",False,2026-08-15,"1st Revision, 2020",2024-05-10,"[{'amendment_number': 'Amd 1', 'date': '2024-05-10', 'description': 'Updated minor specifications and testing procedures'}]","""Cotton yarn — Specification specifies requirements and methods of test under Indian Standards.""",ISO 4098:2015,1.0,BIS Official Standard Publication (Backend Primary),Textiles,Technical Textiles & Packaging,"This standard prescribes the requirements for Cotton yarn. It covers the manufacturing, testing, and quality control processes. Designed to ensure product safety and reliability in Textiles.",1994,Active,Bureau of Indian Standards,False,"['IS 2189:2008', 'IS 4984:2016']"
IS 1544:1973,Cotton calico — Specification,,Textiles,Fabrics,"This standard prescribes the requirements for Cotton calico. It covers the manufacturing, testing, and quality control processes. Designed to ensure product safety and reliability in Textiles.","['specification', 'quality', 'bis', 'calico', 'india', 'testing', 'certification', 'cotton', 'requirements', 'compliance']","{'gsm': '150', 'thread_count': '200', 'tensile_strength': '300 N', 'tear_strength': '15 N', 'color_fastness': '4.5'}","['IS 1077:1992', 'IS 11871:1986']",True,2026-08-15,"1st Revision, 2020",2024-05-10,"[{'amendment_number': 'Amd 1', 'date': '2024-05-10', 'description': 'Updated minor specifications and testing procedures'}]","""Cotton calico — Specification specifies requirements and methods of test under Indian Standards.""",ISO 3894:2015,1.0,BIS Official Standard Publication (Backend Primary),Textiles,Technical Textiles & Packaging,"This standard prescribes the requirements for Cotton calico. It covers the manufacturing, testing, and quality control processes. Designed to ensure product safety and reliability in Textiles.",1973,Active,Bureau of Indian Standards,True,"['IS 1077:1992', 'IS 11871:1986']"
IS 1166:2022,Condensed Milk — Specification,संघनित दूध,Food Safety,Dairy,"This standard prescribes the requirements for Condensed Milk. It covers the manufacturing, testing, and quality control processes. Designed to ensure product safety and reliability in Food Safety.","['specification', 'quality', 'bis', 'milk', 'india', 'testing', 'certification', 'requirements', 'compliance', 'standard']","{'moisture_content': '5%', 'acidity': '0.1%', 'protein_content': '12%', 'fat_content': '3%', 'shelf_life': '12 months'}","['IS 16010:2012', 'IS 302(Part 1):2008', 'IS 101:2021']",False,2026-08-15,"1st Revision, 2020",2024-05-10,"[{'amendment_number': 'Amd 1', 'date': '2024-05-10', 'description': 'Updated minor specifications and testing procedures'}]","""Condensed Milk — Specification specifies requirements and methods of test under Indian Standards.""",ISO 3730:2015,1.0,BIS Official Standard Publication (Backend Primary),Food & Agriculture,Agriculture & Food Processing,"This standard prescribes the requirements for Condensed Milk. It covers the manufacturing, testing, and quality control processes. Designed to ensure product safety and reliability in Food Safety.",2022,Active,Bureau of Indian Standards,False,"['IS 16010:2012', 'IS 302(Part 1):2008', 'IS 101:2021']"
IS 3959:2004,Skimmed Milk Powder — Specification,,Food Safety,Dairy,"This standard prescribes the requirements for Skimmed Milk Powder. It covers the manufacturing, testing, and quality control processes. Designed to ensure product safety and reliability in Food Safety.","['specification', 'quality', 'bis', 'powder', 'milk', 'skimmed', 'india', 'testing', 'certification', 'requirements']","{'moisture_content': '5%', 'acidity': '0.1%', 'protein_content': '12%', 'fat_content': '3%', 'shelf_life': '12 months'}",['IS 15105:2002'],True,2026-10-01,"1st Revision, 2020",2024-05-10,"[{'amendment_number': 'Amd 1', 'date': '2024-05-10', 'description': 'Updated minor specifications and testing procedures'}]","""Skimmed Milk Powder — Specification specifies requirements and methods of test under Indian Standards.""",ISO 3428:2015,1.0,BIS Official Standard Publication (Backend Primary),Food & Agriculture,Agriculture & Food Processing,"This standard prescribes the requirements for Skimmed Milk Powder. It covers the manufacturing, testing, and quality control processes. Designed to ensure product safety and reliability in Food Safety.",2004,Active,Bureau of Indian Standards,True,['IS 15105:2002']
IS 11536:2007,Processed Cereal Based Complementary Foods — Specification,संसाधित अनाज आधारित पूरक खाद्य पदार्थ,Food Safety,Baby Food,"This standard prescribes the requirements for Processed Cereal Based Complementary Foods. It covers the manufacturing, testing, and quality control processes. Designed to ensure product safety and reliability in Food Safety.","['specification', 'quality', 'bis', 'cereal', 'complementary', 'foods', 'processed', 'india', 'testing', 'based']","{'moisture_content': '5%', 'acidity': '0.1%', 'protein_content': '12%', 'fat_content': '3%', 'shelf_life': '12 months'}","['IS 2189:2008', 'IS 1944 (Part 1):1990']",True,2026-10-01,"1st Revision, 2020",2024-05-10,"[{'amendment_number': 'Amd 1', 'date': '2024-05-10', 'description': 'Updated minor specifications and testing procedures'}]","""Processed Cereal Based Complementary Foods — Specification specifies requirements and methods of test under Indian Standards.""",ISO 6762:2015,1.0,BIS Official Standard Publication (Backend Primary),Food & Agriculture,Agriculture & Food Processing,"This standard prescribes the requirements for Processed Cereal Based Complementary Foods. It covers the manufacturing, testing, and quality control processes. Designed to ensure product safety and reliability in Food Safety.",2007,Active,Bureau of Indian Standards,True,"['IS 2189:2008', 'IS 1944 (Part 1):1990']"
IS 1374:2007,Poultry Feeds — Specification,,Food Safety,Animal Feed,"This standard prescribes the requirements for Poultry Feeds. It covers the manufacturing, testing, and quality control processes. Designed to ensure product safety and reliability in Food Safety.","['specification', 'quality', 'bis', 'poultry', 'india', 'testing', 'certification', 'requirements', 'compliance', 'feeds']","{'moisture_content': '5%', 'acidity': '0.1%', 'protein_content': '12%', 'fat_content': '3%', 'shelf_life': '12 months'}","['IS 10500:2012', 'IS 2771 (Part 1):1990', 'IS 7019:1998']",True,2026-08-15,"1st Revision, 2020",2024-05-10,"[{'amendment_number': 'Amd 1', 'date': '2024-05-10', 'description': 'Updated minor specifications and testing procedures'}]","""Poultry Feeds — Specification specifies requirements and methods of test under Indian Standards.""",ISO 6608:2015,1.0,BIS Official Standard Publication (Backend Primary),Food & Agriculture,Agriculture & Food Processing,"This standard prescribes the requirements for Poultry Feeds. It covers the manufacturing, testing, and quality control processes. Designed to ensure product safety and reliability in Food Safety.",2007,Active,Bureau of Indian Standards,True,"['IS 10500:2012', 'IS 2771 (Part 1):1990', 'IS 7019:1998']"
IS 15495:2004,Printing Ink for food packaging — Specification,,Food Safety,Packaging,"This standard prescribes the requirements for Printing Ink for food packaging. It covers the manufacturing, testing, and quality control processes. Designed to ensure product safety and reliability in Food Safety.","['food', 'ink', 'specification', 'quality', 'bis', 'packaging', 'india', 'for', 'testing', 'certification']","{'moisture_content': '5%', 'acidity': '0.1%', 'protein_content': '12%', 'fat_content': '3%', 'shelf_life': '12 months'}","['IS 2553 (Part 2):2019', 'IS 2112:2000', 'IS 2189:2008']",True,2026-08-15,"1st Revision, 2020",2024-05-10,"[{'amendment_number': 'Amd 1', 'date': '2024-05-10', 'description': 'Updated minor specifications and testing procedures'}]","""Printing Ink for food packaging — Specification specifies requirements and methods of test under Indian Standards.""",ISO 3555:2015,1.0,BIS Official Standard Publication (Backend Primary),Food & Agriculture,Agriculture & Food Processing,"This standard prescribes the requirements for Printing Ink for food packaging. It covers the manufacturing, testing, and quality control processes. Designed to ensure product safety and reliability in Food Safety.",2004,Active,Bureau of Indian Standards,True,"['IS 2553 (Part 2):2019', 'IS 2112:2000', 'IS 2189:2008']"
IS 299:2012,Alum — Specification,फिटकरी,Chemicals,Salts,"This standard prescribes the requirements for Alum. It covers the manufacturing, testing, and quality control processes. Designed to ensure product safety and reliability in Chemicals.","['specification', 'quality', 'bis', 'alum', 'india', 'testing', 'certification', 'requirements', 'compliance', 'standard']","{'purity': '99.5%', 'ph_range': '6.5-7.5', 'viscosity': '50 cP', 'flash_point': '100°C', 'density': '1.2 g/cm³'}",['IS 13021:1991'],True,2026-08-15,"1st Revision, 2020",2024-05-10,"[{'amendment_number': 'Amd 1', 'date': '2024-05-10', 'description': 'Updated minor specifications and testing procedures'}]","""Alum — Specification specifies requirements and methods of test under Indian Standards.""",ISO 2070:2015,1.0,BIS Official Standard Publication (Backend Primary),Chemicals,Industrial Chemicals & Coatings,"This standard prescribes the requirements for Alum. It covers the manufacturing, testing, and quality control processes. Designed to ensure product safety and reliability in Chemicals.",2012,Active,Bureau of Indian Standards,True,['IS 13021:1991']
IS 323:2009,Rectified Spirit — Specification,,Chemicals,Alcohols,"This standard prescribes the requirements for Rectified Spirit. It covers the manufacturing, testing, and quality control processes. Designed to ensure product safety and reliability in Chemicals.","['specification', 'quality', 'bis', 'rectified', 'india', 'testing', 'certification', 'spirit', 'compliance', 'requirements']","{'purity': '99.5%', 'ph_range': '6.5-7.5', 'viscosity': '50 cP', 'flash_point': '100°C', 'density': '1.2 g/cm³'}","['IS 1445:1977', 'IS 374:2019']",True,2026-10-01,"1st Revision, 2020",2024-05-10,"[{'amendment_number': 'Amd 1', 'date': '2024-05-10', 'description': 'Updated minor specifications and testing procedures'}]","""Rectified Spirit — Specification specifies requirements and methods of test under Indian Standards.""",ISO 5054:2015,1.0,BIS Official Standard Publication (Backend Primary),Chemicals,Industrial Chemicals & Coatings,"This standard prescribes the requirements for Rectified Spirit. It covers the manufacturing, testing, and quality control processes. Designed to ensure product safety and reliability in Chemicals.",2009,Active,Bureau of Indian Standards,True,"['IS 1445:1977', 'IS 374:2019']"
IS 101:2021,Methods of sampling and test for paints — Specification,पेंट के परीक्षण के तरीके,Chemicals,Paints,"This standard prescribes the requirements for Methods of sampling and test for paints. It covers the manufacturing, testing, and quality control processes. Designed to ensure product safety and reliability in Chemicals.","['and', 'paints', 'specification', 'quality', 'methods', 'bis', 'sampling', 'india', 'test', 'for']","{'purity': '99.5%', 'ph_range': '6.5-7.5', 'viscosity': '50 cP', 'flash_point': '100°C', 'density': '1.2 g/cm³'}","['IS 374:2019', 'IS 694:2010']",False,2026-10-01,"1st Revision, 2020",2024-05-10,"[{'amendment_number': 'Amd 1', 'date': '2024-05-10', 'description': 'Updated minor specifications and testing procedures'}]","""Methods of sampling and test for paints — Specification specifies requirements and methods of test under Indian Standards.""",ISO 1326:2015,1.0,BIS Official Standard Publication (Backend Primary),Chemicals,Industrial Chemicals & Coatings,"This standard prescribes the requirements for Methods of sampling and test for paints. It covers the manufacturing, testing, and quality control processes. Designed to ensure product safety and reliability in Chemicals.",2021,Active,Bureau of Indian Standards,False,"['IS 374:2019', 'IS 694:2010']"
IS 266:1993,Sulphuric acid — Specification,,Chemicals,Acids,"This standard prescribes the requirements for Sulphuric acid. It covers the manufacturing, testing, and quality control processes. Designed to ensure product safety and reliability in Chemicals.","['specification', 'quality', 'bis', 'sulphuric', 'india', 'testing', 'certification', 'requirements', 'compliance', 'acid']","{'purity': '99.5%', 'ph_range': '6.5-7.5', 'viscosity': '50 cP', 'flash_point': '100°C', 'density': '1.2 g/cm³'}",['IS 1239 (Part 1):2004'],False,2026-08-15,"1st Revision, 2020",2024-05-10,"[{'amendment_number': 'Amd 1', 'date': '2024-05-10', 'description': 'Updated minor specifications and testing procedures'}]","""Sulphuric acid — Specification specifies requirements and methods of test under Indian Standards.""",ISO 1768:2015,1.0,BIS Official Standard Publication (Backend Primary),Chemicals,Industrial Chemicals & Coatings,"This standard prescribes the requirements for Sulphuric acid. It covers the manufacturing, testing, and quality control processes. Designed to ensure product safety and reliability in Chemicals.",1993,Active,Bureau of Indian Standards,False,['IS 1239 (Part 1):2004']
IS 252:2013,Caustic Soda — Specification,कास्टिक सोडा,Chemicals,Alkalis,"This standard prescribes the requirements for Caustic Soda. It covers the manufacturing, testing, and quality control processes. Designed to ensure product safety and reliability in Chemicals.","['specification', 'quality', 'bis', 'caustic', 'soda', 'india', 'testing', 'certification', 'requirements', 'compliance']","{'purity': '99.5%', 'ph_range': '6.5-7.5', 'viscosity': '50 cP', 'flash_point': '100°C', 'density': '1.2 g/cm³'}","['IS 1944 (Part 1):1990', 'IS 16515:2017']",True,2026-08-15,"1st Revision, 2020",2024-05-10,"[{'amendment_number': 'Amd 1', 'date': '2024-05-10', 'description': 'Updated minor specifications and testing procedures'}]","""Caustic Soda — Specification specifies requirements and methods of test under Indian Standards.""",ISO 8973:2015,1.0,BIS Official Standard Publication (Backend Primary),Chemicals,Industrial Chemicals & Coatings,"This standard prescribes the requirements for Caustic Soda. It covers the manufacturing, testing, and quality control processes. Designed to ensure product safety and reliability in Chemicals.",2013,Active,Bureau of Indian Standards,True,"['IS 1944 (Part 1):1990', 'IS 16515:2017']"
IS 14220:1994,Automotive vehicles - Wheel rims — Specification,ऑटोमोटिव वाहन - व्हील रिम्स,Automotive Components,Wheels,"This standard prescribes the requirements for Automotive vehicles - Wheel rims. It covers the manufacturing, testing, and quality control processes. Designed to ensure product safety and reliability in Automotive Components.","['wheel', 'specification', 'quality', 'bis', 'automotive', 'india', 'testing', 'rims', 'certification', 'requirements']","{'tensile_strength': '500 MPa', 'hardness': '60 HRC', 'impact_resistance': '50 J', 'temperature_range': '-40°C to 120°C'}","['IS 1544:1973', 'IS 266:1993', 'IS 383:2016']",False,2026-10-01,"1st Revision, 2020",2024-05-10,"[{'amendment_number': 'Amd 1', 'date': '2024-05-10', 'description': 'Updated minor specifications and testing procedures'}]","""Automotive vehicles - Wheel rims — Specification specifies requirements and methods of test under Indian Standards.""",ISO 4057:2015,1.0,BIS Official Standard Publication (Backend Primary),Transport Engineering,Automotive & Road Safety,"This standard prescribes the requirements for Automotive vehicles - Wheel rims. It covers the manufacturing, testing, and quality control processes. Designed to ensure product safety and reliability in Automotive Components.",1994,Active,Bureau of Indian Standards,False,"['IS 1544:1973', 'IS 266:1993', 'IS 383:2016']"
IS 15945:2012,Automotive vehicles - Safety glazing — Specification,,Automotive Components,Glass,"This standard prescribes the requirements for Automotive vehicles - Safety glazing. It covers the manufacturing, testing, and quality control processes. Designed to ensure product safety and reliability in Automotive Components.","['safety', 'quality', 'bis', 'specification', 'automotive', 'india', 'testing', 'certification', 'requirements', 'compliance']","{'tensile_strength': '500 MPa', 'hardness': '60 HRC', 'impact_resistance': '50 J', 'temperature_range': '-40°C to 120°C'}",['IS 15495:2004'],True,2026-10-01,"1st Revision, 2020",2024-05-10,"[{'amendment_number': 'Amd 1', 'date': '2024-05-10', 'description': 'Updated minor specifications and testing procedures'}]","""Automotive vehicles - Safety glazing — Specification specifies requirements and methods of test under Indian Standards.""",ISO 6381:2015,1.0,BIS Official Standard Publication (Backend Primary),Transport Engineering,Automotive & Road Safety,"This standard prescribes the requirements for Automotive vehicles - Safety glazing. It covers the manufacturing, testing, and quality control processes. Designed to ensure product safety and reliability in Automotive Components.",2012,Active,Bureau of Indian Standards,True,['IS 15495:2004']
IS 16010:2012,Pneumatic tyres for commercial vehicles — Specification,वाणिज्यिक वाहनों के लिए वायवीय टायर,Automotive Components,Tyres,"This standard prescribes the requirements for Pneumatic tyres for commercial vehicles. It covers the manufacturing, testing, and quality control processes. Designed to ensure product safety and reliability in Automotive Components.","['pneumatic', 'quality', 'bis', 'specification', 'tyres', 'commercial', 'for', 'india', 'testing', 'certification']","{'tensile_strength': '500 MPa', 'hardness': '60 HRC', 'impact_resistance': '50 J', 'temperature_range': '-40°C to 120°C'}","['IS 2553 (Part 2):2019', 'IS 1166:2022']",True,2026-08-15,"1st Revision, 2020",2024-05-10,"[{'amendment_number': 'Amd 1', 'date': '2024-05-10', 'description': 'Updated minor specifications and testing procedures'}]","""Pneumatic tyres for commercial vehicles — Specification specifies requirements and methods of test under Indian Standards.""",ISO 4155:2015,1.0,BIS Official Standard Publication (Backend Primary),Transport Engineering,Automotive & Road Safety,"This standard prescribes the requirements for Pneumatic tyres for commercial vehicles. It covers the manufacturing, testing, and quality control processes. Designed to ensure product safety and reliability in Automotive Components.",2012,Active,Bureau of Indian Standards,True,"['IS 2553 (Part 2):2019', 'IS 1166:2022']"
IS 16515:2017,Two Wheeler and Motorcycle Protective Helmets - Specification,दोपहिया वाहन हेलमेट,Automotive Components,Safety Gear,"This standard prescribes the requirements for Two Wheeler Helmets. It covers the manufacturing, testing, and quality control processes. Designed to ensure product safety and reliability in Automotive Components.","['helmet', 'helmets', 'motorcycle helmet', 'two wheeler helmet', 'protective headgear', 'safety helmet']","{'tensile_strength': '500 MPa', 'hardness': '60 HRC', 'impact_resistance': '50 J', 'temperature_range': '-40°C to 120°C'}","['IS 299:2012', 'IS 7019:1998', 'IS 1489 (Part 1):2015']",True,2026-10-01,"1st Revision, 2020",2024-05-10,"[{'amendment_number': 'Amd 1', 'date': '2024-05-10', 'description': 'Updated minor specifications and testing procedures'}]","""Two Wheeler Helmets — Specification specifies requirements and methods of test under Indian Standards.""",ISO 4215:2015,1.6,BIS Official Standard Publication (Backend Primary),Transport Engineering,Automotive & Road Safety,"This standard prescribes the requirements for Two Wheeler Helmets. It covers the manufacturing, testing, and quality control processes. Designed to ensure product safety and reliability in Automotive Components.",2017,Active,Bureau of Indian Standards,True,"['IS 299:2012', 'IS 7019:1998', 'IS 1489 (Part 1):2015']"
IS 2553 (Part 2):2019,Safety glass for road vehicles — Specification,,Automotive Components,Glass,"This standard prescribes the requirements for Safety glass for road vehicles. It covers the manufacturing, testing, and quality control processes. Designed to ensure product safety and reliability in Automotive Components.","['standard', 'safety', 'quality', 'bis', 'road', 'specification', 'india', 'for', 'testing', 'certification']","{'tensile_strength': '500 MPa', 'hardness': '60 HRC', 'impact_resistance': '50 J', 'temperature_range': '-40°C to 120°C'}",['IS 1077:1992'],True,2026-10-01,"1st Revision, 2020",2024-05-10,"[{'amendment_number': 'Amd 1', 'date': '2024-05-10', 'description': 'Updated minor specifications and testing procedures'}]","""Safety glass for road vehicles — Specification specifies requirements and methods of test under Indian Standards.""",ISO 6728:2015,1.0,BIS Official Standard Publication (Backend Primary),Civil Engineering,Construction & Infrastructure,"This standard prescribes the requirements for Safety glass for road vehicles. It covers the manufacturing, testing, and quality control processes. Designed to ensure product safety and reliability in Automotive Components.",2019,Active,Bureau of Indian Standards,True,['IS 1077:1992']
IS 374:2019,Electric ceiling type fans — Specification,इलेक्ट्रिक सीलिंग टाइप पंखे,Household Appliances,Fans,"This standard prescribes the requirements for Electric ceiling type fans. It covers the manufacturing, testing, and quality control processes. Designed to ensure product safety and reliability in Household Appliances.","['standard', 'specification', 'quality', 'bis', 'india', 'electric', 'testing', 'certification', 'fans', 'requirements']","{'wattage': '1200W', 'voltage': '230V', 'energy_rating': '5 Star', 'noise_level': '45 dB', 'capacity': '1.5L'}",['IS 323:2009'],True,2026-10-01,"1st Revision, 2020",2024-05-10,"[{'amendment_number': 'Amd 1', 'date': '2024-05-10', 'description': 'Updated minor specifications and testing procedures'}]","""Electric ceiling type fans — Specification specifies requirements and methods of test under Indian Standards.""",ISO 6494:2015,1.0,BIS Official Standard Publication (Backend Primary),Mechanical Engineering,Industrial Machinery & Appliances,"This standard prescribes the requirements for Electric ceiling type fans. It covers the manufacturing, testing, and quality control processes. Designed to ensure product safety and reliability in Household Appliances.",2019,Active,Bureau of Indian Standards,True,['IS 323:2009']
IS 4150:1993,Tape recorders — Specification,,Household Appliances,Electronics,"This standard prescribes the requirements for Tape recorders. It covers the manufacturing, testing, and quality control processes. Designed to ensure product safety and reliability in Household Appliances.","['tape', 'quality', 'bis', 'specification', 'india', 'recorders', 'testing', 'certification', 'requirements', 'compliance']","{'wattage': '1200W', 'voltage': '230V', 'energy_rating': '5 Star', 'noise_level': '45 dB', 'capacity': '1.5L'}","['IS 1374:2007', 'IS 2553 (Part 2):2019']",True,2026-08-15,"1st Revision, 2020",2024-05-10,"[{'amendment_number': 'Amd 1', 'date': '2024-05-10', 'description': 'Updated minor specifications and testing procedures'}]","""Tape recorders — Specification specifies requirements and methods of test under Indian Standards.""",ISO 4538:2015,1.0,BIS Official Standard Publication (Backend Primary),Mechanical Engineering,Industrial Machinery & Appliances,"This standard prescribes the requirements for Tape recorders. It covers the manufacturing, testing, and quality control processes. Designed to ensure product safety and reliability in Household Appliances.",1993,Active,Bureau of Indian Standards,True,"['IS 1374:2007', 'IS 2553 (Part 2):2019']"
IS 4250:1980,Domestic electric food mixers — Specification,घरेलू बिजली के फूड मिक्सर,Household Appliances,Kitchen Appliances,"This standard prescribes the requirements for Domestic electric food mixers. It covers the manufacturing, testing, and quality control processes. Designed to ensure product safety and reliability in Household Appliances.","['food', 'specification', 'quality', 'mixers', 'domestic', 'bis', 'india', 'electric', 'testing', 'certification']","{'wattage': '1200W', 'voltage': '230V', 'energy_rating': '5 Star', 'noise_level': '45 dB', 'capacity': '1.5L'}","['IS 456:2000', 'IS 1166:2022', 'IS 15410:2003']",True,2026-08-15,"1st Revision, 2020",2024-05-10,"[{'amendment_number': 'Amd 1', 'date': '2024-05-10', 'description': 'Updated minor specifications and testing procedures'}]","""Domestic electric food mixers — Specification specifies requirements and methods of test under Indian Standards.""",ISO 2443:2015,1.0,BIS Official Standard Publication (Backend Primary),Mechanical Engineering,Industrial Machinery & Appliances,"This standard prescribes the requirements for Domestic electric food mixers. It covers the manufacturing, testing, and quality control processes. Designed to ensure product safety and reliability in Household Appliances.",1980,Active,Bureau of Indian Standards,True,"['IS 456:2000', 'IS 1166:2022', 'IS 15410:2003']"
IS 2347:2017,Domestic pressure cookers — Specification,घरेलू प्रेशर कुकर,Household Appliances,Kitchen Appliances,"This standard prescribes the requirements for Domestic pressure cookers. It covers the manufacturing, testing, and quality control processes. Designed to ensure product safety and reliability in Household Appliances.","['specification', 'quality', 'bis', 'domestic', 'pressure', 'india', 'testing', 'certification', 'requirements', 'compliance']","{'wattage': '1200W', 'voltage': '230V', 'energy_rating': '5 Star', 'noise_level': '45 dB', 'capacity': '1.5L'}","['IS 2189:2008', 'IS 10106 (Part 1/Sec 1):1990']",True,2026-10-01,"1st Revision, 2020",2024-05-10,"[{'amendment_number': 'Amd 1', 'date': '2024-05-10', 'description': 'Updated minor specifications and testing procedures'}]","""Domestic pressure cookers — Specification specifies requirements and methods of test under Indian Standards.""",ISO 2487:2015,1.0,BIS Official Standard Publication (Backend Primary),Mechanical Engineering,Industrial Machinery & Appliances,"This standard prescribes the requirements for Domestic pressure cookers. It covers the manufacturing, testing, and quality control processes. Designed to ensure product safety and reliability in Household Appliances.",2017,Active,Bureau of Indian Standards,True,"['IS 2189:2008', 'IS 10106 (Part 1/Sec 1):1990']"
IS 2771 (Part 1):1990,Corrugated fibreboard boxes — Specification,नालीदार फाइबरबोर्ड बक्से,Packaging,Boxes,"This standard prescribes the requirements for Corrugated fibreboard boxes. It covers the manufacturing, testing, and quality control processes. Designed to ensure product safety and reliability in Packaging.","['specification', 'quality', 'bis', 'india', 'testing', 'corrugated', 'certification', 'boxes', 'requirements', 'fibreboard']","{'gsm': '200', 'burst_strength': '350 kPa', 'moisture_resistance': 'High', 'compression_strength': '500 N'}","['IS 15938:2011', 'IS 11536:2007']",True,2026-08-15,"1st Revision, 2020",2024-05-10,"[{'amendment_number': 'Amd 1', 'date': '2024-05-10', 'description': 'Updated minor specifications and testing procedures'}]","""Corrugated fibreboard boxes — Specification specifies requirements and methods of test under Indian Standards.""",ISO 4333:2015,1.0,BIS Official Standard Publication (Backend Primary),Civil Engineering,General Engineering,"This standard prescribes the requirements for Corrugated fibreboard boxes. It covers the manufacturing, testing, and quality control processes. Designed to ensure product safety and reliability in Packaging.",1990,Active,Bureau of Indian Standards,True,"['IS 15938:2011', 'IS 11536:2007']"
IS 10106 (Part 1/Sec 1):1990,Packaging code — Specification,,Packaging,Code,"This standard prescribes the requirements for Packaging code. It covers the manufacturing, testing, and quality control processes. Designed to ensure product safety and reliability in Packaging.","['specification', 'quality', 'bis', 'packaging', 'india', 'testing', 'code', 'certification', 'requirements', 'compliance']","{'gsm': '200', 'burst_strength': '350 kPa', 'moisture_resistance': 'High', 'compression_strength': '500 N'}","['IS 16289:2014', 'IS 10322(Part 5/Sec 4):2018']",True,2026-08-15,"1st Revision, 2020",2024-05-10,"[{'amendment_number': 'Amd 1', 'date': '2024-05-10', 'description': 'Updated minor specifications and testing procedures'}]","""Packaging code — Specification specifies requirements and methods of test under Indian Standards.""",ISO 5635:2015,1.0,BIS Official Standard Publication (Backend Primary),Civil Engineering,General Engineering,"This standard prescribes the requirements for Packaging code. It covers the manufacturing, testing, and quality control processes. Designed to ensure product safety and reliability in Packaging.",1990,Active,Bureau of Indian Standards,True,"['IS 16289:2014', 'IS 10322(Part 5/Sec 4):2018']"
IS 7019:1998,Glossary of terms in packaging — Specification,,Packaging,Glossary,"This standard prescribes the requirements for Glossary of terms in packaging. It covers the manufacturing, testing, and quality control processes. Designed to ensure product safety and reliability in Packaging.","['specification', 'quality', 'bis', 'glossary', 'packaging', 'india', 'testing', 'certification', 'terms', 'requirements']","{'gsm': '200', 'burst_strength': '350 kPa', 'moisture_resistance': 'High', 'compression_strength': '500 N'}","['IS 2112:2000', 'IS 456:2000']",False,2026-10-01,"1st Revision, 2020",2024-05-10,"[{'amendment_number': 'Amd 1', 'date': '2024-05-10', 'description': 'Updated minor specifications and testing procedures'}]","""Glossary of terms in packaging — Specification specifies requirements and methods of test under Indian Standards.""",ISO 1725:2015,1.0,BIS Official Standard Publication (Backend Primary),Civil Engineering,General Engineering,"This standard prescribes the requirements for Glossary of terms in packaging. It covers the manufacturing, testing, and quality control processes. Designed to ensure product safety and reliability in Packaging.",1998,Active,Bureau of Indian Standards,False,"['IS 2112:2000', 'IS 456:2000']"
IS 15410:2003,Containers for packaging of natural mineral water — Specification,पानी की पैकेजिंग के लिए कंटेनर,Packaging,Plastic Containers,"This standard prescribes the requirements for Containers for packaging of natural mineral water. It covers the manufacturing, testing, and quality control processes. Designed to ensure product safety and reliability in Packaging.","['specification', 'quality', 'bis', 'packaging', 'mineral', 'india', 'for', 'testing', 'containers', 'certification']","{'gsm': '200', 'burst_strength': '350 kPa', 'moisture_resistance': 'High', 'compression_strength': '500 N'}","['IS 16102(Part 1):2012', 'IS 1944 (Part 1):1990', 'IS 13021:1991']",False,2026-10-01,"1st Revision, 2020",2024-05-10,"[{'amendment_number': 'Amd 1', 'date': '2024-05-10', 'description': 'Updated minor specifications and testing procedures'}]","""Containers for packaging of natural mineral water — Specification specifies requirements and methods of test under Indian Standards.""",ISO 2058:2015,1.0,BIS Official Standard Publication (Backend Primary),Civil Engineering,General Engineering,"This standard prescribes the requirements for Containers for packaging of natural mineral water. It covers the manufacturing, testing, and quality control processes. Designed to ensure product safety and reliability in Packaging.",2003,Active,Bureau of Indian Standards,False,"['IS 16102(Part 1):2012', 'IS 1944 (Part 1):1990', 'IS 13021:1991']"
IS 7138:1993,Steel drums — Specification,,Packaging,Drums,"This standard prescribes the requirements for Steel drums. It covers the manufacturing, testing, and quality control processes. Designed to ensure product safety and reliability in Packaging.","['specification', 'quality', 'bis', 'drums', 'india', 'testing', 'certification', 'requirements', 'compliance', 'standard']","{'gsm': '200', 'burst_strength': '350 kPa', 'moisture_resistance': 'High', 'compression_strength': '500 N'}",['IS 11536:2007'],False,2026-10-01,"1st Revision, 2020",2024-05-10,"[{'amendment_number': 'Amd 1', 'date': '2024-05-10', 'description': 'Updated minor specifications and testing procedures'}]","""Steel drums — Specification specifies requirements and methods of test under Indian Standards.""",ISO 1799:2015,1.0,BIS Official Standard Publication (Backend Primary),Metallurgical Engineering,Metals & Mining,"This standard prescribes the requirements for Steel drums. It covers the manufacturing, testing, and quality control processes. Designed to ensure product safety and reliability in Packaging.",1993,Active,Bureau of Indian Standards,False,['IS 11536:2007']
IS 3025 (Part 11):1983,Methods of Sampling and Test for Water and Wastewater,जल और अपशिष्ट जल के नमूने लेने और परीक्षण की विधियाँ,Food Safety,Water,"This standard prescribes methods for sampling and testing of water including drinking water, industrial water, and wastewater. Covers physical, chemical and bacteriological tests for water quality assessment and monitoring.","['water testing', 'water quality testing', 'drinking water test', 'water sampling methods', 'wastewater testing', 'potable water analysis', 'water treatment testing', 'chlorine dosing water', 'pH water test', 'turbidity measurement', 'bacteriological test', 'water laboratory test']","{'pH_range': '6.5 to 8.5', 'turbidity_max': '1 NTU', 'total_dissolved_solids': '500 mg/L', 'residual_chlorine': '0.2 mg/L'}",['IS 10500:2012'],False,,"2nd Edition, 1983",2022-03-10,"[{'amendment_number': 'Amd 1', 'date': '2022-03-10', 'description': 'Updated bacteriological test procedures'}]","""Methods of Sampling and Test for Water and Wastewater specifies requirements and methods of test under Indian Standards.""",ISO 5667-5:2006,1.1,BIS Official Standard Publication (Backend Primary),Food & Agriculture,Agriculture & Food Processing,"This standard prescribes methods for sampling and testing of water including drinking water, industrial water, and wastewater. Covers physical, chemical and bacteriological tests for water quality assessment and monitoring.",1983,Active,Bureau of Indian Standards,False,['IS 10500:2012']
IS 1554 (Part 2):1988,PVC Insulated Heavy Duty Cables for Working Voltages up to 1100V — Multi-core,1100V तक बहु-कोर PVC इंसुलेटेड केबल,Electrical and Electronics,Cables,"This standard covers multi-core PVC insulated heavy duty electric cables for use on AC systems up to and including 1100V. Applicable for fixed wiring in buildings, industrial plants, and infrastructure projects.","['multi-core cable', 'PVC cable 1100V', 'heavy duty cable', 'armoured cable', 'electrical wiring cable', 'power cable 1100V', 'LT cable', 'underground cable', 'flexible cable', '4 core cable', '3 core cable']","{'voltage_rating': '1100V AC', 'insulation': 'PVC', 'armour': 'Galvanised steel wire', 'conductor': 'Copper or Aluminium', 'temperature_rating': '70°C'}","['IS 694:2010', 'IS 1554 (Part 1):1988']",False,,"2nd Revision, 1988",2023-01-20,"[{'amendment_number': 'Amd 2', 'date': '2023-01-20', 'description': 'Updated conductor resistance values for aluminium conductors'}]","""PVC Insulated Heavy Duty Cables for Working Voltages up to 1100V — Multi-core specifies requirements and methods of test under Indian Standards.""",IEC 60502-1:2004,1.1,BIS Official Standard Publication (Backend Primary),Electrotechnical,Power & Energy,"This standard covers multi-core PVC insulated heavy duty electric cables for use on AC systems up to and including 1100V. Applicable for fixed wiring in buildings, industrial plants, and infrastructure projects.",1988,Active,Bureau of Indian Standards,False,"['IS 694:2010', 'IS 1554 (Part 1):1988']"
IS 15778:2007,CPVC Pipes for Hot and Cold Water Supply — Specification,गर्म और ठंडे पानी की आपूर्ति के लिए CPVC पाइप,Construction and Civil Engineering,Pipes,"This standard covers CPVC (chlorinated polyvinyl chloride) pipes intended for use in hot and cold water distribution systems in buildings. Suitable for potable water supply, hotel and hospital plumbing, and industrial fluid handling up to 93°C.","['CPVC pipe', 'hot water pipe', 'cold water pipe', 'chlorinated PVC pipe', 'building plumbing', 'water supply pipe', 'hot water plumbing', 'potable water CPVC', 'SDR 11 pipe', 'pressure pipe hot', 'hotel plumbing', 'hospital water supply']","{'material': 'CPVC', 'max_operating_temp': '93°C', 'pressure_rating': 'SDR 11', 'size_range': '15mm to 100mm', 'voltage': 'N/A'}","['IS 4984:2016', 'IS 1239 (Part 1):2004']",False,,"1st Edition, 2007",2022-09-05,"[{'amendment_number': 'Amd 1', 'date': '2022-09-05', 'description': 'Updated pressure rating table; added DN 80 and DN 100 sizes'}]","""CPVC Pipes for Hot and Cold Water Supply — Specification specifies requirements and methods of test under Indian Standards.""",ASTM F441,1.1,BIS Official Standard Publication (Backend Primary),Civil Engineering,Water Supply & Sewerage,"This standard covers CPVC (chlorinated polyvinyl chloride) pipes intended for use in hot and cold water distribution systems in buildings. Suitable for potable water supply, hotel and hospital plumbing, and industrial fluid handling up to 93°C.",2007,Active,Bureau of Indian Standards,False,"['IS 4984:2016', 'IS 1239 (Part 1):2004']"
IS 16700:2017,Structural Steel for Buildings — High Rise Construction Specification,ऊंची इमारतों के लिए संरचनात्मक स्टील,Construction and Civil Engineering,Steel,"This standard specifies requirements for structural steel used in high-rise building construction including seismic zones. Covers yield strength, weldability, toughness and ductility requirements for moment-resisting frames and other structural applications in tall buildings.","['high rise steel', 'structural steel building', 'seismic steel', 'moment resisting frame', 'weldable steel', 'building structure steel', 'ductile steel', 'column steel', 'beam steel', 'high strength steel', 'E300 steel', 'earthquake resistant steel']","{'min_yield_strength': '300 MPa', 'min_tensile_strength': '450 MPa', 'charpy_impact': '27 J at 0°C', 'max_carbon': '0.20%', 'ceq_max': '0.43%'}","['IS 2062:2011', 'IS 800:2007']",False,,"1st Edition, 2017",2023-11-01,"[{'amendment_number': 'Amd 1', 'date': '2023-11-01', 'description': 'Revised seismic zone requirements; added Charpy impact testing clause'}]","""Structural Steel for Buildings — High Rise Construction Specification specifies requirements and methods of test under Indian Standards.""",EN 10025-4:2004,1.1,BIS Official Standard Publication (Backend Primary),Civil Engineering,Construction & Infrastructure,"This standard specifies requirements for structural steel used in high-rise building construction including seismic zones. Covers yield strength, weldability, toughness and ductility requirements for moment-resisting frames and other structural applications in tall buildings.",2017,Active,Bureau of Indian Standards,False,"['IS 2062:2011', 'IS 800:2007']"
IS 12070:1987,"Code of Practice for Design, Fabrication and Erection of Vertical Mild Steel Cylindrical Welded Oil Storage Tanks",तेल भंडारण टैंक डिजाइन और निर्माण,Mechanical Engineering,Storage Tanks,"This standard prescribes requirements for the design, fabrication, inspection and testing of vertical cylindrical welded mild steel tanks for above-ground storage of petroleum products, chemicals, and water. Covers tanks from 5 kL to 50,000 kL capacity.","['storage tank', 'oil storage tank', 'cylindrical tank', 'welded steel tank', 'petroleum storage', 'water storage tank', 'tank fabrication', 'tank design', 'above ground tank', 'mild steel tank', 'chemical storage tank', 'tank erection']","{'material': 'Mild Steel IS 2062', 'capacity_range': '5 kL to 50000 kL', 'design_pressure': 'Atmospheric', 'min_plate_thickness': '5 mm'}","['IS 2062:2011', 'IS 800:2007']",False,,"2nd Edition, 1987",2022-07-15,"[{'amendment_number': 'Amd 1', 'date': '2022-07-15', 'description': 'Updated weld inspection requirements per latest NDT standards'}]","""Code of Practice for Design, Fabrication and Erection of Vertical Mild Steel Cylindrical Welded Oil Storage Tanks specifies requirements and methods of test under Indian Standards.""",API 650,1.0,BIS Official Standard Publication (Backend Primary),Metallurgical Engineering,Metals & Mining,"This standard prescribes requirements for the design, fabrication, inspection and testing of vertical cylindrical welded mild steel tanks for above-ground storage of petroleum products, chemicals, and water. Covers tanks from 5 kL to 50,000 kL capacity.",1987,Active,Bureau of Indian Standards,False,"['IS 2062:2011', 'IS 800:2007']"
IS 9537 (Part 2):1981,Conduits for Electrical Installations — Rigid Steel Conduits,विद्युत स्थापना के लिए कठोर स्टील नाली,Electrical and Electronics,Wiring,"This standard covers rigid steel conduits used for protection of electrical cables and wiring in buildings, industrial plants, and infrastructure. Applicable for surface wiring and concealed wiring installations where mechanical protection of cables is required.","['steel conduit', 'rigid conduit', 'electrical conduit', 'cable conduit', 'wiring conduit', 'MS conduit', 'galvanised conduit', 'GI conduit', 'conduit wiring', 'cable protection', 'electrical installation conduit', 'concealed wiring']","{'material': 'Mild Steel galvanised', 'sizes': '16mm to 63mm nominal diameter', 'wall_thickness': '1.6mm to 2.0mm', 'finish': 'Hot-dip galvanised'}","['IS 732:1989', 'IS 3043:1987', 'IS 694:2010']",False,,"1st Revision, 1981",2023-04-01,"[{'amendment_number': 'Amd 2', 'date': '2023-04-01', 'description': 'Revised galvanising thickness requirements'}]","""Conduits for Electrical Installations — Rigid Steel Conduits specifies requirements and methods of test under Indian Standards.""",IEC 61386-21,1.0,BIS Official Standard Publication (Backend Primary),Metallurgical Engineering,Metals & Mining,"This standard covers rigid steel conduits used for protection of electrical cables and wiring in buildings, industrial plants, and infrastructure. Applicable for surface wiring and concealed wiring installations where mechanical protection of cables is required.",1981,Active,Bureau of Indian Standards,False,"['IS 732:1989', 'IS 3043:1987', 'IS 694:2010']"
IS 1893 (Part 1):2016,Criteria for Earthquake Resistant Design of Structures — General Provisions and Buildings,भूकंप प्रतिरोधी संरचनाओं का डिजाइन,Construction and Civil Engineering,Structural Design,"This standard provides criteria for earthquake resistant design of buildings and structures in India. Covers seismic zone classification, design spectra, base shear calculation, and detailing requirements for RC and steel structures in all seismic zones I to V.","['earthquake resistant design', 'seismic design', 'seismic zone', 'earthquake building', 'base shear', 'structural earthquake', 'RC seismic', 'seismic detailing', 'zone V earthquake', 'building earthquake', 'ductile detailing', 'seismic force']","{'seismic_zones': 'Zone II to Zone V', 'importance_factor': '1.0 to 1.5', 'response_reduction_factor': '1.5 to 5.0', 'damping': '5%'}","['IS 456:2000', 'IS 800:2007', 'IS 13920:2016']",False,,"6th Revision, 2016",2023-09-20,"[{'amendment_number': 'Amd 1', 'date': '2023-09-20', 'description': 'Revised seismic zone map; updated design spectra for soft soils'}]","""Criteria for Earthquake Resistant Design of Structures — General Provisions and Buildings specifies requirements and methods of test under Indian Standards.""",ASCE 7-16,1.2,BIS Official Standard Publication (Backend Primary),Civil Engineering,Construction & Infrastructure,"This standard provides criteria for earthquake resistant design of buildings and structures in India. Covers seismic zone classification, design spectra, base shear calculation, and detailing requirements for RC and steel structures in all seismic zones I to V.",2016,Active,Bureau of Indian Standards,False,"['IS 456:2000', 'IS 800:2007', 'IS 13920:2016']"
IS 8112:2013,"Ordinary Portland Cement, 43 Grade - Specification",,Construction and Civil Engineering,Cement,"Covers manufacture, chemical and physical requirements of 43 grade ordinary Portland cement.","['cement', 'opc', '43 grade', 'compressive strength', 'portland', 'concrete']","{'compressive_strength_28_days': 'Min 43 MPa', 'initial_setting_time': 'Min 30 minutes', 'final_setting_time': 'Max 600 minutes', 'fineness': 'Min 225 m2/kg', 'soundness_le_chatelier': 'Max 10 mm'}","['IS 269:2015', 'IS 4031:2014', 'IS 650:1991']",True,2023-01-01,Second Revision,2020-03-01,"[{'amendment_number': 'Amd 1', 'date': '2020-03-01', 'description': 'Updated packaging and marking requirements'}]","""IS 8112 specifies requirements for 43 grade ordinary Portland cement with 28-day compressive strength of not less than 43 MPa.""",EN 197-1 CEM I 42.5,1.25,BIS Official Standard Publication (Backend Primary),Civil Engineering,Construction & Infrastructure,"Covers manufacture, chemical and physical requirements of 43 grade ordinary Portland cement.",2013,Active,Bureau of Indian Standards,True,"['IS 269:2015', 'IS 4031:2014', 'IS 650:1991']"
IS 12269:2013,"Ordinary Portland Cement, 53 Grade - Specification",,Construction and Civil Engineering,Cement,"Covers manufacture, chemical and physical requirements of 53 grade ordinary Portland cement for high strength concrete.","['cement', 'opc', '53 grade', 'high strength', 'portland', 'concrete']","{'compressive_strength_28_days': 'Min 53 MPa', 'initial_setting_time': 'Min 30 minutes', 'final_setting_time': 'Max 600 minutes', 'fineness': 'Min 225 m2/kg', 'soundness_le_chatelier': 'Max 10 mm'}","['IS 269:2015', 'IS 4031:2014', 'IS 650:1991']",True,2023-01-01,Second Revision,2020-03-01,"[{'amendment_number': 'Amd 1', 'date': '2020-03-01', 'description': 'Aligned sampling and acceptance criteria'}]","""IS 12269 covers 53 grade ordinary Portland cement intended for high strength concrete structures with minimum 28-day strength of 53 MPa.""",EN 197-1 CEM I 52.5,1.3,BIS Official Standard Publication (Backend Primary),Civil Engineering,Construction & Infrastructure,"Covers manufacture, chemical and physical requirements of 53 grade ordinary Portland cement for high strength concrete.",2013,Active,Bureau of Indian Standards,True,"['IS 269:2015', 'IS 4031:2014', 'IS 650:1991']"
IS 455:2015,Portland Slag Cement - Specification,,Construction and Civil Engineering,Cement,Specifies requirements for Portland slag cement manufactured by intimate grinding of Portland cement clinker and granulated blast furnace slag.,"['slag cement', 'psc', 'blast furnace slag', 'marine concrete', 'blended cement']","{'slag_constituent': '25 to 70 percent by mass', 'compressive_strength_28_days': 'Min 33 MPa', 'soundness_le_chatelier': 'Max 10 mm'}","['IS 269:2015', 'IS 4031:2014', 'IS 456:2000']",True,2023-01-01,Fifth Revision,2021-01-15,"[{'amendment_number': 'Amd 1', 'date': '2021-01-15', 'description': 'Modified limits on granulated blast furnace slag proportions'}]","""IS 455 prescribes requirements for Portland slag cement with granulated blast furnace slag constituent between 25% and 70%.""",EN 197-1 CEM III/A,1.15,BIS Official Standard Publication (Backend Primary),Civil Engineering,Construction & Infrastructure,Specifies requirements for Portland slag cement manufactured by intimate grinding of Portland cement clinker and granulated blast furnace slag.,2015,Active,Bureau of Indian Standards,True,"['IS 269:2015', 'IS 4031:2014', 'IS 456:2000']"
IS 1489 (Part 2):2015,Portland Pozzolana Cement - Specification - Part 2: Calcined Clay Based,,Construction and Civil Engineering,Cement,Specifies manufacture and requirements for Portland Pozzolana cement using calcined clay pozzolana.,"['ppc', 'calcined clay', 'pozzolana', 'hydraulic cement', 'durable concrete']","{'pozzolana_content': '10 to 25 percent by mass', 'compressive_strength_28_days': 'Min 33 MPa', 'soundness_le_chatelier': 'Max 10 mm'}","['IS 1489 (Part 1):2015', 'IS 4031:2014']",True,2023-01-01,Third Revision,2020-06-01,"[{'amendment_number': 'Amd 1', 'date': '2020-06-01', 'description': 'Clarified pozzolanic activity index requirements'}]","""IS 1489 Part 2 specifies calcined clay based Portland pozzolana cement providing resistance to chemical attack.""",ASTM C595,1.1,BIS Official Standard Publication (Backend Primary),Civil Engineering,Construction & Infrastructure,Specifies manufacture and requirements for Portland Pozzolana cement using calcined clay pozzolana.,2015,Active,Bureau of Indian Standards,True,"['IS 1489 (Part 1):2015', 'IS 4031:2014']"
IS 13920:2016,Ductile Design and Detailing of Reinforced Concrete Structures Subjected to Seismic Forces - Code of Practice,,Construction and Civil Engineering,Structural Design,Covers design and detailing of reinforced concrete structures subjected to seismic forces to ensure ductile behavior.,"['ductile detailing', 'earthquake resistant', 'seismic forces', 'confinement', 'beams', 'columns', 'shear walls']","{'min_concrete_grade': 'M20 for buildings up to 15m, M25 above 15m', 'steel_reinforcement_grade': 'Fe 415 or Fe 500 / Fe 500D conforming to IS 1786', 'special_confining_reinforcement': 'Mandatory in column plastic hinge zones'}","['IS 456:2000', 'IS 1786:2008', 'IS 1893 (Part 1):2016']",False,,First Revision,2021-08-01,"[{'amendment_number': 'Amd 1', 'date': '2021-08-01', 'description': 'Revision of shear reinforcement detailing in beam-column junctions'}]","""IS 13920 covers requirements for design and detailing of monolithic reinforced concrete building structures to withstand earthquake shocks with adequate ductility.""",ACI 318 Chapter 18,1.35,BIS Official Standard Publication (Backend Primary),Civil Engineering,Construction & Infrastructure,Covers design and detailing of reinforced concrete structures subjected to seismic forces to ensure ductile behavior.,2016,Active,Bureau of Indian Standards,False,"['IS 456:2000', 'IS 1786:2008', 'IS 1893 (Part 1):2016']"
IS 4326:2013,Earthquake Resistant Design and Construction of Buildings - Code of Practice,,Construction and Civil Engineering,Structural Design,"Provides guidance on selection of materials, architectural considerations, and construction techniques for earthquake-resistant masonry and timber buildings.","['earthquake resistant', 'masonry buildings', 'plinth band', 'lintel band', 'roof band', 'seismic zone']","{'seismic_bands': 'Plinth, lintel, and roof bands mandatory in zones III, IV, and V', 'vertical_reinforcement': 'Required at corners and junctions of load-bearing walls'}","['IS 1893 (Part 1):2016', 'IS 1905:1987', 'IS 456:2000']",False,,Third Revision,2018-05-01,"[{'amendment_number': 'Amd 1', 'date': '2018-05-01', 'description': 'Updated mortar mix proportions for seismic zones'}]","""IS 4326 provides recommendations for earthquake-resistant design and construction of masonry, wood, and earthen buildings.""",ISO Equivalent,1.2,BIS Official Standard Publication (Backend Primary),Civil Engineering,Construction & Infrastructure,"Provides guidance on selection of materials, architectural considerations, and construction techniques for earthquake-resistant masonry and timber buildings.",2013,Active,Bureau of Indian Standards,False,"['IS 1893 (Part 1):2016', 'IS 1905:1987', 'IS 456:2000']"
IS 1343:2012,Prestressed Concrete - Code of Practice,,Construction and Civil Engineering,Concrete,"Deals with the general structural use of prestressed concrete in buildings, bridges, and other structures.","['prestressed concrete', 'post-tensioning', 'pre-tensioning', 'tendons', 'stressing', 'grouting']","{'min_concrete_grade_pretensioned': 'M40', 'min_concrete_grade_posttensioned': 'M30', 'cover_to_tendons': 'Min 40 mm or nominal size of duct'}","['IS 456:2000', 'IS 1786:2008', 'IS 269:2015']",False,,Second Revision,2019-11-01,"[{'amendment_number': 'Amd 1', 'date': '2019-11-01', 'description': 'Provisions on durability and prestressing steel corrosion protection'}]","""IS 1343 covers general structural design and construction requirements for prestressed concrete using high tensile steel.""",EN 1992-1-1,1.25,BIS Official Standard Publication (Backend Primary),Civil Engineering,Construction & Infrastructure,"Deals with the general structural use of prestressed concrete in buildings, bridges, and other structures.",2012,Active,Bureau of Indian Standards,False,"['IS 456:2000', 'IS 1786:2008', 'IS 269:2015']"
IS 3370 (Part 1):2009,Concrete Structures for Storage of Liquids - Code of Practice - Part 1: General Requirements,,Construction and Civil Engineering,Concrete,"Applies to liquid-retaining structures such as water tanks, reservoirs, swimming pools, and effluent treatment tanks.","['water tank', 'liquid retaining', 'crack width', 'watertightness', 'reservoir']","{'min_concrete_grade': 'M30 for reinforced liquid retaining structures', 'max_crack_width': '0.2 mm for normal exposure, 0.1 mm for severe exposure'}","['IS 456:2000', 'IS 3370 (Part 2):2009']",False,,Second Revision,2020-04-01,"[{'amendment_number': 'Amd 1', 'date': '2020-04-01', 'description': 'Modified exposure classifications and crack width limit states'}]","""IS 3370 Part 1 establishes basic requirements for design and construction of plain, reinforced, or prestressed concrete liquid retaining structures.""",EN 1992-3,1.2,BIS Official Standard Publication (Backend Primary),Civil Engineering,Construction & Infrastructure,"Applies to liquid-retaining structures such as water tanks, reservoirs, swimming pools, and effluent treatment tanks.",2009,Active,Bureau of Indian Standards,False,"['IS 456:2000', 'IS 3370 (Part 2):2009']"
IS 3370 (Part 2):2009,Concrete Structures for Storage of Liquids - Code of Practice - Part 2: Reinforced Concrete Structures,,Construction and Civil Engineering,Concrete,Deals with the design and construction of reinforced concrete structures for storage of liquids.,"['water tank', 'reinforced concrete', 'hoop tension', 'moment', 'shear', 'reservoir']","{'min_cement_content': '320 kg/m3', 'max_water_cement_ratio': '0.45', 'min_cover': '25 mm or diameter of main bar'}","['IS 456:2000', 'IS 3370 (Part 1):2009']",False,,Second Revision,2020-04-01,"[{'amendment_number': 'Amd 1', 'date': '2020-04-01', 'description': 'Limit state design methods for crack control in liquid retaining tanks'}]","""IS 3370 Part 2 specifies design methods and structural detailing for reinforced concrete liquid retaining structures.""",BS 8007,1.15,BIS Official Standard Publication (Backend Primary),Civil Engineering,Construction & Infrastructure,Deals with the design and construction of reinforced concrete structures for storage of liquids.,2009,Active,Bureau of Indian Standards,False,"['IS 456:2000', 'IS 3370 (Part 1):2009']"
IS 2911 (Part 1/Sec 1):2010,Design and Construction of Pile Foundations - Code of Practice - Part 1: Concrete Piles - Section 1: Driven Cast In-situ,,Construction and Civil Engineering,Geotechnical & Foundations,Covers design and construction of driven cast in-situ concrete pile foundations.,"['pile foundation', 'driven piles', 'deep foundations', 'bearing capacity', 'skin friction']","{'min_concrete_grade': 'M25', 'slump_at_pouring': '150 to 180 mm for tremie concrete', 'factor_of_safety': '2.5 on ultimate load capacity from static formula'}","['IS 456:2000', 'IS 1786:2008', 'IS 2911 (Part 4):2013']",False,,Second Revision,2018-09-01,"[{'amendment_number': 'Amd 1', 'date': '2018-09-01', 'description': 'Incorporated high slump self-compacting concrete guidelines'}]","""IS 2911 Part 1 Section 1 provides standards for the design and construction of driven cast in-situ concrete piles.""",EN 1997-1,1.2,BIS Official Standard Publication (Backend Primary),Civil Engineering,Construction & Infrastructure,Covers design and construction of driven cast in-situ concrete pile foundations.,2010,Active,Bureau of Indian Standards,False,"['IS 456:2000', 'IS 1786:2008', 'IS 2911 (Part 4):2013']"
IS 2911 (Part 1/Sec 2):2010,Design and Construction of Pile Foundations - Code of Practice - Part 1: Concrete Piles - Section 2: Bored Cast In-situ,,Construction and Civil Engineering,Geotechnical & Foundations,Covers design and construction of bored cast in-situ concrete pile foundations.,"['bored piles', 'deep foundations', 'pile capacity', 'bentonite slurry', 'tremie pipe']","{'min_concrete_grade': 'M25', 'slump_range': '150 mm to 200 mm for tremie placement', 'drilling_fluid': 'Bentonite suspension density 1.05 to 1.10 g/ml'}","['IS 456:2000', 'IS 1786:2008', 'IS 2911 (Part 4):2013']",False,,Second Revision,2018-09-01,"[{'amendment_number': 'Amd 1', 'date': '2018-09-01', 'description': 'Updated bentonite quality and pile integrity testing clauses'}]","""IS 2911 Part 1 Section 2 prescribes requirements for bored cast in-situ pile foundations used in heavy civil structures.""",EN 1536,1.25,BIS Official Standard Publication (Backend Primary),Civil Engineering,Construction & Infrastructure,Covers design and construction of bored cast in-situ concrete pile foundations.,2010,Active,Bureau of Indian Standards,False,"['IS 456:2000', 'IS 1786:2008', 'IS 2911 (Part 4):2013']"
IS 2911 (Part 4):2013,Design and Construction of Pile Foundations - Code of Practice - Part 4: Load Test on Piles,,Construction and Civil Engineering,Geotechnical & Foundations,"Covers procedures for vertical, lateral, and pull-out static load testing on single piles and pile groups.","['pile load test', 'settlement', 'initial load test', 'routine load test', 'safe load capacity']","{'test_load_initial': '2.5 times the safe design capacity', 'test_load_routine': '1.5 times the safe design capacity', 'settlement_criteria': 'Total settlement not exceeding 12 mm or 10% of pile diameter'}","['IS 2911 (Part 1/Sec 1):2010', 'IS 2911 (Part 1/Sec 2):2010']",False,,Third Revision,2019-02-01,"[{'amendment_number': 'Amd 1', 'date': '2019-02-01', 'description': 'Detailed cyclic load testing interpretation rules'}]","""IS 2911 Part 4 outlines standard procedures for static axial compressive, pull-out, and lateral load testing on foundation piles.""",ASTM D1143,1.15,BIS Official Standard Publication (Backend Primary),Civil Engineering,General Engineering,"Covers procedures for vertical, lateral, and pull-out static load testing on single piles and pile groups.",2013,Active,Bureau of Indian Standards,False,"['IS 2911 (Part 1/Sec 1):2010', 'IS 2911 (Part 1/Sec 2):2010']"
IS 1904:2021,General Requirements for Design and Construction of Foundations in Soils - Code of Practice,,Construction and Civil Engineering,Geotechnical & Foundations,Covers general structural and geotechnical requirements for design and construction of shallow foundations.,"['shallow foundation', 'footing', 'soil bearing', 'depth of foundation', 'settlement']","{'min_depth_of_foundation': '500 mm below original ground level', 'safe_bearing_capacity': 'Determined in accordance with IS 6403'}","['IS 456:2000', 'IS 6403:1981', 'IS 8009 (Part 1):1976']",False,,Fourth Revision,2022-01-10,"[{'amendment_number': 'Amd 1', 'date': '2022-01-10', 'description': 'Aligned depth of footing with seismic considerations'}]","""IS 1904 prescribes minimum foundation depths, permissible settlements, and construction guidelines for soil foundations.""",ISO Equivalent,1.15,BIS Official Standard Publication (Backend Primary),Food & Agriculture,Agriculture & Food Processing,Covers general structural and geotechnical requirements for design and construction of shallow foundations.,2021,Active,Bureau of Indian Standards,False,"['IS 456:2000', 'IS 6403:1981', 'IS 8009 (Part 1):1976']"
IS 6403:1981,Code of Practice for Determination of Bearing Capacity of Shallow Foundations,,Construction and Civil Engineering,Geotechnical & Foundations,"Provides formulas and methods for calculating ultimate and net safe bearing capacity of shallow strip, isolated, and raft footings.","['bearing capacity', 'shallow footing', 'cohesion', 'angle of internal friction', 'settlement']","{'failure_modes': 'General shear failure and local shear failure', 'factor_of_safety': 'Min 2.5 against shear failure'}","['IS 1904:2021', 'IS 2720 (Part 5):1985']",False,,First Revision,2016-04-01,"[{'amendment_number': 'Amd 1', 'date': '2016-04-01', 'description': 'Clarified water table correction factor formulas'}]","""IS 6403 gives practical methods for estimating ultimate bearing capacity of soil under shallow footings using Vesic and Terzaghi theories.""",EN 1997-1,1.2,BIS Official Standard Publication (Backend Primary),Production & General Engineering,Mechanical Fasteners & Tools,"Provides formulas and methods for calculating ultimate and net safe bearing capacity of shallow strip, isolated, and raft footings.",1981,Active,Bureau of Indian Standards,False,"['IS 1904:2021', 'IS 2720 (Part 5):1985']"
IS 1161:2014,Steel Tubes for Structural Purposes - Specification,,Construction and Civil Engineering,Steel,"Covers hot finished seamless, electric resistance welded (ERW), and high frequency induction welded (HFIW) circular steel tubes for structural applications.","['structural steel', 'steel pipes', 'tubular structures', 'erw tubes', 'yield strength']","{'grades': 'YSt 210, YSt 240, YSt 310, YSt 355', 'min_yield_strength': '210 to 355 MPa depending on grade', 'min_elongation': '10 to 20 percent'}","['IS 2062:2011', 'IS 800:2007', 'IS 1239 (Part 1):2004']",True,2024-04-01,Fifth Revision,2020-01-15,"[{'amendment_number': 'Amd 1', 'date': '2020-01-15', 'description': 'Added higher strength steel grades YSt 355'}]","""IS 1161 specifies manufacturing requirements and mechanical properties of circular hollow steel tubes for structural uses.""",EN 10219,1.2,BIS Official Standard Publication (Backend Primary),Civil Engineering,Construction & Infrastructure,"Covers hot finished seamless, electric resistance welded (ERW), and high frequency induction welded (HFIW) circular steel tubes for structural applications.",2014,Active,Bureau of Indian Standards,True,"['IS 2062:2011', 'IS 800:2007', 'IS 1239 (Part 1):2004']"
IS 4923:2017,Hollow Steel Sections for Structural Use - Specification,,Construction and Civil Engineering,Steel,Covers hot finished and cold formed square and rectangular hollow steel sections (SHS and RHS) used in structural engineering.,"['hollow sections', 'shs', 'rhs', 'square hollow section', 'rectangular hollow section', 'steel fabrication']","{'grades': 'YSt 210, YSt 240, YSt 310, YSt 355', 'tolerances_on_dimensions': '+/- 1.0 percent on outer dimensions', 'corner_radius': 'Max 3 times wall thickness'}","['IS 2062:2011', 'IS 800:2007']",True,2024-04-01,Third Revision,2021-03-01,"[{'amendment_number': 'Amd 1', 'date': '2021-03-01', 'description': 'Specified corner radius and dimensional tolerance classes'}]","""IS 4923 specifies hollow steel sections (SHS/RHS) used in building frames, trusses, towers, and space structures.""",EN 10210 / EN 10219,1.25,BIS Official Standard Publication (Backend Primary),Civil Engineering,Construction & Infrastructure,Covers hot finished and cold formed square and rectangular hollow steel sections (SHS and RHS) used in structural engineering.,2017,Active,Bureau of Indian Standards,True,"['IS 2062:2011', 'IS 800:2007']"
IS 3589:2001,Steel Pipes for Water and Sewage (168.3 to 2540 mm Outside Diameter) - Specification,,Construction and Civil Engineering,Pipes,"Covers electric resistance welded (ERW), submerged arc welded (SAW) longitudinal and helical seam steel pipes for conveyance of water and sewage.","['steel pipe', 'water transmission', 'saw pipe', 'helical seam', 'large diameter pipe', 'sewage']","{'outer_diameter_range': '168.3 mm to 2540 mm', 'hydrostatic_test_pressure': 'Calculated based on 60% of specified minimum yield strength', 'protective_coating': 'Cement mortar lining or epoxy coating'}","['IS 2062:2011', 'IS 1239 (Part 1):2004']",True,2023-07-01,Third Revision,2019-07-01,"[{'amendment_number': 'Amd 1', 'date': '2019-07-01', 'description': 'Updated non-destructive testing requirements for pipe welds'}]","""IS 3589 covers steel pipes with outer diameter from 168.3 mm to 2540 mm for long-distance bulk water and sewage mains.""",AWWA C200,1.2,BIS Official Standard Publication (Backend Primary),Civil Engineering,Water Supply & Sewerage,"Covers electric resistance welded (ERW), submerged arc welded (SAW) longitudinal and helical seam steel pipes for conveyance of water and sewage.",2001,Active,Bureau of Indian Standards,True,"['IS 2062:2011', 'IS 1239 (Part 1):2004']"
IS 8329:2000,"Centrifugally Cast (Ductile) Iron Pressure Pipes for Water, Gas and Sewage - Specification",,Construction and Civil Engineering,Pipes,Specifies requirements and tests for ductile iron pipes centrifugally cast in metal or sand-lined moulds for water supply and drainage mains.,"['di pipe', 'ductile iron', 'water supply', 'pressure pipe', 'centrifugal casting', 'socket and spigot']","{'pipe_classes': 'Class K7, K9, K12 or pressure classes C25, C30, C40', 'tensile_strength': 'Min 420 MPa', 'min_elongation': 'Min 10 percent', 'internal_lining': 'Portland cement mortar lining'}","['IS 1239 (Part 1):2004', 'IS 4984:2016']",True,2023-01-01,Third Revision,2021-04-01,"[{'amendment_number': 'Amd 1', 'date': '2021-04-01', 'description': 'Aligned with ISO 2531 pressure classification classes'}]","""IS 8329 specifies ductile iron pressure pipes with cement mortar lining and zinc/bitumen coating for potable water mains.""",ISO 2531,1.3,BIS Official Standard Publication (Backend Primary),Civil Engineering,Water Supply & Sewerage,Specifies requirements and tests for ductile iron pipes centrifugally cast in metal or sand-lined moulds for water supply and drainage mains.,2000,Active,Bureau of Indian Standards,True,"['IS 1239 (Part 1):2004', 'IS 4984:2016']"
IS 13592:2013,UPVC Pipes for Soil and Waste Discharge System Inside Buildings - Specification,,Construction and Civil Engineering,Pipes,Specifies unplasticized polyvinyl chloride (UPVC) pipes for soil and waste discharge systems (including ventilation and rainwater) within buildings.,"['swr pipe', 'upvc drainage', 'soil and waste', 'plumbing', 'building drainage']","{'type_a': 'For ventilation pipework and rainwater harvesting', 'type_b': 'For soil and waste discharge systems', 'nominal_sizes': '75 mm, 90 mm, 110 mm, 160 mm'}",['IS 4985:2015'],True,2023-06-01,Third Revision,2019-10-01,"[{'amendment_number': 'Amd 1', 'date': '2019-10-01', 'description': 'Updated rubber ring sealing socket dimensions'}]","""IS 13592 covers UPVC soil, waste, and rainwater (SWR) pipes for sanitary plumbing installations inside residential and commercial buildings.""",EN 1329-1,1.15,BIS Official Standard Publication (Backend Primary),Civil Engineering,Construction & Infrastructure,Specifies unplasticized polyvinyl chloride (UPVC) pipes for soil and waste discharge systems (including ventilation and rainwater) within buildings.,2013,Active,Bureau of Indian Standards,True,['IS 4985:2015']
IS 2185 (Part 1):2005,Concrete Masonry Units - Specification - Part 1: Hollow and Solid Concrete Blocks,,Construction and Civil Engineering,Masonry,Specifies requirements for hollow and solid precast concrete blocks for use in load-bearing and non-load-bearing masonry construction.,"['concrete block', 'hollow block', 'solid block', 'compressive strength', 'masonry wall']","{'compressive_strength_grade_a': '3.5 to 15.0 N/mm2', 'water_absorption': 'Max 10 percent by mass', 'drying_shrinkage': 'Max 0.06 percent'}","['IS 1077:1992', 'IS 456:2000', 'IS 269:2015']",False,,Third Revision,2018-02-01,"[{'amendment_number': 'Amd 1', 'date': '2018-02-01', 'description': 'Incorporated blended cements and fly ash utilization guidelines'}]","""IS 2185 Part 1 specifies solid and hollow precast concrete masonry blocks for structural loadbearing walls and partitions.""",ASTM C90,1.15,BIS Official Standard Publication (Backend Primary),Civil Engineering,Construction & Infrastructure,Specifies requirements for hollow and solid precast concrete blocks for use in load-bearing and non-load-bearing masonry construction.,2005,Active,Bureau of Indian Standards,False,"['IS 1077:1992', 'IS 456:2000', 'IS 269:2015']"
IS 7098 (Part 1):1988,Crosslinked Polyethylene Insulated Thermoplastic Sheathed Cables - For Working Voltages up to and Including 1100 V,,Electrical and Electronics,Cables,"Covers requirements for single, two, three, three and a half, and multi-core XLPE insulated, PVC sheathed power cables for voltages up to 1100 V.","['xlpe cable', 'power cable', '1.1 kv', 'crosslinked polyethylene', 'armoured cable']","{'conductor_material': 'Aluminium or annealed copper conductor', 'max_conductor_operating_temp': '90 degrees C', 'short_circuit_temp': '250 degrees C', 'insulation': 'Crosslinked polyethylene (XLPE)'}","['IS 694:2010', 'IS 1554 (Part 1):1988']",True,2023-01-01,Second Revision,2021-09-01,"[{'amendment_number': 'Amd 1', 'date': '2021-09-01', 'description': 'Updated anti-rodent and flame retardant sheath tests'}]","""IS 7098 Part 1 specifies XLPE insulated LT power cables for working voltages up to 1.1 kV with 90 deg C continuous rating.""",IEC 60502-1,1.3,BIS Official Standard Publication (Backend Primary),Electrotechnical,Power & Energy,"Covers requirements for single, two, three, three and a half, and multi-core XLPE insulated, PVC sheathed power cables for voltages up to 1100 V.",1988,Active,Bureau of Indian Standards,True,"['IS 694:2010', 'IS 1554 (Part 1):1988']"
IS 7098 (Part 2):2011,Crosslinked Polyethylene Insulated Thermoplastic Sheathed Cables - For Working Voltages from 3.3 kV up to and Including 33 kV,,Electrical and Electronics,Cables,"Covers requirements for XLPE insulated, screened, PVC or PE sheathed power cables for medium and high voltage electricity distribution from 3.3 kV to 33 kV.","['ht cable', 'xlpe cable', '11 kv', '33 kv', 'high tension cable', 'power distribution']","{'voltage_ratings': '3.3 kV, 6.6 kV, 11 kV, 22 kV, 33 kV', 'partial_discharge': 'Max 5 pC at 1.5 Uo', 'conductor_screen': 'Extruded semi-conducting compound'}","['IS 7098 (Part 1):1988', 'IS 1554 (Part 1):1988']",True,2023-01-01,Second Revision,2020-05-01,"[{'amendment_number': 'Amd 1', 'date': '2020-05-01', 'description': 'Incorporated water tree retardant XLPE provisions'}]","""IS 7098 Part 2 covers HT XLPE insulated distribution power cables for 3.3 kV through 33 kV with semi-conducting screening.""",IEC 60502-2,1.3,BIS Official Standard Publication (Backend Primary),Electrotechnical,Power & Energy,"Covers requirements for XLPE insulated, screened, PVC or PE sheathed power cables for medium and high voltage electricity distribution from 3.3 kV to 33 kV.",2011,Active,Bureau of Indian Standards,True,"['IS 7098 (Part 1):1988', 'IS 1554 (Part 1):1988']"
IS 1180 (Part 1):2014,"Outdoor Type Oil Immersed Distribution Transformers up to and Including 2500 kVA, 33 kV - Specification",,Electrical and Electronics,Transformers,"Specifies design, construction, loss limits, and testing of outdoor oil-immersed distribution transformers up to 2500 kVA.","['distribution transformer', 'oil immersed', 'energy efficiency', 'bee star rating', 'total losses', 'substation']","{'voltage_classes': '11 kV, 22 kV, 33 kV step down to 433 V / 250 V', 'efficiency_levels': 'Energy efficiency level 1, 2, and 3 loss caps', 'temperature_rise': 'Max 40 deg C for oil, 45 deg C for winding'}","['IS 2026 (Part 1):2011', 'IS 3043:1987']",True,2021-01-01,Fourth Revision,2021-06-15,"[{'amendment_number': 'Amd 1', 'date': '2021-06-15', 'description': 'Mandatory compliance with BEE Star rating energy loss ceilings'}]","""IS 1180 Part 1 covers energy efficient oil-immersed distribution transformers up to 2500 kVA with strict maximum total loss limits at 50% and 100% load.""",IEC 60076,1.4,BIS Official Standard Publication (Backend Primary),Electrotechnical,Power & Energy,"Specifies design, construction, loss limits, and testing of outdoor oil-immersed distribution transformers up to 2500 kVA.",2014,Active,Bureau of Indian Standards,True,"['IS 2026 (Part 1):2011', 'IS 3043:1987']"
IS 2026 (Part 1):2011,Power Transformers - Part 1: General,,Electrical and Electronics,Transformers,Applies to three-phase and single-phase power transformers (including auto-transformers) used in transmission and power plants.,"['power transformer', 'substation', 'high voltage', 'vector group', 'insulation levels']","{'highest_voltage_equipment': 'Up to 765 kV', 'tapping_range': 'On-load or off-circuit tap changer requirements', 'insulation_levels': 'Conforming to impulse and power frequency withstand'}","['IS 1180 (Part 1):2014', 'IS 2099:1986']",True,2023-01-01,Second Revision,2019-03-01,"[{'amendment_number': 'Amd 1', 'date': '2019-03-01', 'description': 'Aligned with IEC 60076-1 definitions and testing protocols'}]","""IS 2026 Part 1 gives general electrical and mechanical requirements for high capacity power transformers.""",IEC 60076-1,1.25,BIS Official Standard Publication (Backend Primary),Electrotechnical,Power & Energy,Applies to three-phase and single-phase power transformers (including auto-transformers) used in transmission and power plants.,2011,Active,Bureau of Indian Standards,True,"['IS 1180 (Part 1):2014', 'IS 2099:1986']"
IS 8828:1996,Electrical Accessories - Circuit-Breakers for Overcurrent Protection for Household and Similar Installations (MCBs),,Electrical and Electronics,Switchgear,"Applies to a.c. air-break miniature circuit-breakers (MCBs) for operation at 50 Hz, with rated voltage not exceeding 440 V, rated current not exceeding 125 A.","['mcb', 'circuit breaker', 'overcurrent protection', 'short circuit', 'tripping curve', 'distribution board']","{'rated_current': '0.5 A to 125 A', 'breaking_capacity': '6 kA, 10 kA', 'instantaneous_tripping': 'Type B (3-5 In), Type C (5-10 In), Type D (10-20 In)'}","['IS 732:1989', 'IS 12640 (Part 1):2016']",True,2020-09-01,Second Revision,2021-01-01,"[{'amendment_number': 'Amd 1', 'date': '2021-01-01', 'description': 'Mandated energy limiting class 3 performance'}]","""IS 8828 specifies miniature circuit breakers (MCBs) providing overload and short-circuit protection in residential and commercial electrical panels.""",IEC 60898-1,1.35,BIS Official Standard Publication (Backend Primary),Electrotechnical,Power & Energy,"Applies to a.c. air-break miniature circuit-breakers (MCBs) for operation at 50 Hz, with rated voltage not exceeding 440 V, rated current not exceeding 125 A.",1996,Active,Bureau of Indian Standards,True,"['IS 732:1989', 'IS 12640 (Part 1):2016']"
IS 12640 (Part 1):2016,Residual Current Operated Circuit-Breakers without Integral Overcurrent Protection (RCCBs),,Electrical and Electronics,Switchgear,Applies to residual current operated circuit-breakers functionally independent of or functionally dependent on line voltage for household and similar applications.,"['rccb', 'elcb', 'residual current', 'earth leakage', 'electric shock protection', '30 ma']","{'rated_residual_current': '10 mA, 30 mA, 100 mA, 300 mA', 'rated_current': '16 A, 25 A, 40 A, 63 A', 'tripping_time': 'Max 300 ms at rated residual operating current'}","['IS 732:1989', 'IS 8828:1996']",True,2020-09-01,First Revision,2021-01-01,"[{'amendment_number': 'Amd 1', 'date': '2021-01-01', 'description': 'Type AC and Type A trip sensitivity verification tests'}]","""IS 12640 Part 1 covers RCCBs (residual current circuit breakers) designed to protect persons against indirect electrical contact and fire hazards from earth leakage.""",IEC 61008-1,1.3,BIS Official Standard Publication (Backend Primary),Civil Engineering,General Engineering,Applies to residual current operated circuit-breakers functionally independent of or functionally dependent on line voltage for household and similar applications.,2016,Active,Bureau of Indian Standards,True,"['IS 732:1989', 'IS 8828:1996']"
IS 13252 (Part 1):2010,Information Technology Equipment - Safety - Part 1: General Requirements,,Electrical and Electronics,IT Equipment,"Applies to mains-powered or battery-powered information technology equipment, including electrical business equipment and associated equipment, with rated voltage not exceeding 600 V.","['it equipment', 'compulsory registration', 'crs', 'laptop', 'server', 'power adapter', 'electrical safety']","{'protection_classes': 'Class I and Class II equipment insulation', 'dielectric_withstand': '1500 V for basic insulation, 3000 V for reinforced', 'touch_current': 'Max 3.5 mA for Class I, 0.25 mA for Class II'}",['IS 302(Part 1):2008'],True,2013-07-03,Second Revision,2020-08-01,"[{'amendment_number': 'Amd 1', 'date': '2020-08-01', 'description': 'Mandatory MeitY Compulsory Registration Scheme (CRS) safety test schedules'}]","""IS 13252 Part 1 specifies electrical, thermal, and mechanical safety tests for computers, servers, power supplies, and IT equipment under BIS CRS.""",IEC 60950-1,1.45,BIS Official Standard Publication (Backend Primary),Civil Engineering,General Engineering,"Applies to mains-powered or battery-powered information technology equipment, including electrical business equipment and associated equipment, with rated voltage not exceeding 600 V.",2010,Active,Bureau of Indian Standards,True,['IS 302(Part 1):2008']
IS 16046 (Part 2):2018,Secondary Cells and Batteries Containing Alkaline or Other Non-Acid Electrolytes - Lithium Systems,,Electrical and Electronics,Batteries,"Specifies requirements and tests for the safe operation of portable secondary lithium cells and batteries used in smartphones, laptops, and energy storage.","['lithium battery', 'li-ion', 'battery safety', 'short circuit', 'overcharge', 'thermal abuse', 'crs']","{'continuous_charging': '7 days at manufacturer declared upper voltage limit without fire or explosion', 'external_short_circuit': 'At 55 deg C without explosion or fire', 'free_fall': '1 m drop test on concrete floor'}",['IS 13252 (Part 1):2010'],True,2018-05-13,First Revision,2021-04-01,"[{'amendment_number': 'Amd 1', 'date': '2021-04-01', 'description': 'Harmonized with IEC 62133-2 battery transport and forced internal short circuit'}]","""IS 16046 Part 2 specifies safety tests for rechargeable lithium-ion cells and battery packs against thermal, electrical, and mechanical abuse.""",IEC 62133-2,1.4,BIS Official Standard Publication (Backend Primary),Chemicals,Industrial Chemicals & Coatings,"Specifies requirements and tests for the safe operation of portable secondary lithium cells and batteries used in smartphones, laptops, and energy storage.",2018,Active,Bureau of Indian Standards,True,['IS 13252 (Part 1):2010']
IS 2309:1989,Code of Practice for the Protection of Allied Structures Against Lightning,,Electrical and Electronics,Lightning Protection,"Covers guidelines for lightning risk assessment, design, installation, and testing of lightning protection systems (air terminations, down conductors, and earth terminations).","['lightning protection', 'air termination', 'down conductor', 'earth termination', 'surge protection', 'faraday cage']","{'air_terminal_conductor': 'Copper min 20 mm x 3 mm or Aluminium min 25 mm x 3 mm', 'earthing_resistance': 'Overall lightning earth resistance not exceeding 10 ohms', 'down_conductors': 'Min 2 down conductors for any building, spaced at max 20 m intervals'}","['IS 3043:1987', 'IS 732:1989']",False,,Second Revision,2017-02-01,"[{'amendment_number': 'Amd 1', 'date': '2017-02-01', 'description': 'Updated risk assessment matrices and rolling sphere radius methods'}]","""IS 2309 provides engineering methods for calculating lightning strike risk and installing air terminals, conductors, and ground grids.""",IEC 62305,1.2,BIS Official Standard Publication (Backend Primary),Civil Engineering,General Engineering,"Covers guidelines for lightning risk assessment, design, installation, and testing of lightning protection systems (air terminations, down conductors, and earth terminations).",1989,Active,Bureau of Indian Standards,False,"['IS 3043:1987', 'IS 732:1989']"
IS 15683:2018,Portable Fire Extinguishers - Performance and Construction - Specification,,Electrical and Electronics,Fire Safety,"Specifies requirements for the construction, extinguishing performance, ratings, and testing of portable fire extinguishers of water, foam, dry powder, and carbon dioxide types.","['fire extinguisher', 'portable extinguisher', 'fire rating', 'abc powder', 'co2 extinguisher', 'hydrostatic test']","{'fire_classes': 'Class A (solids), Class B (liquids), Class C (gases), Class F (cooking oils)', 'operating_pressure': 'Tested up to burst pressure of min 55 bar for stored pressure bodies', 'effective_discharge_time': 'Min 8 seconds to 15 seconds depending on capacity'}","['IS 2189:2008', 'IS 15105:2002']",True,2020-03-01,Second Revision,2021-07-01,"[{'amendment_number': 'Amd 1', 'date': '2021-07-01', 'description': 'Mandated unified colour coding and high-performance MAP 50 powder requirements'}]","""IS 15683 sets manufacturing and fire-rating benchmarks for portable extinguishers (ABC, CO2, Foam, Clean Agent) under mandatory BIS certification.""",ISO 7165 / EN 3-7,1.35,BIS Official Standard Publication (Backend Primary),Civil Engineering,Disaster Mitigation & Fire Safety,"Specifies requirements for the construction, extinguishing performance, ratings, and testing of portable fire extinguishers of water, foam, dry powder, and carbon dioxide types.",2018,Active,Bureau of Indian Standards,True,"['IS 2189:2008', 'IS 15105:2002']"
IS 3844:1989,Code of Practice for Installation and Maintenance of Internal Fire Hydrants and Hose Reels on Premises,,Electrical and Electronics,Fire Safety,"Covers installation, testing, and maintenance of wet riser, dry riser, and downcomer internal hydrant and first-aid hose reel systems in buildings.","['fire hydrant', 'wet riser', 'hose reel', 'landing valve', 'fire pump', 'building fire safety']","{'landing_valve_pressure': 'Min 3.5 bar and max 7.0 bar at topmost hydrant', 'water_storage_capacity': 'Underground fire tank 50,000 L to 200,000 L according to building height', 'hose_reel_diameter': 'Min 20 mm high pressure rubber hose, length 30 m'}","['IS 2189:2008', 'IS 15105:2002']",False,,First Revision,2018-04-01,"[{'amendment_number': 'Amd 1', 'date': '2018-04-01', 'description': 'Updated pipe sizing and landing valve test pressure limits'}]","""IS 3844 outlines installation guidelines for wet risers, fire pumps, and first-aid hose reels in multi-storey and commercial complexes.""",NFPA 14,1.2,BIS Official Standard Publication (Backend Primary),Civil Engineering,Disaster Mitigation & Fire Safety,"Covers installation, testing, and maintenance of wet riser, dry riser, and downcomer internal hydrant and first-aid hose reel systems in buildings.",1989,Active,Bureau of Indian Standards,False,"['IS 2189:2008', 'IS 15105:2002']"
IS 14543:2016,Packaged Drinking Water (Other Than Packaged Natural Mineral Water) - Specification,,Food Safety,Water,"Specifies physical, chemical, and microbiological requirements, packing and marking for packaged drinking water filled in sealed containers.","['packaged water', 'bottled water', 'drinking water', 'tds', 'reverse osmosis', 'isi mark mandatory', 'fssai']","{'total_dissolved_solids': '75 to 500 mg/L', 'ph_value': '6.5 to 8.5', 'microbiological_limits': 'E. coli, coliform, fecal streptococci, and Pseudomonas aeruginosa absent in 250 ml', 'heavy_metals': 'Lead max 0.01 mg/L, Arsenic max 0.01 mg/L, Cadmium max 0.003 mg/L'}","['IS 10500:2012', 'IS 3025 (Part 11):1983']",True,2001-03-29,Third Revision,2021-03-01,"[{'amendment_number': 'Amd 1', 'date': '2021-03-01', 'description': 'Mandatory addition of essential minerals (Calcium min 20 mg/L, Magnesium min 10 mg/L)'}]","""IS 14543 is under statutory mandatory BIS certification for all packaged drinking water manufacturing units in India.""",Codex Stan 227,1.45,BIS Official Standard Publication (Backend Primary),Food & Agriculture,Agriculture & Food Processing,"Specifies physical, chemical, and microbiological requirements, packing and marking for packaged drinking water filled in sealed containers.",2016,Active,Bureau of Indian Standards,True,"['IS 10500:2012', 'IS 3025 (Part 11):1983']"
IS 13428:2005,Packaged Natural Mineral Water - Specification,,Food Safety,Water,"Prescribes requirements, methods of sampling, and test for packaged natural mineral water obtained directly from natural spring or underground sources.","['natural mineral water', 'spring water', 'packaged water', 'isi certification mandatory', 'fssai']","{'source_type': 'Directly from natural spring or bored underground aquifer', 'chemical_treatment': 'Chemical treatment prohibited except aeration and filtration', 'total_dissolved_solids': '150 to 700 mg/L naturally occurring'}","['IS 10500:2012', 'IS 14543:2016']",True,2001-03-29,Second Revision,2020-01-01,"[{'amendment_number': 'Amd 1', 'date': '2020-01-01', 'description': 'Revision of pesticide residue detection limits by GC-MS'}]","""IS 13428 governs pristine packaged natural mineral water with mandatory BIS certification requiring untreated underground source origin.""",Codex Stan 108,1.35,BIS Official Standard Publication (Backend Primary),Food & Agriculture,Agriculture & Food Processing,"Prescribes requirements, methods of sampling, and test for packaged natural mineral water obtained directly from natural spring or underground sources.",2005,Active,Bureau of Indian Standards,True,"['IS 10500:2012', 'IS 14543:2016']"
IS 1155:1968,Specification for Wheat Atta,,Food Safety,Grains & Flour,Prescribes requirements and methods of test for wheat flour (atta) produced by milling sound and clean wheat.,"['wheat atta', 'flour', 'food grain', 'moisture content', 'gluten', 'fssai']","{'moisture': 'Max 14.0 percent by mass', 'total_ash': 'Max 2.0 percent on dry basis', 'acid_insoluble_ash': 'Max 0.15 percent', 'gluten_dry': 'Min 7.0 percent'}",['IS 1656:2007'],False,,Second Revision,2019-06-01,"[{'amendment_number': 'Amd 1', 'date': '2019-06-01', 'description': 'Aligned with FSSAI fortified food standards (Iron, Folic Acid, Vitamin B12)'}]","""IS 1155 specifies composition, gluten content, and quality parameters for whole wheat atta.""",Codex Stan 152,1.1,BIS Official Standard Publication (Backend Primary),Food & Agriculture,Agriculture & Food Processing,Prescribes requirements and methods of test for wheat flour (atta) produced by milling sound and clean wheat.,1968,Active,Bureau of Indian Standards,False,['IS 1656:2007']
IS 1460:2017,Automotive Fuels - High Speed Diesel (HSD) - Specification,,Chemicals,Petroleum Products,Specifies requirements for high speed diesel (HSD) fuel intended for automotive diesel engines (BS VI compliant).,"['diesel fuel', 'hsd', 'bs vi', 'cetane number', 'sulphur content', 'automotive fuel']","{'sulphur_content': 'Max 10 mg/kg (10 ppm) for BS VI', 'cetane_number': 'Min 51', 'density_at_15C': '820 to 845 kg/m3', 'flash_point': 'Min 35 degrees C'}",['IS 2796:2017'],True,2020-04-01,Sixth Revision,2021-02-01,"[{'amendment_number': 'Amd 1', 'date': '2021-02-01', 'description': 'Enforced nationwide BS-VI ultra-low sulphur 10 ppm cap'}]","""IS 1460 prescribes technical specifications for BS-VI compliant High Speed Diesel with maximum 10 ppm sulphur.""",EN 590,1.35,BIS Official Standard Publication (Backend Primary),Transport Engineering,Automotive & Road Safety,Specifies requirements for high speed diesel (HSD) fuel intended for automotive diesel engines (BS VI compliant).,2017,Active,Bureau of Indian Standards,True,['IS 2796:2017']
IS 2796:2017,Motor Gasoline - Specification,,Chemicals,Petroleum Products,Specifies requirements for motor gasoline (petrol) suitable for use in spark-ignition internal combustion engines (BS VI and ethanol blends E10/E20).,"['petrol', 'gasoline', 'motor spirit', 'research octane number', 'ron 91', 'ethanol blended', 'bs vi']","{'research_octane_number_ron': 'Min 91', 'sulphur_content': 'Max 10 mg/kg (10 ppm)', 'benzene_content': 'Max 1.0 percent by volume', 'ethanol_blend': 'Up to 20 percent (E20)'}",['IS 1460:2017'],True,2020-04-01,Fifth Revision,2021-05-01,"[{'amendment_number': 'Amd 1', 'date': '2021-05-01', 'description': 'Added technical parameters for E12, E15, and E20 ethanol-petrol blends'}]","""IS 2796 governs BS-VI motor gasoline with minimum 91 RON, maximum 10 ppm sulphur, and ethanol blending schedules.""",EN 228,1.35,BIS Official Standard Publication (Backend Primary),Chemicals,Industrial Chemicals & Coatings,Specifies requirements for motor gasoline (petrol) suitable for use in spark-ignition internal combustion engines (BS VI and ethanol blends E10/E20).,2017,Active,Bureau of Indian Standards,True,['IS 1460:2017']
IS 517:2020,Methanol (Methyl Alcohol) - Specification,,Chemicals,Alcohols,"Prescribes requirements and methods of test for methanol used as an industrial solvent, chemical feedstock, and fuel blend.","['methanol', 'methyl alcohol', 'industrial chemical', 'purity', 'qco mandatory']","{'purity_by_gc': 'Min 99.85 percent by mass', 'distillation_range': '64.0 to 65.5 degrees C', 'water_content': 'Max 0.10 percent by mass'}",['IS 323:2009'],True,2021-02-03,Fourth Revision,2020-11-01,"[{'amendment_number': 'Amd 1', 'date': '2020-11-01', 'description': 'Updated Department of Chemicals QCO compliance limits'}]","""IS 517 defines high purity methanol for chemical syntheses and fuel blending under mandatory BIS QCO.""",ASTM D1152,1.25,BIS Official Standard Publication (Backend Primary),Chemicals,Industrial Chemicals & Coatings,"Prescribes requirements and methods of test for methanol used as an industrial solvent, chemical feedstock, and fuel blend.",2020,Active,Bureau of Indian Standards,True,['IS 323:2009']
IS 170:2020,Acetone - Specification,,Chemicals,Solvents,"Prescribes requirements, sampling methods, and tests for technical grade acetone used as solvent and chemical intermediate.","['acetone', 'solvent', 'chemical feedstock', 'distillation', 'qco mandatory']","{'purity': 'Min 99.5 percent by mass', 'relative_density': '0.789 to 0.792 at 20/20 C', 'water_content': 'Max 0.35 percent by mass'}",['IS 517:2020'],True,2021-02-03,Fourth Revision,2020-10-01,"[{'amendment_number': 'Amd 1', 'date': '2020-10-01', 'description': 'Mandatory BIS certification under Acetone (Quality Control) Order'}]","""IS 170 covers technical grade acetone with minimum 99.5% purity under mandatory BIS Quality Control Order.""",ASTM D329,1.2,BIS Official Standard Publication (Backend Primary),Chemicals,Industrial Chemicals & Coatings,"Prescribes requirements, sampling methods, and tests for technical grade acetone used as solvent and chemical intermediate.",2020,Active,Bureau of Indian Standards,True,['IS 517:2020']
IS 15298 (Part 2):2016,Personal Protective Equipment - Part 2: Safety Footwear,,Textiles,Safety Gear,"Specifies basic and additional requirements for safety footwear used in industrial, construction, and hazardous environments.","['safety shoes', 'safety footwear', 'steel toe', 'impact resistance', '200 joules', 'anti-skid', 'qco mandatory']","{'impact_resistance_toe_cap': '200 Joules', 'compression_resistance': '15 kN', 'penetration_resistance_sole': 'Min 1100 N', 'slip_resistance': 'Tested on ceramic tile and steel floors'}",['IS 2925:1984'],True,2022-01-01,Second Revision,2021-06-01,"[{'amendment_number': 'Amd 1', 'date': '2021-06-01', 'description': 'Enforced under Footwear Made from All-Rubber and other Polymeric Material QCO'}]","""IS 15298 Part 2 specifies industrial safety footwear with 200J steel toe impact protection under mandatory QCO.""",ISO 20345,1.35,BIS Official Standard Publication (Backend Primary),Chemicals,Personal Protective Equipment,"Specifies basic and additional requirements for safety footwear used in industrial, construction, and hazardous environments.",2016,Active,Bureau of Indian Standards,True,['IS 2925:1984']
IS 9473:2002,Respiratory Protective Devices - Filtering Half Masks to Protect Against Particles - Specification,,Textiles,Medical & Safety,"Specifies minimum requirements for particle filtering half masks used as respiratory protective devices against dust, mists, and aerosols.","['n95 mask', 'respirator', 'ffp2 mask', 'particulate filter', 'filtering facepiece', 'inhalation resistance']","{'classes': 'FFP1 (min 80%), FFP2 (min 94%), FFP3 (min 99% filtration)', 'test_aerosols': 'Sodium chloride and paraffin oil', 'breathing_resistance': 'Max 2.4 mbar at 95 L/min inhalation'}",['IS 16289:2014'],True,2020-04-01,First Revision,2020-05-15,"[{'amendment_number': 'Amd 1', 'date': '2020-05-15', 'description': 'Mandatory testing protocol during national public health emergency'}]","""IS 9473 governs FFP1, FFP2 (N95 equivalent), and FFP3 particulate filtering respirators for industrial and medical personal protection.""",EN 149,1.35,BIS Official Standard Publication (Backend Primary),Chemicals,Personal Protective Equipment,"Specifies minimum requirements for particle filtering half masks used as respiratory protective devices against dust, mists, and aerosols.",2002,Active,Bureau of Indian Standards,True,['IS 16289:2014']
IS 2925:1984,Specification for Industrial Safety Helmets,,Automotive Components,Safety Gear,"Specifies requirements for safety helmets designed to protect workers against falling objects and other hazards in mines, factories, and construction sites.","['safety helmet', 'hard hat', 'shock absorption', 'penetration resistance', 'construction safety', 'ppe']","{'shock_absorption': 'Transmitted force not exceeding 5.0 kN upon drop of 5 kg striker from 1 m', 'penetration_resistance': '3 kg conical drop striker shall not pierce shell to touch headform', 'electrical_resistance': 'Proof voltage test up to 2000 V for electrical work'}","['IS 16515:2017', 'IS 2112:2000']",True,2021-03-01,Second Revision,2019-04-01,"[{'amendment_number': 'Amd 1', 'date': '2019-04-01', 'description': 'Incorporated flame retardance and lateral deformation resistance'}]","""IS 2925 prescribes physical, impact absorption, and dielectric test requirements for industrial safety hard hats.""",EN 397,1.3,BIS Official Standard Publication (Backend Primary),Transport Engineering,Automotive & Road Safety,"Specifies requirements for safety helmets designed to protect workers against falling objects and other hazards in mines, factories, and construction sites.",1984,Active,Bureau of Indian Standards,True,"['IS 16515:2017', 'IS 2112:2000']"
IS 875 (Part 2):1987,Design Loads (Other Than Earthquake) For Buildings And Structures - Code of Practice - Part 2: Imposed Loads,,Construction and Civil Engineering,Structural Design,"Covers imposed (live) loads on floors, roofs, stairs, and balconies for residential, commercial, industrial, and public buildings.","['imposed load', 'live load', 'floor load', 'roof load', 'udl', 'building code']","{'residential_rooms_udl': '2.0 kN/m2', 'office_general_udl': '2.5 to 3.0 kN/m2', 'corridors_and_stairs': '4.0 kN/m2', 'roofs_inaccessible': '0.75 kN/m2'}","['IS 456:2000', 'IS 800:2007', 'IS 875(Part 1):1987']",False,,Second Revision,2018-01-01,"[{'amendment_number': 'Amd 1', 'date': '2018-01-01', 'description': 'Updated concentrated load provisions for garage floors'}]","""IS 875 Part 2 specifies imposed uniformly distributed and concentrated loads for building occupancy classifications.""",EN 1991-1-1,1.25,BIS Official Standard Publication (Backend Primary),Civil Engineering,Construction & Infrastructure,"Covers imposed (live) loads on floors, roofs, stairs, and balconies for residential, commercial, industrial, and public buildings.",1987,Active,Bureau of Indian Standards,False,"['IS 456:2000', 'IS 800:2007', 'IS 875(Part 1):1987']"
IS 875 (Part 3):2015,Design Loads (Other Than Earthquake) For Buildings And Structures - Code of Practice - Part 3: Wind Loads,,Construction and Civil Engineering,Structural Design,"Gives rules for calculating wind pressures and forces on buildings, clad structures, industrial sheds, and towers.","['wind load', 'basic wind speed', 'design wind pressure', 'cyclonic factor', 'topography', 'cladding']","{'basic_wind_speed_zones': '33, 39, 44, 47, 50, and 55 m/s across India', 'risk_coefficient_k1': 'Depends on mean probable design life of structure', 'cyclonic_factor_k4': '1.15 to 1.30 for east and west coastal regions'}","['IS 456:2000', 'IS 800:2007', 'IS 875(Part 1):1987']",False,,Third Revision,2019-06-01,"[{'amendment_number': 'Amd 1', 'date': '2019-06-01', 'description': 'Updated wind speed map of India and terrain factor coefficients'}]","""IS 875 Part 3 outlines wind load calculations incorporating basic wind speed, cyclonic effects, and structural aerodynamics.""",AS/NZS 1170.2,1.35,BIS Official Standard Publication (Backend Primary),Civil Engineering,Construction & Infrastructure,"Gives rules for calculating wind pressures and forces on buildings, clad structures, industrial sheds, and towers.",2015,Active,Bureau of Indian Standards,False,"['IS 456:2000', 'IS 800:2007', 'IS 875(Part 1):1987']"
IS 875 (Part 5):1987,Code of Practice for Design Loads (Other Than Earthquake) For Buildings And Structures - Part 5: Special Loads and Load Combinations,,Construction and Civil Engineering,Structural Design,"Provides guidance on temperature effects, soil pressure, fluid pressure, foundation movement, and load combinations for limit state design.","['load combination', 'limit state', 'dead load', 'live load', 'wind load', 'partial safety factor']","{'limit_state_strength_dl_ll': '1.5 DL + 1.5 LL', 'limit_state_strength_dl_wl': '1.5 DL + 1.5 WL or 0.9 DL + 1.5 WL', 'limit_state_strength_dl_ll_wl': '1.2 DL + 1.2 LL + 1.2 WL'}","['IS 456:2000', 'IS 800:2007', 'IS 875(Part 1):1987']",False,,Second Revision,2017-04-01,"[{'amendment_number': 'Amd 1', 'date': '2017-04-01', 'description': 'Aligned load combination factors with limit state provisions of IS 456 and IS 800'}]","""IS 875 Part 5 specifies partial safety factors and serviceability load combinations for structural design.""",ISO 2394,1.2,BIS Official Standard Publication (Backend Primary),Civil Engineering,Construction & Infrastructure,"Provides guidance on temperature effects, soil pressure, fluid pressure, foundation movement, and load combinations for limit state design.",1987,Active,Bureau of Indian Standards,False,"['IS 456:2000', 'IS 800:2007', 'IS 875(Part 1):1987']"
IS 1893 (Part 2):2014,Criteria for Earthquake Resistant Design of Structures - Part 2: Liquid Retaining Tanks,,Construction and Civil Engineering,Structural Design,"Deals with the earthquake-resistant design of elevated, ground-supported, and underground liquid retaining tanks.","['earthquake design', 'water tank', 'sloshing', 'impulsive mass', 'convective mass', 'hydrodynamic pressure']","{'mechanical_analog': 'Two-mass spring-dashpot model representing impulsive and convective modes', 'damping': '0.5% for sloshing/convective mode, 5% for impulsive mode in RC tanks'}","['IS 1893 (Part 1):2016', 'IS 3370 (Part 1):2009', 'IS 3370 (Part 2):2009']",False,,First Edition,2019-08-01,"[{'amendment_number': 'Amd 1', 'date': '2019-08-01', 'description': 'Clarified hydrodynamic pressure formulas on tank walls'}]","""IS 1893 Part 2 establishes seismic hydrodynamic forces and convective sloshing wave heights in overhead and ground-level water reservoirs.""",ACI 350.3,1.2,BIS Official Standard Publication (Backend Primary),Civil Engineering,General Engineering,"Deals with the earthquake-resistant design of elevated, ground-supported, and underground liquid retaining tanks.",2014,Active,Bureau of Indian Standards,False,"['IS 1893 (Part 1):2016', 'IS 3370 (Part 1):2009', 'IS 3370 (Part 2):2009']"
IS 1893 (Part 3):2014,Criteria for Earthquake Resistant Design of Structures - Part 3: Bridges and Retaining Walls,,Construction and Civil Engineering,Structural Design,"Covers seismic design of highway and railway bridges, piers, abutments, bearings, and earth retaining structures.","['seismic bridge', 'bridge pier', 'retaining wall', 'elastomeric bearing', 'mononobe okabe', 'dynamic earth pressure']","{'dynamic_earth_pressure': 'Calculated using Mononobe-Okabe method with seismic coefficient', 'seismic_bearing_detailing': 'Mandatory unseating prevention stoppers on pier caps'}","['IS 1893 (Part 1):2016', 'IS 456:2000']",False,,First Edition,2019-08-01,"[{'amendment_number': 'Amd 1', 'date': '2019-08-01', 'description': 'Detailed response reduction factors for multi-column bridge bents'}]","""IS 1893 Part 3 prescribes seismic force calculations and ductile pier detailing for bridges and retaining walls.""",AASHTO LRFD Bridge Design,1.2,BIS Official Standard Publication (Backend Primary),Civil Engineering,General Engineering,"Covers seismic design of highway and railway bridges, piers, abutments, bearings, and earth retaining structures.",2014,Active,Bureau of Indian Standards,False,"['IS 1893 (Part 1):2016', 'IS 456:2000']"
IS 1893 (Part 4):2015,Criteria for Earthquake Resistant Design of Structures - Part 4: Industrial Structures Including Stack-Like Structures,,Construction and Civil Engineering,Structural Design,"Deals with earthquake resistance of industrial buildings, chimneys, cooling towers, silos, piping systems, and pipe racks.","['industrial seismic', 'reinforced concrete chimney', 'cooling tower', 'pipe rack', 'silo', 'stack-like structure']","{'chimney_analysis': 'Dynamic modal analysis mandatory for stacks higher than 30 m', 'damping_values': '2% for welded steel stacks, 4% for unlined RC chimneys'}","['IS 1893 (Part 1):2016', 'IS 800:2007', 'IS 456:2000']",False,,First Edition,2020-02-01,"[{'amendment_number': 'Amd 1', 'date': '2020-02-01', 'description': 'Formulas for vortex shedding combined with seismic response'}]","""IS 1893 Part 4 outlines dynamic response spectrum analysis for tall chimneys, cooling towers, and industrial plant structures.""",ASCE 7 Chapter 15,1.15,BIS Official Standard Publication (Backend Primary),Civil Engineering,General Engineering,"Deals with earthquake resistance of industrial buildings, chimneys, cooling towers, silos, piping systems, and pipe racks.",2015,Active,Bureau of Indian Standards,False,"['IS 1893 (Part 1):2016', 'IS 800:2007', 'IS 456:2000']"
IS 2720 (Part 4):1985,Methods of Test for Soils - Part 4: Grain Size Analysis,,Construction and Civil Engineering,Geotechnical & Foundations,"Covers method for quantitative determination of grain size distribution in soils by dry sieving, wet sieving, and sedimentation (hydrometer/pipette).","['grain size analysis', 'sieve analysis', 'hydrometer test', 'effective size d10', 'uniformity coefficient', 'soil gradation']","{'sieve_sizes': '75 mm down to 75 micron IS sieves', 'sedimentation_range': 'Particles smaller than 75 micron down to 2 micron', 'dispersing_agent': 'Sodium hexametaphosphate solution'}",['IS 1498:1970'],False,,Second Revision,2015-05-01,"[{'amendment_number': 'Amd 1', 'date': '2015-05-01', 'description': 'Reaffirmed standard testing procedures'}]","""IS 2720 Part 4 specifies mechanical sieve analysis and hydrometer sedimentation for soil particle size distribution.""",ASTM D422,1.15,BIS Official Standard Publication (Backend Primary),Food & Agriculture,Agriculture & Food Processing,"Covers method for quantitative determination of grain size distribution in soils by dry sieving, wet sieving, and sedimentation (hydrometer/pipette).",1985,Active,Bureau of Indian Standards,False,['IS 1498:1970']
IS 2720 (Part 5):1985,Methods of Test for Soils - Part 5: Determination of Liquid and Plastic Limit,,Construction and Civil Engineering,Geotechnical & Foundations,Specifies methods for determining the liquid limit (using Casagrande cup or cone penetrometer) and plastic limit of soils.,"['liquid limit', 'plastic limit', 'plasticity index', 'casagrande', 'atterberg limits', 'clay']","{'liquid_limit_apparatus': 'Casagrande tool (25 blows) or 30-degree cone penetration 20 mm', 'plastic_limit_thread': 'Soil rolled into 3 mm diameter thread without crumbling', 'plasticity_index': 'Liquid limit minus plastic limit'}","['IS 1498:1970', 'IS 2720 (Part 4):1985']",False,,Second Revision,2015-05-01,"[{'amendment_number': 'Amd 1', 'date': '2015-05-01', 'description': 'Standardized cone penetrometer method as preferred test'}]","""IS 2720 Part 5 describes testing for soil Atterberg limits used for soil classification and swell-shrink potential appraisal.""",ASTM D4318,1.2,BIS Official Standard Publication (Backend Primary),Food & Agriculture,Agriculture & Food Processing,Specifies methods for determining the liquid limit (using Casagrande cup or cone penetrometer) and plastic limit of soils.,1985,Active,Bureau of Indian Standards,False,"['IS 1498:1970', 'IS 2720 (Part 4):1985']"
IS 2720 (Part 7):1980,Methods of Test for Soils - Part 7: Determination of Water Content-Dry Density Relation Using Light Compaction,,Construction and Civil Engineering,Geotechnical & Foundations,Specifies method for determining dry density vs moisture content relationship for soil using light compaction (Standard Proctor test).,"['compaction test', 'standard proctor', 'optimum moisture content', 'maximum dry density', 'embankment', 'subgrade']","{'rammer_mass': '2.6 kg', 'rammer_drop': '310 mm free fall', 'compactive_energy': '595 kJ/m3 in 3 equal layers (25 blows per layer)'}","['IS 2720 (Part 8):1983', 'IS 1498:1970']",False,,Second Revision,2016-08-01,"[{'amendment_number': 'Amd 1', 'date': '2016-08-01', 'description': 'Clarified correction for oversize coarse gravel fractions'}]","""IS 2720 Part 7 details the Standard Proctor test to establish optimum moisture content (OMC) and maximum dry density (MDD) for earthwork.""",ASTM D698,1.15,BIS Official Standard Publication (Backend Primary),Food & Agriculture,Agriculture & Food Processing,Specifies method for determining dry density vs moisture content relationship for soil using light compaction (Standard Proctor test).,1980,Active,Bureau of Indian Standards,False,"['IS 2720 (Part 8):1983', 'IS 1498:1970']"
IS 2720 (Part 8):1983,Methods of Test for Soils - Part 8: Determination of Water Content-Dry Density Relation Using Heavy Compaction,,Construction and Civil Engineering,Geotechnical & Foundations,Specifies test method for water content-dry density relation using heavy compaction (Modified Proctor test) for airfield and highway subgrades.,"['modified proctor', 'heavy compaction', 'mdd', 'omc', 'pavement subgrade', 'highway construction']","{'rammer_mass': '4.9 kg', 'rammer_drop': '450 mm free fall', 'compactive_energy': '2696 kJ/m3 in 5 equal layers (25 blows per layer)'}","['IS 2720 (Part 7):1980', 'IS 1498:1970']",False,,Second Revision,2016-08-01,"[{'amendment_number': 'Amd 1', 'date': '2016-08-01', 'description': 'Reaffirmed heavy compaction calibration tolerances'}]","""IS 2720 Part 8 defines the Modified Proctor compaction method required for highway pavements, runway subbases, and heavy earth dams.""",ASTM D1557,1.15,BIS Official Standard Publication (Backend Primary),Food & Agriculture,Agriculture & Food Processing,Specifies test method for water content-dry density relation using heavy compaction (Modified Proctor test) for airfield and highway subgrades.,1983,Active,Bureau of Indian Standards,False,"['IS 2720 (Part 7):1980', 'IS 1498:1970']"
IS 1498:1970,Classification and Identification of Soils for General Engineering Purposes,,Construction and Civil Engineering,Geotechnical & Foundations,Covers a system for classifying and identifying soils based on grain size characteristics and plasticity chart (Indian Standard Soil Classification System - ISSCS).,"['soil classification', 'plasticity chart', 'a-line', 'gravel', 'sand', 'silt', 'clay', 'ch', 'cl', 'sp', 'sw']","{'coarse_grained': 'More than 50% retained on 75 micron IS sieve', 'fine_grained': 'More than 50% passing 75 micron IS sieve', 'a_line_equation': 'PI = 0.73 * (LL - 20)'}","['IS 2720 (Part 4):1985', 'IS 2720 (Part 5):1985']",False,,First Revision,2017-06-01,"[{'amendment_number': 'Amd 1', 'date': '2017-06-01', 'description': 'Reaffirmed system compatibility with Unified Soil Classification System'}]","""IS 1498 provides the foundational Indian Standard Soil Classification System (ISSCS) using particle size and plasticity indices.""",ASTM D2487,1.25,BIS Official Standard Publication (Backend Primary),Food & Agriculture,Agriculture & Food Processing,Covers a system for classifying and identifying soils based on grain size characteristics and plasticity chart (Indian Standard Soil Classification System - ISSCS).,1970,Active,Bureau of Indian Standards,False,"['IS 2720 (Part 4):1985', 'IS 2720 (Part 5):1985']"
IS 1888:1982,Method of Load Test on Soils,,Construction and Civil Engineering,Geotechnical & Foundations,Specifies method for conducting plate load test on soil to determine ultimate bearing capacity and allowable bearing pressure for shallow foundations.,"['plate load test', 'bearing capacity', 'settlement', 'bearing plate', 'subgrade modulus', 'modulus of subgrade reaction']","{'plate_sizes': 'Mild steel square or circular plates 300 mm to 750 mm diameter, min 25 mm thickness', 'reaction_loading': 'Gravity loading platform or truss reaction anchors', 'settlement_measurement': 'Min 4 dial gauges reading to 0.02 mm accuracy'}","['IS 6403:1981', 'IS 1904:2021']",False,,Second Revision,2018-03-01,"[{'amendment_number': 'Amd 1', 'date': '2018-03-01', 'description': 'Updated size-effect scaling equations from plate to actual footing size'}]","""IS 1888 details plate load testing apparatus and calculation of safe bearing capacity and modulus of subgrade reaction (k-value).""",ASTM D1194,1.2,BIS Official Standard Publication (Backend Primary),Food & Agriculture,Agriculture & Food Processing,Specifies method for conducting plate load test on soil to determine ultimate bearing capacity and allowable bearing pressure for shallow foundations.,1982,Active,Bureau of Indian Standards,False,"['IS 6403:1981', 'IS 1904:2021']"
IS 808:2021,"Dimensions for Hot Rolled Steel Beam, Column, Channel and Angle Sections",,Construction and Civil Engineering,Steel,"Specifies nominal dimensions, sectional properties, mass, and tolerances for hot rolled steel beams (ISJB, ISLB, ISMB, ISWB, ISHB), columns, channels (ISJC, ISLC, ISMC), and angles (ISA).","['steel sections', 'i beam', 'ismb', 'channel section', 'ismc', 'angle section', 'sectional modulus', 'hot rolled steel']","{'beam_series': 'Junior (ISJB), Light (ISLB), Medium (ISMB), Wide Flange (ISWB), Heavy (ISHB)', 'channel_series': 'Junior (ISJC), Light (ISLC), Medium (ISMC), Parallel Flange (ISPC)', 'angle_series': 'Equal angles and unequal angles'}","['IS 2062:2011', 'IS 800:2007', 'IS 1852:1985']",True,2023-01-01,Fourth Revision,2021-12-01,"[{'amendment_number': 'Amd 1', 'date': '2021-12-01', 'description': 'Incorporated parallel flange beam and column dimensions'}]","""IS 808 provides standard dimensional tables, moments of inertia, and section moduli for hot-rolled structural steel sections in India.""",ISO 657,1.35,BIS Official Standard Publication (Backend Primary),Metallurgical Engineering,Metals & Mining,"Specifies nominal dimensions, sectional properties, mass, and tolerances for hot rolled steel beams (ISJB, ISLB, ISMB, ISWB, ISHB), columns, channels (ISJC, ISLC, ISMC), and angles (ISA).",2021,Active,Bureau of Indian Standards,True,"['IS 2062:2011', 'IS 800:2007', 'IS 1852:1985']"
IS 1732:1989,Dimensions for Round and Square Steel Bars for Structural and General Engineering Purposes,,Construction and Civil Engineering,Steel,Specifies standard nominal diameters and dimensions for hot rolled round and square steel bars.,"['steel bars', 'round bars', 'square bars', 'structural steel', 'engineering bars']","{'round_bar_diameters': '5 mm to 250 mm', 'square_bar_sizes': '5 mm to 150 mm', 'tolerances': 'Conforming to IS 1852'}","['IS 2062:2011', 'IS 1852:1985']",True,2023-01-01,Third Revision,2019-01-01,"[{'amendment_number': 'Amd 1', 'date': '2019-01-01', 'description': 'Reaffirmed standard sizing series'}]","""IS 1732 specifies dimensional increments and weights per meter for hot-rolled round and square steel bars.""",ISO 1035-1,1.15,BIS Official Standard Publication (Backend Primary),Civil Engineering,Construction & Infrastructure,Specifies standard nominal diameters and dimensions for hot rolled round and square steel bars.,1989,Active,Bureau of Indian Standards,True,"['IS 2062:2011', 'IS 1852:1985']"
IS 1852:1985,Rolling and Cutting Tolerances for Hot-Rolled Steel Products,,Construction and Civil Engineering,Steel,"Specifies rolling and cutting tolerances for hot-rolled beams, columns, channels, angles, tees, flats, plates, and bars.","['steel tolerances', 'camber', 'sweep', 'out of square', 'cutting tolerance', 'rolling tolerance']","{'depth_tolerance_beams': '+/- 2 mm to +/- 4 mm according to section depth', 'mass_tolerance_overall': '+/- 2.5% on standard theoretical mass', 'straightness_camber': 'Max 0.002 of total span'}","['IS 2062:2011', 'IS 808:2021', 'IS 800:2007']",True,2023-01-01,Fourth Revision,2018-05-01,"[{'amendment_number': 'Amd 1', 'date': '2018-05-01', 'description': 'Updated automated sawing cutting length tolerances'}]","""IS 1852 defines acceptable manufacturing variations, straightness, and cut length tolerances for structural steel shapes.""",EN 10034,1.2,BIS Official Standard Publication (Backend Primary),Metallurgical Engineering,Metals & Mining,"Specifies rolling and cutting tolerances for hot-rolled beams, columns, channels, angles, tees, flats, plates, and bars.",1985,Active,Bureau of Indian Standards,True,"['IS 2062:2011', 'IS 808:2021', 'IS 800:2007']"
IS 1363 (Part 1):2019,"Hexagon Head Bolts, Screws and Nuts of Product Grade C - Part 1: Hexagon Head Bolts (Size Range M5 to M64)",,Automotive Components,Fasteners,Specifies characteristics of hexagon head bolts with threads from M5 up to and including M64 of product grade C for structural and general use.,"['hexagon bolt', 'fasteners', 'grade c', 'structural bolting', 'black bolts', 'm16', 'm20', 'm24']","{'size_range': 'M5 to M64', 'property_classes': 'Class 4.6 and Class 4.8', 'thread_tolerance': '8g tolerance class'}","['IS 1367 (Part 1):2014', 'IS 800:2007']",True,2023-10-01,Fifth Revision,2021-02-01,"[{'amendment_number': 'Amd 1', 'date': '2021-02-01', 'description': 'Mandated under Fasteners (Quality Control) Order'}]","""IS 1363 Part 1 covers commercial product grade C hexagon head bolts widely used in structural steel framing.""",ISO 4016,1.2,BIS Official Standard Publication (Backend Primary),Transport Engineering,Automotive & Road Safety,Specifies characteristics of hexagon head bolts with threads from M5 up to and including M64 of product grade C for structural and general use.,2019,Active,Bureau of Indian Standards,True,"['IS 1367 (Part 1):2014', 'IS 800:2007']"
IS 1364 (Part 1):2018,"Hexagon Head Bolts, Screws and Nuts of Product Grades A and B - Part 1: Hexagon Head Bolts (Size Range M1.6 to M64)",,Automotive Components,Fasteners,Specifies characteristics of precision hexagon head bolts with threads from M1.6 to M64 of product grades A and B for precision engineering and automotive assemblies.,"['precision bolts', 'grade a bolts', 'high tensile bolts', 'fasteners', 'automotive bolts', 'class 8.8', 'class 10.9']","{'property_classes': 'Class 8.8, 10.9, 12.9', 'thread_tolerance': '6g precision thread', 'surface_finish': 'Zinc electroplated, hot dip galvanized or black oxide'}","['IS 1367 (Part 1):2014', 'IS 2112:2000']",True,2023-10-01,Fifth Revision,2020-04-01,"[{'amendment_number': 'Amd 1', 'date': '2020-04-01', 'description': 'Mandated under DPIIT Fasteners QCO'}]","""IS 1364 Part 1 governs high strength precision Grade A and B metric hexagon head bolts used in mechanical and automotive assemblies.""",ISO 4014,1.25,BIS Official Standard Publication (Backend Primary),Transport Engineering,Automotive & Road Safety,Specifies characteristics of precision hexagon head bolts with threads from M1.6 to M64 of product grades A and B for precision engineering and automotive assemblies.,2018,Active,Bureau of Indian Standards,True,"['IS 1367 (Part 1):2014', 'IS 2112:2000']"
IS 1367 (Part 1):2014,Technical Supply Conditions for Threaded Fasteners - Part 1: General Requirements,,Automotive Components,Fasteners,"Gives general requirements and technical supply conditions for bolts, screws, studs, and nuts made of carbon steel, alloy steel, and stainless steel.","['threaded fasteners', 'bolts and nuts', 'tensile strength', 'proof load', 'hydrogen embrittlement', 'qco mandatory']","{'sampling_plans': 'In accordance with ISO 3269', 'acceptance_testing': 'Tensile, wedge tensile, proof load, hardness, and decarburization tests'}","['IS 1363 (Part 1):2019', 'IS 1364 (Part 1):2018']",True,2023-10-01,Third Revision,2020-06-01,"[{'amendment_number': 'Amd 1', 'date': '2020-06-01', 'description': 'Added baking requirements after electroplating to prevent hydrogen embrittlement'}]","""IS 1367 Part 1 specifies quality criteria, lot sampling, and mechanical proof loading for industrial fasteners.""",ISO 898-1,1.2,BIS Official Standard Publication (Backend Primary),Transport Engineering,Automotive & Road Safety,"Gives general requirements and technical supply conditions for bolts, screws, studs, and nuts made of carbon steel, alloy steel, and stainless steel.",2014,Active,Bureau of Indian Standards,True,"['IS 1363 (Part 1):2019', 'IS 1364 (Part 1):2018']"
IS 2269:2006,Hexagon Socket Head Cap Screws - Specification,,Automotive Components,Fasteners,"Specifies characteristics of hexagon socket head cap screws (Allen bolts) with coarse pitch threads from M1.6 to M64 and property classes 8.8, 10.9, and 12.9.","['socket head cap screw', 'allen bolt', 'high tensile screw', 'grade 12.9', 'fasteners', 'machinery fasteners']","{'size_range': 'M1.6 to M64', 'property_classes': 'Class 12.9 standard for industrial cap screws', 'socket_depth': 'Precision hex broached socket conforming to gauge'}",['IS 1367 (Part 1):2014'],True,2023-10-01,Fourth Revision,2021-01-01,"[{'amendment_number': 'Amd 1', 'date': '2021-01-01', 'description': 'Mandated under Fasteners Quality Control Order'}]","""IS 2269 covers high tensile socket head cap screws (Allen screws) widely specified in machine tools and engine assemblies.""",ISO 4762,1.2,BIS Official Standard Publication (Backend Primary),Transport Engineering,Automotive & Road Safety,"Specifies characteristics of hexagon socket head cap screws (Allen bolts) with coarse pitch threads from M1.6 to M64 and property classes 8.8, 10.9, and 12.9.",2006,Active,Bureau of Indian Standards,True,['IS 1367 (Part 1):2014']
IS 2825:1969,Code for Unfired Pressure Vessels,,Chemicals,Pressure Vessels,"Covers design, construction, inspection, testing, and certification of fusion-welded unfired pressure vessels subject to internal or external pressure.","['pressure vessel', 'unfired vessel', 'shell thickness', 'dished ends', 'hydrostatic test', 'weld joint efficiency']","{'design_classes': 'Class I (severe service, 100% radiography), Class II (medium), Class III (light duty)', 'hydrostatic_test': '1.3 times the maximum allowable working pressure (MAWP)', 'weld_joint_efficiency': '1.0 for fully radiographed joints'}","['IS 2002:2009', 'IS 2041:2009', 'IS 2062:2011']",False,,First Edition,2018-09-01,"[{'amendment_number': 'Amd 1', 'date': '2018-09-01', 'description': 'Updated allowable stress values for modern micro-alloyed steels'}]","""IS 2825 is the benchmark Indian design code for unfired chemical, petrochemical, and industrial pressure vessels.""",ASME Section VIII Div 1,1.3,BIS Official Standard Publication (Backend Primary),Mechanical Engineering,Industrial Machinery & Appliances,"Covers design, construction, inspection, testing, and certification of fusion-welded unfired pressure vessels subject to internal or external pressure.",1969,Active,Bureau of Indian Standards,False,"['IS 2002:2009', 'IS 2041:2009', 'IS 2062:2011']"
IS 2002:2009,Steel Plates for Pressure Vessels for Intermediate and High Temperature Service Including Boilers - Specification,,Construction and Civil Engineering,Steel Plates,Specifies requirements for killed carbon and low alloy steel plates for intermediate and high temperature service in pressure vessels and boilers.,"['boiler plates', 'pressure vessel steel', 'creep strength', 'high temperature steel', 'astm a516']","{'grades': 'Grade 1, Grade 2, Grade 3', 'tensile_strength': '360 to 620 MPa according to grade', 'charpy_v_notch_impact': 'Tested at room or elevated temperature', 'heat_treatment': 'Normalized or stress relieved'}","['IS 2062:2011', 'IS 2825:1969']",True,2023-01-01,Third Revision,2020-03-01,"[{'amendment_number': 'Amd 1', 'date': '2020-03-01', 'description': 'Aligned chemical composition limits for ultrasonic testing'}]","""IS 2002 prescribes carbon steel plates for boiler shells and pressure vessels subjected to elevated steam and process temperatures.""",ASTM A516 / EN 10028-2,1.25,BIS Official Standard Publication (Backend Primary),Mechanical Engineering,Industrial Machinery & Appliances,Specifies requirements for killed carbon and low alloy steel plates for intermediate and high temperature service in pressure vessels and boilers.,2009,Active,Bureau of Indian Standards,True,"['IS 2062:2011', 'IS 2825:1969']"
IS/IEC 60947 (Part 1):2007,Low-Voltage Switchgear and Controlgear - Part 1: General Rules,,Electrical and Electronics,Switchgear,Applies to low-voltage switchgear and controlgear equipment intended to be connected to circuits of nominal voltage not exceeding 1000 V a.c. or 1500 V d.c.,"['low voltage switchgear', 'controlgear', 'ip degree', 'clearance and creepage', 'temperature rise', 'dielectric properties']","{'rated_voltage': 'Up to 1000 V a.c. (50/60 Hz) or 1500 V d.c.', 'rated_impulse_withstand': 'Up to 12 kV', 'pollution_degree': 'Standard Industrial Degree 3'}","['IS 732:1989', 'IS/IEC 60947 (Part 2):2016']",True,2020-11-01,First Revision,2020-11-01,"[{'amendment_number': 'Amd 1', 'date': '2020-11-01', 'description': 'Mandatory compliance under Low-Voltage Switchgear QCO'}]","""IS/IEC 60947 Part 1 provides general safety and operational standards for industrial low-voltage circuit breakers and motor starters.""",IEC 60947-1,1.35,BIS Official Standard Publication (Backend Primary),Electrotechnical,Power & Energy,Applies to low-voltage switchgear and controlgear equipment intended to be connected to circuits of nominal voltage not exceeding 1000 V a.c. or 1500 V d.c.,2007,Active,Bureau of Indian Standards,True,"['IS 732:1989', 'IS/IEC 60947 (Part 2):2016']"
IS/IEC 60947 (Part 2):2016,Low-Voltage Switchgear and Controlgear - Part 2: Circuit-Breakers (MCCBs & ACBs),,Electrical and Electronics,Switchgear,Applies to circuit-breakers (moulded case circuit breakers MCCB and air circuit breakers ACB) whose main contacts are intended to be connected to circuits up to 1000 V a.c.,"['mccb', 'acb', 'moulded case circuit breaker', 'breaking capacity', 'icu', 'ics', 'short circuit', 'qco mandatory']","{'rated_ultimate_breaking_capacity_icu': '16 kA to 100 kA', 'rated_service_breaking_capacity_ics': '50%, 75%, or 100% of Icu', 'utilization_categories': 'Category A (non-selective) and Category B (selective with short-time delay)'}","['IS/IEC 60947 (Part 1):2007', 'IS 8828:1996']",True,2020-11-01,Second Revision,2021-03-01,"[{'amendment_number': 'Amd 1', 'date': '2021-03-01', 'description': 'Mandatory testing of electronic trip units and thermal-magnetic releases'}]","""IS/IEC 60947 Part 2 specifies high-capacity moulded case circuit breakers (MCCBs) protecting commercial and factory power distribution.""",IEC 60947-2,1.4,BIS Official Standard Publication (Backend Primary),Electrotechnical,Power & Energy,Applies to circuit-breakers (moulded case circuit breakers MCCB and air circuit breakers ACB) whose main contacts are intended to be connected to circuits up to 1000 V a.c.,2016,Active,Bureau of Indian Standards,True,"['IS/IEC 60947 (Part 1):2007', 'IS 8828:1996']"
IS/IEC 60947 (Part 3):2012,"Low-Voltage Switchgear and Controlgear - Part 3: Switches, Disconnectors, Switch-Disconnectors and Fuse-Combination Units",,Electrical and Electronics,Switchgear,"Applies to switches, disconnectors, switch-disconnectors (isolators), and fuse-combination units used in distribution and motor circuits up to 1000 V a.c.","['isolator', 'switch disconnector', 'fuse unit', 'main switch', 'load break switch', 'qco mandatory']","{'making_and_breaking_capacities': 'AC-21A, AC-22A, AC-23A for highly inductive motor loads', 'isolation_distance': 'Visible or positive contact indication mandatory in OFF position'}",['IS/IEC 60947 (Part 1):2007'],True,2020-11-01,First Revision,2020-11-01,"[{'amendment_number': 'Amd 1', 'date': '2020-11-01', 'description': 'Enforced under DHI Electrical Equipment QCO'}]","""IS/IEC 60947 Part 3 governs manual and motor-operated isolators and load break switches for electrical panels.""",IEC 60947-3,1.2,BIS Official Standard Publication (Backend Primary),Electrotechnical,Power & Energy,"Applies to switches, disconnectors, switch-disconnectors (isolators), and fuse-combination units used in distribution and motor circuits up to 1000 V a.c.",2012,Active,Bureau of Indian Standards,True,['IS/IEC 60947 (Part 1):2007']
IS/IEC 60947 (Part 4/Sec 1):2012,Low-Voltage Switchgear and Controlgear - Part 4: Contactors and Motor-Starters - Electromechanical Contactors,,Electrical and Electronics,Switchgear,"Applies to a.c. and d.c. electromechanical contactors and starters (direct-on-line, star-delta) intended for closing and opening electric motor circuits.","['contactor', 'motor starter', 'dol starter', 'star delta', 'thermal overload relay', 'ac-3 duty', 'motor control']","{'utilization_category_ac3': 'Squirrel cage motors: starting and switching off during running', 'coordination_type': 'Type 1 and Type 2 short circuit coordination with upstream fuses/MCCBs', 'mechanical_life': 'Min 1 million to 10 million operating cycles'}","['IS/IEC 60947 (Part 1):2007', 'IS/IEC 60947 (Part 2):2016']",True,2020-11-01,First Revision,2021-01-01,"[{'amendment_number': 'Amd 1', 'date': '2021-01-01', 'description': 'Type 2 coordination short-circuit test compliance rules'}]","""IS/IEC 60947 Part 4 Sec 1 covers power contactors and motor control centers (MCC) under mandatory BIS certification.""",IEC 60947-4-1,1.3,BIS Official Standard Publication (Backend Primary),Electrotechnical,Power & Energy,"Applies to a.c. and d.c. electromechanical contactors and starters (direct-on-line, star-delta) intended for closing and opening electric motor circuits.",2012,Active,Bureau of Indian Standards,True,"['IS/IEC 60947 (Part 1):2007', 'IS/IEC 60947 (Part 2):2016']"
IS 398 (Part 2):1996,"Aluminium Conductors for Overhead Transmission Purposes - Part 2: Aluminium Conductors, Galvanized Steel-Reinforced (ACSR)",,Electrical and Electronics,Conductors,"Specifies requirements for aluminium conductors, galvanized steel-reinforced (ACSR) used for overhead electric power transmission and distribution lines.","['acsr conductor', 'overhead transmission', 'aluminium conductor', 'steel reinforced', 'dog conductor', 'panther conductor', 'zebra conductor']","{'conductor_codes': 'Squirrel, Weasel, Rabbit, Dog, Panther, Zebra, Moose', 'tensile_strength_wire': 'Aluminium min 160 to 200 MPa, galvanized steel core min 1200 to 1400 MPa', 'conductivity': 'Min 61% IACS for aluminium strands'}","['IS 732:1989', 'IS 1445:1977']",True,2023-01-01,Third Revision,2019-09-01,"[{'amendment_number': 'Amd 1', 'date': '2019-09-01', 'description': 'Mandatory BIS certification for transmission line conductors'}]","""IS 398 Part 2 specifies ACSR overhead conductors (Dog, Panther, Zebra) for 11 kV to 400 kV power grid transmission lines.""",IEC 61089,1.35,BIS Official Standard Publication (Backend Primary),Electrotechnical,Power & Energy,"Specifies requirements for aluminium conductors, galvanized steel-reinforced (ACSR) used for overhead electric power transmission and distribution lines.",1996,Active,Bureau of Indian Standards,True,"['IS 732:1989', 'IS 1445:1977']"
IS 616:2017,"Audio, Video and Similar Electronic Apparatus - Safety Requirements",,Electrical and Electronics,Consumer Electronics,"Applies to electronic apparatus designed to be fed from the mains, battery, or supply apparatus, for reception, generation, recording or reproduction of audio and video signals.","['audio video', 'television', 'led tv', 'amplifier', 'crs mandatory', 'meity', 'electrical shock', 'fire safety']","{'operating_voltage': 'Mains supply up to 250 V single-phase', 'insulation_resistance': 'Min 2 MOhm between mains and accessible parts', 'laser_radiation': 'Complies with Class 1 laser limits for optical disc players'}",['IS 13252 (Part 1):2010'],True,2018-07-03,Third Revision,2021-01-01,"[{'amendment_number': 'Amd 1', 'date': '2021-01-01', 'description': 'Mandatory under MeitY Electronics and IT Goods (Compulsory Registration) Order'}]","""IS 616 governs consumer audio-visual equipment, smart TVs, and monitors under mandatory BIS Compulsory Registration Scheme (CRS).""",IEC 60065,1.35,BIS Official Standard Publication (Backend Primary),Civil Engineering,General Engineering,"Applies to electronic apparatus designed to be fed from the mains, battery, or supply apparatus, for reception, generation, recording or reproduction of audio and video signals.",2017,Active,Bureau of Indian Standards,True,['IS 13252 (Part 1):2010']
IS 16242 (Part 1):2014,Uninterruptible Power Systems (UPS) - Part 1: General and Safety Requirements for UPS,,Electrical and Electronics,Power Systems,"Applies to movable, stationary, and fixed electronic uninterruptible power systems (UPS) delivering single or three-phase a.c. output power up to 1000 V.","['ups', 'uninterruptible power supply', 'inverter', 'battery backup', 'crs mandatory', 'safety test']","{'electric_shock_protection': 'Double or reinforced insulation for operator accessible controls', 'short_circuit_protection': 'Automatic disconnection or current limiting under fault conditions', 'earth_leakage_current': 'Max 3.5 mA for standard industrial UPS'}","['IS 13252 (Part 1):2010', 'IS 16046 (Part 2):2018']",True,2015-05-11,First Edition,2020-07-01,"[{'amendment_number': 'Amd 1', 'date': '2020-07-01', 'description': 'Enforced under MeitY CRS Phase II for commercial and data center UPS'}]","""IS 16242 Part 1 specifies electrical and fire safety requirements for uninterruptible power systems (UPS) under BIS CRS.""",IEC 62040-1,1.3,BIS Official Standard Publication (Backend Primary),Electronics & Information Technology,Consumer Electronics & IT,"Applies to movable, stationary, and fixed electronic uninterruptible power systems (UPS) delivering single or three-phase a.c. output power up to 1000 V.",2014,Active,Bureau of Indian Standards,True,"['IS 13252 (Part 1):2010', 'IS 16046 (Part 2):2018']"
IS 1199 (Part 1):2018,"Fresh Concrete - Methods of Sampling, Testing and Analysis - Part 1: Sampling of Fresh Concrete",,Construction and Civil Engineering,Concrete,"Specifies procedures for obtaining representative composite samples of fresh concrete from transit mixers, batching plants, and discharge chutes.","['fresh concrete', 'sampling concrete', 'composite sample', 'batching plant', 'ready mixed concrete', 'rmc']","{'sample_size': 'Min 1.5 times the quantity required for specified tests, not less than 20 liters', 'sampling_intervals': 'Collected in at least 3 increments from middle portion of batch'}","['IS 456:2000', 'IS 1199 (Part 2):2018', 'IS 516 (Part 1/Sec 1):2021']",False,,First Edition,2020-01-01,"[{'amendment_number': 'Amd 1', 'date': '2020-01-01', 'description': 'Aligned sampling techniques with EN 12350-1'}]","""IS 1199 Part 1 prescribes methods for drawing uniform representative samples of fresh concrete on construction sites.""",EN 12350-1,1.15,BIS Official Standard Publication (Backend Primary),Civil Engineering,Construction & Infrastructure,"Specifies procedures for obtaining representative composite samples of fresh concrete from transit mixers, batching plants, and discharge chutes.",2018,Active,Bureau of Indian Standards,False,"['IS 456:2000', 'IS 1199 (Part 2):2018', 'IS 516 (Part 1/Sec 1):2021']"
IS 1199 (Part 2):2018,"Fresh Concrete - Methods of Sampling, Testing and Analysis - Part 2: Workability of Concrete",,Construction and Civil Engineering,Concrete,"Specifies methods for determining the workability of fresh concrete by slump test, compacting factor test, Vee-Bee consistometer, and flow table test.","['slump test', 'workability', 'compacting factor', 'vee bee', 'flow table', 'fresh concrete']","{'slump_cone_dimensions': 'Top diameter 100 mm, bottom diameter 200 mm, height 300 mm', 'tamping_rod': '16 mm diameter, 600 mm long with rounded end (25 strokes per layer)', 'workability_ranges': 'Low (25-75 mm), Medium (75-125 mm), High (125-175 mm), Superplasticized (>175 mm)'}","['IS 456:2000', 'IS 10262:2019', 'IS 1199 (Part 1):2018']",False,,First Edition,2020-01-01,"[{'amendment_number': 'Amd 1', 'date': '2020-01-01', 'description': 'Incorporated flow table workability test for self-compacting concrete'}]","""IS 1199 Part 2 specifies slump, compacting factor, and flow tests to measure consistency and workability of wet concrete mixes.""",EN 12350-2,1.25,BIS Official Standard Publication (Backend Primary),Civil Engineering,Construction & Infrastructure,"Specifies methods for determining the workability of fresh concrete by slump test, compacting factor test, Vee-Bee consistometer, and flow table test.",2018,Active,Bureau of Indian Standards,False,"['IS 456:2000', 'IS 10262:2019', 'IS 1199 (Part 1):2018']"
IS 516 (Part 1/Sec 1):2021,"Hardened Concrete - Methods of Test - Part 1: Testing of Strength - Section 1: Compressive, Flexural and Split Tensile Strength",,Construction and Civil Engineering,Concrete,"Specifies procedures for testing compressive strength (150 mm cubes and cylinders), flexural strength (beams), and splitting tensile strength of hardened concrete.","['compressive strength', 'cube test', 'split tensile', 'flexural strength', 'cube curing', '28 day strength']","{'specimen_sizes': '150 mm cubes or 150 mm dia x 300 mm height cylinders', 'loading_rate': '14 N/mm2 per minute for compressive strength testing', 'curing_conditions': 'Moist curing in water tank maintained at 27 +/- 2 degrees C'}","['IS 456:2000', 'IS 516:2014']",False,,First Edition,2021-06-01,"[{'amendment_number': 'Amd 1', 'date': '2021-06-01', 'description': 'Harmonized loading rates and digital compression testing machine calibration'}]","""IS 516 Part 1 Sec 1 defines standard test methods for 7-day and 28-day concrete cube compressive and tensile strength verification.""",EN 12390-3,1.35,BIS Official Standard Publication (Backend Primary),Civil Engineering,Construction & Infrastructure,"Specifies procedures for testing compressive strength (150 mm cubes and cylinders), flexural strength (beams), and splitting tensile strength of hardened concrete.",2021,Active,Bureau of Indian Standards,False,"['IS 456:2000', 'IS 516:2014']"
IS 8041:1990,Rapid Hardening Portland Cement - Specification,,Construction and Civil Engineering,Cement,Covers manufacture and chemical/physical requirements of rapid hardening Portland cement for early formwork removal and cold weather concreting.,"['rapid hardening cement', 'high early strength', 'precast concrete', 'c3s rich', 'early deshirring']","{'compressive_strength_1_day': 'Min 16 MPa', 'compressive_strength_3_days': 'Min 27 MPa', 'fineness_specific_surface': 'Min 325 m2/kg'}","['IS 269:2015', 'IS 4031:2014']",True,2023-01-01,Second Revision,2019-03-01,"[{'amendment_number': 'Amd 1', 'date': '2019-03-01', 'description': 'Mandated under Cement (Quality Control) Order'}]","""IS 8041 specifies finely ground rapid hardening Portland cement achieving 3-day strength equal to 7-day strength of ordinary cement.""",ASTM C150 Type III,1.15,BIS Official Standard Publication (Backend Primary),Civil Engineering,Construction & Infrastructure,Covers manufacture and chemical/physical requirements of rapid hardening Portland cement for early formwork removal and cold weather concreting.,1990,Active,Bureau of Indian Standards,True,"['IS 269:2015', 'IS 4031:2014']"
IS 12330:1988,Sulphate Resisting Portland Cement - Specification,,Construction and Civil Engineering,Cement,Specifies requirements for sulphate resisting Portland cement having low tricalcium aluminate content (C3A max 5%) for coastal and sulphate soil structures.,"['sulphate resisting cement', 'srpc', 'coastal foundations', 'marine structures', 'c3a content', 'ettringite resistance']","{'tricalcium_aluminate_c3a': 'Max 5.0 percent', 'compressive_strength_28_days': 'Min 33 MPa', 'soundness': 'Max 10 mm Le-Chatelier'}","['IS 269:2015', 'IS 4031:2014']",True,2023-01-01,First Edition,2019-03-01,"[{'amendment_number': 'Amd 1', 'date': '2019-03-01', 'description': 'Mandated under Cement QCO for coastal zone infrastructure'}]","""IS 12330 covers sulphate resisting cement with restricted C3A (max 5%) protecting concrete against sulphate expansion in saline soils.""",ASTM C150 Type V,1.2,BIS Official Standard Publication (Backend Primary),Civil Engineering,Construction & Infrastructure,Specifies requirements for sulphate resisting Portland cement having low tricalcium aluminate content (C3A max 5%) for coastal and sulphate soil structures.,1988,Active,Bureau of Indian Standards,True,"['IS 269:2015', 'IS 4031:2014']"
IS 15658:2006,Precast Concrete Blocks for Paving - Specification,,Construction and Civil Engineering,Paving,"Specifies requirements for precast concrete paver blocks used in pedestrian sidewalks, driveways, parking areas, and heavy industrial terminals.","['paver blocks', 'interlocking pavers', 'paving blocks', 'compressive strength', 'abrasion resistance', 'water absorption']","{'grades_compressive_strength': 'M30, M35, M40, M50', 'thickness': '60 mm (pedestrian), 80 mm (city streets), 100-120 mm (heavy container yards)', 'water_absorption': 'Max 6 percent by mass'}","['IS 456:2000', 'IS 383:2016', 'IS 269:2015']",False,,First Edition,2018-07-01,"[{'amendment_number': 'Amd 1', 'date': '2018-07-01', 'description': 'Added abrasion resistance test limits using Bohme disc'}]","""IS 15658 specifies interlocking precast concrete paving blocks for footpaths, bus stops, and heavy industrial freight terminals.""",EN 1338,1.2,BIS Official Standard Publication (Backend Primary),Civil Engineering,Construction & Infrastructure,"Specifies requirements for precast concrete paver blocks used in pedestrian sidewalks, driveways, parking areas, and heavy industrial terminals.",2006,Active,Bureau of Indian Standards,False,"['IS 456:2000', 'IS 383:2016', 'IS 269:2015']"
IS 1200 (Part 1):1992,Methods of Measurement of Building and Civil Engineering Works - Part 1: Earthwork,,Construction and Civil Engineering,Quantity Surveying,"Covers the method of measurement of earthwork in excavation, banking, trenching, rock cutting, and backfilling for building and civil works.","['earthwork measurement', 'excavation', 'lead and lift', 'rock cutting', 'trench excavation', 'quantity surveying']","{'measurement_units': 'Cubic meters (m3)', 'standard_lift': '1.5 meters per stage', 'standard_lead': '50 meters initial stage', 'soil_classification_for_billing': 'Soft/loose soil, dense/hard soil, soft/disintegrated rock, hard rock'}",['IS 1904:2021'],False,,Fourth Revision,2017-01-01,"[{'amendment_number': 'Amd 1', 'date': '2017-01-01', 'description': 'Reaffirmed standard measurement rules for tender bills of quantities'}]","""IS 1200 Part 1 provides standard Indian rules for earthwork measurement, classification of soil/rock, and lead-lift adjustments in civil contracts.""",ISO Equivalent,1.25,BIS Official Standard Publication (Backend Primary),Civil Engineering,Construction & Infrastructure,"Covers the method of measurement of earthwork in excavation, banking, trenching, rock cutting, and backfilling for building and civil works.",1992,Active,Bureau of Indian Standards,False,['IS 1904:2021']
IS 1200 (Part 2):1974,Methods of Measurement of Building and Civil Engineering Works - Part 2: Concrete Work,,Construction and Civil Engineering,Quantity Surveying,"Covers the method of measurement of plain, reinforced, and prestressed concrete works in foundations, columns, beams, slabs, and precast units.","['concrete measurement', 'rcc measurement', 'plain cement concrete', 'deductions for openings', 'bill of quantities']","{'measurement_unit': 'Cubic meters (m3)', 'openings_deduction': 'Openings up to 0.1 m2 or 0.05 m3 not deducted', 'embedded_reinforcement': 'Volume of steel reinforcement not deducted from concrete volume'}","['IS 456:2000', 'IS 1200 (Part 1):1992']",False,,Third Revision,2017-01-01,"[{'amendment_number': 'Amd 1', 'date': '2017-01-01', 'description': 'Reaffirmed standard measurement rules'}]","""IS 1200 Part 2 prescribes rules for measuring cast-in-situ and precast plain and reinforced concrete in civil tender schedules.""",ISO Equivalent,1.2,BIS Official Standard Publication (Backend Primary),Civil Engineering,Construction & Infrastructure,"Covers the method of measurement of plain, reinforced, and prestressed concrete works in foundations, columns, beams, slabs, and precast units.",1974,Active,Bureau of Indian Standards,False,"['IS 456:2000', 'IS 1200 (Part 1):1992']"
IS 1200 (Part 5):1982,Methods of Measurement of Building and Civil Engineering Works - Part 5: Formwork,,Construction and Civil Engineering,Quantity Surveying,Covers the method of measurement of formwork (shuttering and centering) for in-situ cast concrete in various building elements.,"['formwork measurement', 'shuttering', 'centering', 'propping', 'contact area', 'm2 measurement']","{'measurement_unit': 'Square meters (m2) of actual contact area with concrete', 'staging_height': 'Standard up to 3.5 m height included, extra staging measured separately', 'small_openings': 'Openings up to 0.4 m2 not deducted'}","['IS 456:2000', 'IS 1200 (Part 2):1974']",False,,Third Revision,2017-01-01,"[{'amendment_number': 'Amd 1', 'date': '2017-01-01', 'description': 'Clarified curved surface and slipform shuttering measurement criteria'}]","""IS 1200 Part 5 sets standard quantity measurement practices for concrete formwork and scaffolding support in construction projects.""",ISO Equivalent,1.15,BIS Official Standard Publication (Backend Primary),Civil Engineering,Construction & Infrastructure,Covers the method of measurement of formwork (shuttering and centering) for in-situ cast concrete in various building elements.,1982,Active,Bureau of Indian Standards,False,"['IS 456:2000', 'IS 1200 (Part 2):1974']"
IS 731:1971,Porcelain Insulators for Overhead Power Lines with a Nominal Voltage Greater Than 1000 V - Specification,,Electrical and Electronics,Insulators,"Specifies characteristics of porcelain disc, pin, and post insulators used on overhead electric power transmission and distribution lines exceeding 1000 V.","['porcelain insulator', 'disc insulator', 'pin insulator', 'overhead power line', 'creepage distance', 'flashover voltage']","{'mechanical_failing_load': '45 kN, 70 kN, 120 kN, 160 kN for disc insulators', 'power_frequency_wet_withstand': 'Conforming to line insulation level (e.g. 75 kV for 33 kV pin)', 'creepage_distance': 'Min 25 mm/kV for normal area, 31 mm/kV for heavily polluted industrial/coastal areas'}","['IS 1445:1977', 'IS 2099:1986']",True,2023-01-01,Second Revision,2019-05-01,"[{'amendment_number': 'Amd 1', 'date': '2019-05-01', 'description': 'Mandatory compliance under Electrical Insulators QCO'}]","""IS 731 governs high voltage porcelain insulators (disc, pin, post) used on 11 kV to 400 kV power grid transmission lines.""",IEC 60383-1,1.25,BIS Official Standard Publication (Backend Primary),Electrotechnical,Power & Energy,"Specifies characteristics of porcelain disc, pin, and post insulators used on overhead electric power transmission and distribution lines exceeding 1000 V.",1971,Active,Bureau of Indian Standards,True,"['IS 1445:1977', 'IS 2099:1986']"
IS 2099:1986,Bushings for Alternating Voltages Above 1000 Volts - Specification,,Electrical and Electronics,Transformers,"Applies to bushings for alternating voltages above 1000 V up to 765 kV for use in power transformers, reactors, and switchgear.","['transformer bushing', 'condenser bushing', 'oip bushing', 'rip bushing', 'tan delta', 'high voltage']","{'types': 'Oil impregnated paper (OIP), Resin impregnated paper (RIP), porcelain outer weather-shield', 'dielectric_dissipation_factor': 'Tan delta max 0.005 at ambient temperature for RIP bushings'}","['IS 2026 (Part 1):2011', 'IS 731:1971']",True,2023-01-01,Second Revision,2020-04-01,"[{'amendment_number': 'Amd 1', 'date': '2020-04-01', 'description': 'Incorporated seismic qualification requirements for RIP bushings'}]","""IS 2099 specifies high voltage transformer terminal bushings capable of withstanding lightning impulse and short-circuit mechanical forces.""",IEC 60137,1.2,BIS Official Standard Publication (Backend Primary),Civil Engineering,General Engineering,"Applies to bushings for alternating voltages above 1000 V up to 765 kV for use in power transformers, reactors, and switchgear.",1986,Active,Bureau of Indian Standards,True,"['IS 2026 (Part 1):2011', 'IS 731:1971']"
IS 9537 (Part 1):1980,Conduits for Electrical Installations - Part 1: General Requirements,,Electrical and Electronics,Wiring,Specifies requirements for conduits of circular cross-section and conduit fittings for the protection and routing of insulated electrical conductors.,"['electrical conduit', 'wiring conduit', 'cable management', 'fire propagation', 'dielectric strength']","{'mechanical_strength': 'Very light, light, medium, and heavy mechanical strength classifications', 'resistance_to_flame': 'Non-flame propagating testing'}","['IS 732:1989', 'IS 9537 (Part 2):1981', 'IS 9537 (Part 3):1983']",True,2023-01-01,First Revision,2018-09-01,"[{'amendment_number': 'Amd 1', 'date': '2018-09-01', 'description': 'Mandated under Electrical Conduit QCO'}]","""IS 9537 Part 1 provides general requirements for conduits protecting electric cables against mechanical crushing and electrical fire.""",IEC 61386-1,1.2,BIS Official Standard Publication (Backend Primary),Civil Engineering,General Engineering,Specifies requirements for conduits of circular cross-section and conduit fittings for the protection and routing of insulated electrical conductors.,1980,Active,Bureau of Indian Standards,True,"['IS 732:1989', 'IS 9537 (Part 2):1981', 'IS 9537 (Part 3):1983']"
IS 9537 (Part 3):1983,Conduits for Electrical Installations - Part 3: Rigid Non-Flame Propagating Conduits of Insulating Material (PVC),,Electrical and Electronics,Wiring,Specifies requirements for rigid non-flame propagating conduits of unplasticized PVC used for concealed or surface wiring in buildings.,"['pvc conduit', 'rigid conduit', 'concealed wiring', 'fr conduit', 'electrical piping']","{'outer_diameters': '16 mm, 20 mm, 25 mm, 32 mm, 40 mm, 50 mm', 'bending_test': 'Cold and hot bending without cracking', 'dielectric_strength': '2000 V for 15 minutes without flashover'}","['IS 9537 (Part 1):1980', 'IS 732:1989']",True,2023-01-01,First Revision,2019-02-01,"[{'amendment_number': 'Amd 1', 'date': '2019-02-01', 'description': 'Mandated under Electrical Conduit QCO'}]","""IS 9537 Part 3 specifies rigid fire-retardant PVC conduits widely used for concealed slab and wall electrical wiring.""",IEC 61386-21,1.25,BIS Official Standard Publication (Backend Primary),Civil Engineering,General Engineering,Specifies requirements for rigid non-flame propagating conduits of unplasticized PVC used for concealed or surface wiring in buildings.,1983,Active,Bureau of Indian Standards,True,"['IS 9537 (Part 1):1980', 'IS 732:1989']"
IS 16103 (Part 1):2012,LED Modules for General Lighting - Safety Requirements,,Electrical and Electronics,Lighting,"Specifies general and safety requirements for light-emitting diode (LED) modules for operation at constant voltage, constant current, or a.c./d.c. mains supply.","['led module', 'led chip board', 'lighting safety', 'crs mandatory', 'meity', 'photobiological safety']","{'creepage_and_clearance': 'Conforming to SELV and non-SELV rated insulation barriers', 'thermal_endurance': 'Test operation at tc rated maximum case temperature for 48 hours'}","['IS 16102(Part 1):2012', 'IS 15885(Part 2/Sec 13):2017']",True,2015-05-11,First Edition,2020-03-01,"[{'amendment_number': 'Amd 1', 'date': '2020-03-01', 'description': 'Mandatory under MeitY Electronics Compulsory Registration Scheme'}]","""IS 16103 Part 1 governs electrical insulation and thermal safety of LED modules built into lamps and luminaires.""",IEC 62031,1.3,BIS Official Standard Publication (Backend Primary),Electrotechnical,Power & Energy,"Specifies general and safety requirements for light-emitting diode (LED) modules for operation at constant voltage, constant current, or a.c./d.c. mains supply.",2012,Active,Bureau of Indian Standards,True,"['IS 16102(Part 1):2012', 'IS 15885(Part 2/Sec 13):2017']"
IS 16107 (Part 2/Sec 1):2012,Luminaires Performance - Part 2: Particular Requirements - Section 1: LED Luminaires,,Electrical and Electronics,Luminaires,"Specifies performance requirements for LED luminaires for general lighting, including luminous efficacy, correlated color temperature (CCT), and lumen maintenance.","['led luminaire', 'luminous efficacy', 'lumens per watt', 'cct', 'cri', 'l70 life', 'energy performance']","{'min_luminous_efficacy': 'Min 100 lm/W for indoor, min 110 lm/W for street and floodlights', 'color_rendering_index_cri': 'Min Ra 70 for outdoor street lighting, min Ra 80 for indoor', 'lumen_maintenance': 'L70 life min 50,000 burning hours'}","['IS 10322(Part 5/Sec 4):2018', 'IS 16103 (Part 1):2012']",False,,First Edition,2021-04-01,"[{'amendment_number': 'Amd 1', 'date': '2021-04-01', 'description': 'Upgraded minimum lumen efficacy thresholds to 110 lm/W for public streetlights'}]","""IS 16107 Part 2 Sec 1 sets photometrics, luminous efficacy (lm/W), CRI, and 50,000-hour life criteria for LED luminaires.""",IEC 62722-2-1,1.35,BIS Official Standard Publication (Backend Primary),Electrotechnical,Power & Energy,"Specifies performance requirements for LED luminaires for general lighting, including luminous efficacy, correlated color temperature (CCT), and lumen maintenance.",2012,Active,Bureau of Indian Standards,False,"['IS 10322(Part 5/Sec 4):2018', 'IS 16103 (Part 1):2012']"
IS 2878:2004,"Fire Extinguisher, Carbon Dioxide Type (Portable and Trolley Mounted) - Specification",,Electrical and Electronics,Fire Safety,Specifies requirements for portable and trolley-mounted carbon dioxide (CO2) fire extinguishers for electrical and flammable liquid fire risks.,"['co2 fire extinguisher', 'carbon dioxide', 'electrical fire', 'clean gas extinguisher', 'class b fire']","{'capacity': 'Portable (2 kg, 3 kg, 4.5 kg), Mobile trolley (6.5 kg, 9 kg, 22.5 kg)', 'cylinder_specification': 'Seamless steel gas cylinder conforming to IS 7285', 'discharge_duration': 'Min 8 seconds for 2 kg, min 15 seconds for 4.5 kg'}","['IS 15683:2018', 'IS 2189:2008']",True,2020-03-01,Third Revision,2019-01-01,"[{'amendment_number': 'Amd 1', 'date': '2019-01-01', 'description': 'Mandated under Fire Extinguishers QCO'}]","""IS 2878 specifies CO2 extinguishers designed for energized server rooms, switchgear panels, and flammable solvent tanks.""",ISO 7165,1.25,BIS Official Standard Publication (Backend Primary),Civil Engineering,Disaster Mitigation & Fire Safety,Specifies requirements for portable and trolley-mounted carbon dioxide (CO2) fire extinguishers for electrical and flammable liquid fire risks.,2004,Active,Bureau of Indian Standards,True,"['IS 15683:2018', 'IS 2189:2008']"
IS 2171:1999,"Portable Fire Extinguishers, Dry Powder (Cartridge and Stored Pressure Types) - Specification",,Electrical and Electronics,Fire Safety,Specifies requirements for dry powder fire extinguishers of stored pressure and gas cartridge types for Class B and C fires.,"['dry powder extinguisher', 'dcp', 'sodium bicarbonate', 'potassium bicarbonate', 'stored pressure']","{'capacities': '1 kg, 2 kg, 5 kg, 10 kg dry chemical powder', 'operating_temperature': '-20 degrees C to +55 degrees C', 'test_pressure': 'Hydraulic stretch test at 30 bar'}","['IS 15683:2018', 'IS 2189:2008']",True,2020-03-01,Fourth Revision,2019-01-01,"[{'amendment_number': 'Amd 1', 'date': '2019-01-01', 'description': 'Mandated under Fire Extinguishers QCO'}]","""IS 2171 covers portable dry powder extinguishers utilizing sodium/potassium bicarbonate for flammable chemical protection.""",ISO 7165,1.2,BIS Official Standard Publication (Backend Primary),Civil Engineering,Disaster Mitigation & Fire Safety,Specifies requirements for dry powder fire extinguishers of stored pressure and gas cartridge types for Class B and C fires.,1999,Active,Bureau of Indian Standards,True,"['IS 15683:2018', 'IS 2189:2008']"
IS 9457:2005,Safety Colours and Safety Signs - Code of Practice,,Electrical and Electronics,Safety Signs,"Prescribes safety colors (Red for prohibition/fire, Yellow for caution, Blue for mandatory, Green for safe condition) and geometric shapes for industrial signage.","['safety signs', 'safety colors', 'fire exit sign', 'hazard warning', 'mandatory action sign', 'prohibition sign']","{'color_meanings': 'Red (Stop/Prohibition/Fire), Yellow (Caution/Risk of danger), Blue (Mandatory action), Green (Emergency escape/Safe)', 'contrast_colors': 'White on Red/Blue/Green, Black on Yellow', 'photoluminescence': 'Emergency evacuation signs luminescent min 60 minutes after power failure'}","['IS 2189:2008', 'IS 15683:2018']",False,,Second Revision,2018-05-01,"[{'amendment_number': 'Amd 1', 'date': '2018-05-01', 'description': 'Harmonized graphical symbols with ISO 7010'}]","""IS 9457 establishes color codes and graphical safety signs across factories, construction sites, and public transport hubs.""",ISO 3864-1,1.15,BIS Official Standard Publication (Backend Primary),Civil Engineering,General Engineering,"Prescribes safety colors (Red for prohibition/fire, Yellow for caution, Blue for mandatory, Green for safe condition) and geometric shapes for industrial signage.",2005,Active,Bureau of Indian Standards,False,"['IS 2189:2008', 'IS 15683:2018']"
IS 1969 (Part 1):2018,Textiles - Tensile Properties of Fabrics - Determination of Maximum Force and Elongation Using the Strip Method,,Textiles,Testing Methods,Specifies procedure to determine maximum force and elongation at maximum force of woven textile fabrics using strip test method.,"['fabric tensile strength', 'breaking force', 'elongation at break', 'strip test', 'woven fabric', 'cre machine']","{'test_specimen': 'Width 50 mm, gauge length 200 mm', 'rate_of_extension': '100 mm/min or 50 mm/min on constant-rate-of-extension (CRE) tester'}","['IS 1964:2001', 'IS 1544:1973']",False,,Third Revision,2020-03-01,"[{'amendment_number': 'Amd 1', 'date': '2020-03-01', 'description': 'Aligned test tolerances with ISO 13934-1'}]","""IS 1969 Part 1 defines standard laboratory tensile test procedures for calculating breaking strength of textile fabrics.""",ISO 13934-1,1.1,BIS Official Standard Publication (Backend Primary),Textiles,Technical Textiles & Packaging,Specifies procedure to determine maximum force and elongation at maximum force of woven textile fabrics using strip test method.,2018,Active,Bureau of Indian Standards,False,"['IS 1964:2001', 'IS 1544:1973']"
IS 1964:2001,Methods for Determination of Mass Per Unit Length and Mass Per Unit Area of Fabrics,,Textiles,Testing Methods,"Specifies methods for determining fabric weight in grams per square meter (GSM) and mass per linear meter for woven, knitted, and nonwoven fabrics.","['gsm test', 'fabric weight', 'grams per square meter', 'fabric mass', 'yarn density']","{'specimen_cutter': 'Circular 100 cm2 area precision template', 'balance_accuracy': 'Accurate to 0.001 g', 'conditioning': 'Tested under standard textile atmosphere 27 +/- 2 deg C and 65 +/- 2% RH'}","['IS 1969 (Part 1):2018', 'IS 3770:1994']",False,,Second Revision,2018-01-01,"[{'amendment_number': 'Amd 1', 'date': '2018-01-01', 'description': 'Standardized circular cutter area calculations'}]","""IS 1964 prescribes test protocols for evaluating fabric GSM (mass per square meter) in apparel and technical textiles.""",ISO 3801,1.15,BIS Official Standard Publication (Backend Primary),Textiles,Technical Textiles & Packaging,"Specifies methods for determining fabric weight in grams per square meter (GSM) and mass per linear meter for woven, knitted, and nonwoven fabrics.",2001,Active,Bureau of Indian Standards,False,"['IS 1969 (Part 1):2018', 'IS 3770:1994']"
IS 15298 (Part 3):2019,Personal Protective Equipment - Part 3: Protective Footwear,,Textiles,Safety Gear,Specifies basic and optional requirements for protective footwear with toe caps tested for 100 Joules impact energy.,"['protective footwear', 'protective shoes', '100 joules toe cap', 'work shoes', 'qco mandatory']","{'impact_resistance_toe_cap': '100 Joules', 'compression_resistance': '10 kN', 'sole_adhesion': 'Min 4.0 N/mm'}",['IS 15298 (Part 2):2016'],True,2022-01-01,Second Revision,2021-06-01,"[{'amendment_number': 'Amd 1', 'date': '2021-06-01', 'description': 'Enforced under Footwear Quality Control Order'}]","""IS 15298 Part 3 covers protective footwear equipped with 100-Joule impact resistant safety toe caps.""",ISO 20346,1.25,BIS Official Standard Publication (Backend Primary),Textiles,Technical Textiles & Packaging,Specifies basic and optional requirements for protective footwear with toe caps tested for 100 Joules impact energy.,2019,Active,Bureau of Indian Standards,True,['IS 15298 (Part 2):2016']
IS 15298 (Part 4):2017,Personal Protective Equipment - Part 4: Occupational Footwear,,Textiles,Safety Gear,"Specifies basic and optional requirements for occupational footwear without protective toe caps, intended for workplaces requiring slip and puncture resistance.","['occupational footwear', 'slip resistant shoes', 'hospital footwear', 'cleanroom shoes', 'qco mandatory']","{'slip_resistance': 'Coefficient of friction min 0.32 on ceramic tile with NaLS', 'water_resistance': 'No water penetration through upper for at least 60 minutes'}",['IS 15298 (Part 2):2016'],True,2022-01-01,Second Revision,2021-06-01,"[{'amendment_number': 'Amd 1', 'date': '2021-06-01', 'description': 'Enforced under DPIIT Footwear QCO'}]","""IS 15298 Part 4 governs occupational work shoes engineered with anti-slip soles and ergonomic support without toe caps.""",ISO 20347,1.2,BIS Official Standard Publication (Backend Primary),Textiles,Technical Textiles & Packaging,"Specifies basic and optional requirements for occupational footwear without protective toe caps, intended for workplaces requiring slip and puncture resistance.",2017,Active,Bureau of Indian Standards,True,['IS 15298 (Part 2):2016']
IS 1239 (Part 2):2011,"Steel Tubes, Tubulars and Other Wrought Steel Fittings - Part 2: Mild Steel Tubulars and Pipe Fittings",,Construction and Civil Engineering,Pipes,"Specifies requirements for wrought steel and malleable iron threaded pipe fittings (elbows, tees, sockets, unions) for use with IS 1239 Part 1 tubes.","['pipe fittings', 'mild steel sockets', 'threaded elbows', 'pipe tees', 'plumbing fittings']","{'pressure_rating': 'Working pressure up to 1.2 MPa for water and steam', 'threads': 'Pipe threads conforming to IS 554 (BSPT taper thread)', 'galvanizing': 'Hot dip zinc coating min 400 g/m2 for galvanized fittings'}",['IS 1239 (Part 1):2004'],True,2023-01-01,Fifth Revision,2020-04-01,"[{'amendment_number': 'Amd 1', 'date': '2020-04-01', 'description': 'Mandated under Steel Tubes and Fittings QCO'}]","""IS 1239 Part 2 specifies screwed steel sockets, bends, and tees matching industrial plumbing and fire sprinkler piping.""",EN 10241,1.2,BIS Official Standard Publication (Backend Primary),Civil Engineering,Water Supply & Sewerage,"Specifies requirements for wrought steel and malleable iron threaded pipe fittings (elbows, tees, sockets, unions) for use with IS 1239 Part 1 tubes.",2011,Active,Bureau of Indian Standards,True,['IS 1239 (Part 1):2004']
IS 14333:1996,High Density Polyethylene (HDPE) Pipes for Sewerage - Specification,,Construction and Civil Engineering,Pipes,Specifies requirements for high density polyethylene (HDPE) solid wall pipes for gravity and pressure sewerage and industrial effluent disposal.,"['hdpe sewerage pipe', 'effluent pipe', 'gravity sewer', 'butt fusion', 'pe 80', 'pe 100']","{'material_grades': 'PE 80 and PE 100 virgin polymer', 'internal_pressure_creep': '100 hours at 80 deg C without burst', 'carbon_black_content': '2.0 to 2.5 percent for UV resistance'}",['IS 4984:2016'],True,2023-06-01,First Edition,2019-07-01,"[{'amendment_number': 'Amd 1', 'date': '2019-07-01', 'description': 'Incorporated PE 100 material grade ratings'}]","""IS 14333 covers chemical-resistant HDPE solid wall sewerage pipes for municipal drainage networks.""",ISO 4427,1.15,BIS Official Standard Publication (Backend Primary),Civil Engineering,Water Supply & Sewerage,Specifies requirements for high density polyethylene (HDPE) solid wall pipes for gravity and pressure sewerage and industrial effluent disposal.,1996,Active,Bureau of Indian Standards,True,['IS 4984:2016']
IS 15328:2003,Plain End UPVC Pipes for Underground Sewerage - Specification,,Construction and Civil Engineering,Pipes,Specifies requirements for unplasticized polyvinyl chloride (UPVC) pipes with plain or socketed ends for underground non-pressure gravity sewerage and drainage.,"['upvc underground pipe', 'sewer pipe', 'ring seal socket', 'stiffness class', 'sdr 41', 'sdr 34']","{'nominal_ring_stiffness': 'SN 2 (SDR 51), SN 4 (SDR 41), SN 8 (SDR 34)', 'impact_resistance': 'Tested by falling dart at 0 deg C (TIR max 10%)'}","['IS 4985:2015', 'IS 13592:2013']",True,2023-06-01,First Edition,2020-01-01,"[{'amendment_number': 'Amd 1', 'date': '2020-01-01', 'description': 'Mandated under UPVC Pipes Quality Control Order'}]","""IS 15328 specifies ring-sealed underground UPVC pipes designed for municipal sewer collector mains.""",EN 1401-1,1.15,BIS Official Standard Publication (Backend Primary),Civil Engineering,Water Supply & Sewerage,Specifies requirements for unplasticized polyvinyl chloride (UPVC) pipes with plain or socketed ends for underground non-pressure gravity sewerage and drainage.,2003,Active,Bureau of Indian Standards,True,"['IS 4985:2015', 'IS 13592:2013']"
IS 2185 (Part 3):1984,Concrete Masonry Units - Specification - Part 3: Autoclaved Cellular (Aerated) Concrete Blocks,,Construction and Civil Engineering,Masonry,"Specifies requirements for precast autoclaved cellular concrete blocks (AAC blocks) manufactured with cement/lime, fly ash/silica sand, and aluminium powder.","['aac blocks', 'aerated concrete', 'autoclaved blocks', 'lightweight masonry', 'thermal insulation', 'fly ash blocks']","{'density_classes': 'Grade 1 (451 to 550 kg/m3), Grade 2 (551 to 650 kg/m3)', 'compressive_strength': 'Min 3.0 to 4.0 N/mm2', 'thermal_conductivity': 'Max 0.24 W/m-K'}","['IS 2185 (Part 1):2005', 'IS 1077:1992']",False,,First Revision,2018-05-01,"[{'amendment_number': 'Amd 1', 'date': '2018-05-01', 'description': 'Updated fly ash substitution allowances'}]","""IS 2185 Part 3 specifies lightweight autoclaved aerated concrete (AAC) blocks widely used in green building wall construction.""",EN 771-4,1.3,BIS Official Standard Publication (Backend Primary),Civil Engineering,Construction & Infrastructure,"Specifies requirements for precast autoclaved cellular concrete blocks (AAC blocks) manufactured with cement/lime, fly ash/silica sand, and aluminium powder.",1984,Active,Bureau of Indian Standards,False,"['IS 2185 (Part 1):2005', 'IS 1077:1992']"
IS 7098 (Part 3):1993,Crosslinked Polyethylene Insulated Thermoplastic Sheathed Cables - Part 3: For Working Voltages from 66 kV up to 220 kV,,Electrical and Electronics,Cables,Specifies requirements for extra high voltage (EHV) single-core XLPE insulated power cables for voltages from 66 kV up to and including 220 kV.,"['ehv cable', '66 kv cable', '132 kv cable', '220 kv cable', 'corrugated aluminium sheath', 'transmission cable']","{'voltage_ratings': '66 kV, 132 kV, 220 kV', 'insulation_screen': 'Triple extruded smooth semi-conducting screen', 'metallic_sheath': 'Corrugated seamless aluminium or lead alloy sheath'}",['IS 7098 (Part 2):2011'],True,2023-01-01,First Edition,2019-11-01,"[{'amendment_number': 'Amd 1', 'date': '2019-11-01', 'description': 'Mandated under Electrical Cables QCO'}]","""IS 7098 Part 3 governs extra-high-voltage underground cables from 66 kV through 220 kV with metallic radial water barriers.""",IEC 60840,1.25,BIS Official Standard Publication (Backend Primary),Electrotechnical,Power & Energy,Specifies requirements for extra high voltage (EHV) single-core XLPE insulated power cables for voltages from 66 kV up to and including 220 kV.,1993,Active,Bureau of Indian Standards,True,['IS 7098 (Part 2):2011']
IS 398 (Part 1):1996,Aluminium Conductors for Overhead Transmission Purposes - Part 1: Aluminium Stranded Conductors (AAC),,Electrical and Electronics,Conductors,Specifies requirements for all-aluminium stranded conductors (AAC) for short span power distribution lines and substations.,"['aac conductor', 'all aluminium conductor', 'overhead distribution', 'electrical conductivity', 'low tension line']","{'conductivity': 'Min 61% of international annealed copper standard (IACS)', 'wire_tensile_strength': '160 to 200 MPa depending on wire diameter'}",['IS 398 (Part 2):1996'],True,2023-01-01,Third Revision,2019-09-01,"[{'amendment_number': 'Amd 1', 'date': '2019-09-01', 'description': 'Mandated under Electrical Conductors QCO'}]","""IS 398 Part 1 specifies all-aluminium stranded conductors (AAC) for city electricity distribution grids.""",IEC 61089,1.2,BIS Official Standard Publication (Backend Primary),Electrotechnical,Power & Energy,Specifies requirements for all-aluminium stranded conductors (AAC) for short span power distribution lines and substations.,1996,Active,Bureau of Indian Standards,True,['IS 398 (Part 2):1996']
IS 398 (Part 4):1994,Aluminium Conductors for Overhead Transmission Purposes - Part 4: Aluminium Alloy Stranded Conductors (AAAC),,Electrical and Electronics,Conductors,Specifies requirements for heat-treated aluminium-magnesium-silicon alloy stranded conductors (AAAC) for power transmission.,"['aaac conductor', 'aluminium alloy conductor', 'high corrosion resistance', 'coastal transmission line', 'panther aaac']","{'alloy_composition': 'Aluminium-Magnesium-Silicon heat treated alloy', 'tensile_strength_alloy': 'Min 295 to 325 MPa', 'conductivity': 'Min 52.5% IACS'}",['IS 398 (Part 2):1996'],True,2023-01-01,Third Revision,2019-09-01,"[{'amendment_number': 'Amd 1', 'date': '2019-09-01', 'description': 'Mandated under Electrical Conductors QCO'}]","""IS 398 Part 4 covers high strength corrosion-resistant AAAC conductors specified for coastal overhead electricity grids.""",IEC 61089,1.25,BIS Official Standard Publication (Backend Primary),Electrotechnical,Power & Energy,Specifies requirements for heat-treated aluminium-magnesium-silicon alloy stranded conductors (AAAC) for power transmission.,1994,Active,Bureau of Indian Standards,True,['IS 398 (Part 2):1996']
IS 12640 (Part 2):2016,Residual Current Operated Circuit-Breakers with Integral Overcurrent Protection (RCBOs),,Electrical and Electronics,Switchgear,"Applies to residual current operated circuit-breakers with integral overcurrent protection (RCBOs) providing earth leakage, short circuit, and overload protection in a single module.","['rcbo', 'earth leakage circuit breaker', 'combined mcb and rccb', 'short circuit', '30ma protection']","{'rated_current': '6 A to 63 A', 'breaking_capacity': '6 kA and 10 kA', 'residual_operating_current': '10 mA, 30 mA, 100 mA, 300 mA'}","['IS 8828:1996', 'IS 12640 (Part 1):2016']",True,2020-09-01,First Revision,2021-01-01,"[{'amendment_number': 'Amd 1', 'date': '2021-01-01', 'description': 'Mandated under Circuit Breakers QCO'}]","""IS 12640 Part 2 specifies RCBOs combining MCB overcurrent and RCCB earth-leakage shock prevention in individual branch circuits.""",IEC 61009-1,1.3,BIS Official Standard Publication (Backend Primary),Civil Engineering,General Engineering,"Applies to residual current operated circuit-breakers with integral overcurrent protection (RCBOs) providing earth leakage, short circuit, and overload protection in a single module.",2016,Active,Bureau of Indian Standards,True,"['IS 8828:1996', 'IS 12640 (Part 1):2016']"
IS 2418 (Part 1):1977,Tubular Fluorescent Lamps for General Lighting Service - Part 1: Requirements and Tests,,Electrical and Electronics,Lamps,"Specifies dimensions, starting characteristics, electrical and photometric requirements for tubular fluorescent lamps (T12, T8, T5) operating on a.c. mains with starters or electronic ballasts.","['fluorescent tube', 'tube light', 't8 lamp', 't5 lamp', 'lumen output', 'color rendering']","{'wattages': '18W, 36W, 28W, 54W', 'rated_life': 'Min 5000 to 15000 burning hours depending on lamp type'}",['IS 16102(Part 1):2012'],True,2021-01-01,First Edition,2018-02-01,"[{'amendment_number': 'Amd 1', 'date': '2018-02-01', 'description': 'Restricted hazardous mercury dosing limits'}]","""IS 2418 Part 1 covers tubular fluorescent lamps specifying lumen output and energy efficiency benchmarks.""",IEC 60081,1.1,BIS Official Standard Publication (Backend Primary),Electrotechnical,Power & Energy,"Specifies dimensions, starting characteristics, electrical and photometric requirements for tubular fluorescent lamps (T12, T8, T5) operating on a.c. mains with starters or electronic ballasts.",1977,Active,Bureau of Indian Standards,True,['IS 16102(Part 1):2012']
IS 15330:2003,Electric Ceiling Type Fans - Energy Consumption and Performance Requirements,,Household Appliances,Fans,"Specifies energy efficiency metrics, service value (air delivery per watt), and star rating thresholds for electric ceiling fans.","['ceiling fan', 'bldc fan', 'energy efficiency', 'air delivery', 'service value', 'bee star rating']","{'blade_sweep': '1200 mm standard', 'min_air_delivery': 'Min 210 m3/min for 1200 mm sweep', 'min_service_value': 'Min 4.0 m3/min/W (5-star BLDC fans achieve >6.0)'}",['IS 374:2019'],True,2023-01-01,First Edition,2022-06-01,"[{'amendment_number': 'Amd 1', 'date': '2022-06-01', 'description': 'Mandatory BEE Star Labelling schedule integration'}]","""IS 15330 prescribes minimum air delivery and service values (m3/min/Watt) for energy efficient ceiling fans under BEE/BIS.""",ISO Equivalent,1.25,BIS Official Standard Publication (Backend Primary),Mechanical Engineering,Industrial Machinery & Appliances,"Specifies energy efficiency metrics, service value (air delivery per watt), and star rating thresholds for electric ceiling fans.",2003,Active,Bureau of Indian Standards,True,['IS 374:2019']
IS 13032:1991,AC Motor-Driven Fire Fighting Pumps - Performance and Construction - Specification,,Electrical and Electronics,Fire Safety,Specifies requirements for centrifugal fire fighting water pumps driven by electric motors for supplying water to hydrant and sprinkler installations.,"['fire pump', 'centrifugal pump', 'fire hydrant pump', 'sprinkler booster pump', 'jockey pump', 'head and discharge']","{'discharges': '900, 1800, 2280, 2850 L/min', 'shut_off_head': 'Not exceeding 120% of rated total head', 'overload_capacity': 'Pump shall deliver min 150% of rated capacity at not less than 65% of rated head'}","['IS 3844:1989', 'IS 15105:2002']",False,,First Edition,2018-04-01,"[{'amendment_number': 'Amd 1', 'date': '2018-04-01', 'description': 'Incorporated automatic pressure switch sequencing rules'}]","""IS 13032 sets performance curves, shut-off heads, and motor ratings for main fire fighting pumps in industrial complexes.""",NFPA 20,1.2,BIS Official Standard Publication (Backend Primary),Mechanical Engineering,Industrial Machinery & Appliances,Specifies requirements for centrifugal fire fighting water pumps driven by electric motors for supplying water to hydrant and sprinkler installations.,1991,Active,Bureau of Indian Standards,False,"['IS 3844:1989', 'IS 15105:2002']"
IS 12469:1988,"Fire Fighting Hose Couplings, Branch Pipes, Nozzles and Nozzle Spanners - Specification",,Electrical and Electronics,Fire Safety,"Specifies requirements for instantaneous pattern 63 mm fire hose couplings, branch pipes, jet and spray nozzles, and nozzle spanners.","['fire hose coupling', 'instantaneous coupling', 'branch pipe', 'fog nozzle', 'fire fighting equipment']","{'size': '63 mm instantaneous pattern', 'material': 'Gunmetal or aluminium alloy', 'hydrostatic_test': 'Tested to 2.1 MPa (21 bar) without leakage'}",['IS 3844:1989'],False,,First Edition,2017-02-01,"[{'amendment_number': 'Amd 1', 'date': '2017-02-01', 'description': 'Reaffirmed standard coupling tolerances'}]","""IS 12469 specifies standard 63 mm instantaneous fire hose couplings and branch pipes used by Indian municipal fire brigades.""",BS 336,1.15,BIS Official Standard Publication (Backend Primary),Civil Engineering,Water Supply & Sewerage,"Specifies requirements for instantaneous pattern 63 mm fire hose couplings, branch pipes, jet and spray nozzles, and nozzle spanners.",1988,Active,Bureau of Indian Standards,False,['IS 3844:1989']
IS 1005:1992,Edible Soya Flour (Expeller Pressed) - Specification,,Food Safety,Grains & Flour,"Prescribes requirements and methods of sampling and test for edible soya flour obtained from clean, sound soybean seeds by expeller pressing.","['soya flour', 'soy protein', 'expeller pressed', 'protein content', 'trypsin inhibitor', 'fssai']","{'crude_protein': 'Min 48.0 percent on dry basis', 'fat_content': '4.5 to 8.0 percent', 'urease_activity': 'Max 0.5 pH change (indicating adequate heat treatment)'}","['IS 1155:1968', 'IS 1656:2007']",False,,Third Revision,2018-09-01,"[{'amendment_number': 'Amd 1', 'date': '2018-09-01', 'description': 'Aligned urease activity and aflatoxin limits with FSSAI regulations'}]","""IS 1005 specifies high protein edible soya flour for food fortification and institutional supplementary nutrition programs.""",Codex Stan 171,1.1,BIS Official Standard Publication (Backend Primary),Food & Agriculture,Agriculture & Food Processing,"Prescribes requirements and methods of sampling and test for edible soya flour obtained from clean, sound soybean seeds by expeller pressing.",1992,Active,Bureau of Indian Standards,False,"['IS 1155:1968', 'IS 1656:2007']"
IS 5402:2012,Microbiology of Food and Animal Feeding Stuffs - Horizontal Method for the Enumeration of Microorganisms,,Food Safety,Microbiology,Specifies horizontal method for enumeration of viable aerobic microorganisms in food and feeding stuffs by colony-count technique at 30 degrees C.,"['food microbiology', 'total plate count', 'tpc', 'aerobic bacteria', 'colony count', 'food hygiene']","{'incubation_temperature': '30 +/- 1 degrees C for 72 hours', 'culture_medium': 'Plate count agar (PCA)', 'countable_range': '15 to 300 colonies per Petri dish'}","['IS 10500:2012', 'IS 14543:2016']",False,,Second Revision,2019-01-01,"[{'amendment_number': 'Amd 1', 'date': '2019-01-01', 'description': 'Aligned with ISO 4833'}]","""IS 5402 is the definitive standard for calculating Total Plate Count (TPC) aerobic bacteria in packaged food and dairy items.""",ISO 4833,1.15,BIS Official Standard Publication (Backend Primary),Food & Agriculture,Agriculture & Food Processing,Specifies horizontal method for enumeration of viable aerobic microorganisms in food and feeding stuffs by colony-count technique at 30 degrees C.,2012,Active,Bureau of Indian Standards,False,"['IS 10500:2012', 'IS 14543:2016']"
IS 15464:2004,Anhydrous Ammonia - Specification,,Chemicals,Industrial Gases,"Prescribes requirements, methods of sampling, and test for liquid anhydrous ammonia used in refrigeration, fertilizers, and chemical processing.","['anhydrous ammonia', 'ammonia gas', 'refrigerant r717', 'fertilizer feedstock', 'purity', 'qco mandatory']","{'ammonia_content': 'Min 99.5 percent by mass', 'water_content': 'Max 0.5 percent by mass', 'oil_content': 'Max 10 ppm for refrigeration grade'}",['IS 266:1993'],True,2021-06-01,First Edition,2020-08-01,"[{'amendment_number': 'Amd 1', 'date': '2020-08-01', 'description': 'Mandated under Anhydrous Ammonia Quality Control Order'}]","""IS 15464 specifies refrigeration and fertilizer grade anhydrous ammonia with minimum 99.5% purity under mandatory QCO.""",CGA G-2,1.2,BIS Official Standard Publication (Backend Primary),Chemicals,Industrial Chemicals & Coatings,"Prescribes requirements, methods of sampling, and test for liquid anhydrous ammonia used in refrigeration, fertilizers, and chemical processing.",2004,Active,Bureau of Indian Standards,True,['IS 266:1993']
IS 2553 (Part 1):1990,"Safety Glass - Specification - Part 1: Architectural, Building and General Uses",,Automotive Components,Glass,"Specifies requirements for toughened (tempered) and laminated safety glass used in doors, windows, facades, balustrades, and structural glazing.","['toughened glass', 'tempered glass', 'laminated safety glass', 'facade glazing', 'fragmentation test', 'impact resistance', 'qco mandatory']","{'fragmentation_test': 'Min 40 particles in any 50 mm x 50 mm square upon fracture', 'impact_test': 'Drop height of 227 g steel ball from 1.5 m to 3.0 m without fracture', 'light_transmittance': 'Min 70% for clear safety glazing'}","['IS 2553 (Part 2):2019', 'IS 15945:2012']",True,2021-04-01,Third Revision,2020-09-01,"[{'amendment_number': 'Amd 1', 'date': '2020-09-01', 'description': 'Mandated under Architectural Safety Glass QCO'}]","""IS 2553 Part 1 governs tempered and laminated architectural safety glass with strict impact and fragmentation safety tests.""",EN 12150-1,1.3,BIS Official Standard Publication (Backend Primary),Civil Engineering,Construction & Infrastructure,"Specifies requirements for toughened (tempered) and laminated safety glass used in doors, windows, facades, balustrades, and structural glazing.",1990,Active,Bureau of Indian Standards,True,"['IS 2553 (Part 2):2019', 'IS 15945:2012']"
IS 17354:2020,Medical Textiles - Surgical Gowns and Drapes - Specification,,Textiles,Medical Textiles,Specifies performance requirements and barrier test methods for single-use and reusable surgical drapes and gowns used by healthcare operating teams.,"['surgical gown', 'surgical drape', 'medical textiles', 'barrier protection', 'liquid penetration', 'blood resistance', 'cleanroom']","{'barrier_performance': 'Level 1 to Level 4 liquid and viral barrier protection', 'hydrostatic_head': 'Min 20 cm H2O to >50 cm H2O according to risk zone', 'particulate_linting': 'Very low linting class'}","['IS 16289:2014', 'IS 15741:2007']",True,2021-01-01,First Edition,2020-12-01,"[{'amendment_number': 'Amd 1', 'date': '2020-12-01', 'description': 'Mandated under Medical Textiles (Quality Control) Order'}]","""IS 17354 sets liquid penetration, synthetic blood resistance, and tensile strength standards for hospital surgical gowns and drapes.""",EN 13795 / AAMI PB70,1.35,BIS Official Standard Publication (Backend Primary),Medical Equipment & Hospital Planning,Healthcare & Medical Devices,Specifies performance requirements and barrier test methods for single-use and reusable surgical drapes and gowns used by healthcare operating teams.,2020,Active,Bureau of Indian Standards,True,"['IS 16289:2014', 'IS 15741:2007']"
IS 8042:2015,White Portland Cement - Specification,,Construction,Cement & Binders,"Covers white Portland cement used for decorative architectural works, terrazzo tiles, and aesthetic concrete facades.","['cement', 'white cement', 'whiteness', 'architectural concrete', 'terrazzo']","{'whiteness_index': '70 percent', 'compressive_strength_28d': '30 MPa'}","['IS 4031', 'IS 4032']",True,2023-01-01,Third Revision,2021-06-20,[],Clause 6: Whiteness shall not be less than 70% when tested on Hunter reflectometer.,ISO Equivalent,1.2,Bureau of Indian Standards Official Gazette,Civil Engineering,Construction & Infrastructure,"Covers white Portland cement used for decorative architectural works, terrazzo tiles, and aesthetic concrete facades.",2015,Active,Bureau of Indian Standards,True,"['IS 4031', 'IS 4032']"
IS 516:2021,Hardened Concrete - Methods of Test,,Construction,Concrete Testing,"Standard test methods for compressive strength, flexural strength, splitting tensile strength, and modulus of elasticity of hardened concrete cubes and cylinders.","['concrete testing', 'compressive strength', 'cube test', 'cube testing', 'flexural strength', 'hardened concrete']","{'cube_size': '150 mm', 'loading_rate': '14 N/mm2/min', 'curing_temp': '27 ± 2 °C'}","['IS 456:2000', 'IS 1199']",False,,Second Revision,2022-04-10,[],Section 2: Testing compressive strength using standard 150mm concrete cubes at 7 and 28 days.,ISO Equivalent,1.0,Bureau of Indian Standards Official Gazette,Civil Engineering,Construction & Infrastructure,"Standard test methods for compressive strength, flexural strength, splitting tensile strength, and modulus of elasticity of hardened concrete cubes and cylinders.",2021,Active,Bureau of Indian Standards,False,"['IS 456:2000', 'IS 1199']"
IS 1199:2018,"Fresh Concrete - Methods of Sampling, Testing and Analysis",,Construction,Concrete Testing,"Procedures for sampling fresh concrete, measuring slump, compaction factor, flow table spread, and determination of air content.","['slump test', 'fresh concrete', 'workability', 'compaction factor', 'concrete sampling']","{'slump_cone_height': '300 mm', 'sampling_frequency': 'Per batch'}",['IS 456:2000'],False,,First Revision,2020-01-15,[],"Clause 5: Slump cone dimensions 100mm top, 200mm bottom diameter, 300mm height.",ISO Equivalent,1.0,Bureau of Indian Standards Official Gazette,Civil Engineering,Construction & Infrastructure,"Procedures for sampling fresh concrete, measuring slump, compaction factor, flow table spread, and determination of air content.",2018,Active,Bureau of Indian Standards,False,['IS 456:2000']
IS 4926:2003,Ready-Mixed Concrete - Code of Practice,,Construction,Concrete Technology,"Requirements for production, quality control, transportation, sampling and testing of ready-mixed concrete (RMC) supplied in plastic condition.","['ready mixed concrete', 'rmc', 'transit mixer', 'batching plant', 'concrete delivery', 'slump retention']","{'delivery_time_limit': '2 hours', 'batching_accuracy': '± 2 percent'}","['IS 456:2000', 'IS 383:2016', 'IS 9103']",False,,Second Revision,2021-08-20,[],Clause 6.2: Concrete shall be discharged from transit mixer truck within 2 hours of batching.,ISO Equivalent,1.0,Bureau of Indian Standards Official Gazette,Civil Engineering,Construction & Infrastructure,"Requirements for production, quality control, transportation, sampling and testing of ready-mixed concrete (RMC) supplied in plastic condition.",2003,Active,Bureau of Indian Standards,False,"['IS 456:2000', 'IS 383:2016', 'IS 9103']"
IS 9103:1999,Concrete Admixtures - Specification,,Construction,Concrete Chemicals,"Requirements for chemical admixtures added to concrete including plasticizers, superplasticizers, retarders, accelerators, and air entraining agents.","['admixture', 'superplasticizer', 'plasticizer', 'retarder', 'accelerator', 'water reducing admixture']","{'water_reduction_superplasticizer': '12 to 30 percent', 'slump_increase': '100 mm'}","['IS 456:2000', 'IS 269:2015']",False,,First Revision,2019-09-15,[],Clause 5: Superplasticizers shall achieve minimum 12% water reduction without affecting 28-day strength.,ISO Equivalent,1.0,Bureau of Indian Standards Official Gazette,Civil Engineering,Construction & Infrastructure,"Requirements for chemical admixtures added to concrete including plasticizers, superplasticizers, retarders, accelerators, and air entraining agents.",1999,Active,Bureau of Indian Standards,False,"['IS 456:2000', 'IS 269:2015']"
IS 13311 (Part 1):1992,Non-Destructive Testing of Concrete - Ultrasonic Pulse Velocity,,Construction,Concrete Testing,"Methods for measuring ultrasonic pulse velocity (UPV) through concrete to assess concrete quality, homogeneity, and internal defects.","['upv', 'ultrasonic pulse velocity', 'non-destructive testing', 'ndt', 'concrete quality', 'internal cracks']","{'velocity_excellent': '> 4.5 km/s', 'velocity_good': '3.5 to 4.5 km/s'}",['IS 456:2000'],False,,Reaffirmed 2018,2018-12-01,[],Table 2: Pulse velocity above 4.5 km/s indicates Excellent concrete quality grading.,ISO Equivalent,1.0,Bureau of Indian Standards Official Gazette,Civil Engineering,Construction & Infrastructure,"Methods for measuring ultrasonic pulse velocity (UPV) through concrete to assess concrete quality, homogeneity, and internal defects.",1992,Active,Bureau of Indian Standards,False,['IS 456:2000']
IS 13311 (Part 2):1992,Non-Destructive Testing of Concrete - Rebound Hammer,,Construction,Concrete Testing,Testing surface hardness of hardened concrete using Schmidt rebound hammer for estimating compressive strength uniformity.,"['rebound hammer', 'schmidt hammer', 'non destructive test', 'surface hardness', 'concrete testing']","{'impact_energy': '2.207 Nm', 'test_points_per_location': '10 to 12'}",['IS 456:2000'],False,,Reaffirmed 2018,2018-12-01,[],Clause 4: A minimum of 10 to 12 readings shall be recorded at each testing point.,ISO Equivalent,1.0,Bureau of Indian Standards Official Gazette,Civil Engineering,Construction & Infrastructure,Testing surface hardness of hardened concrete using Schmidt rebound hammer for estimating compressive strength uniformity.,1992,Active,Bureau of Indian Standards,False,['IS 456:2000']
IS 3812 (Part 1):2013,Pulverized Fuel Ash - Specification (For Use as Pozzolana in Cement and Concrete),,Construction,Mineral Admixtures,Specifies chemical and physical requirements for fly ash derived from pulverized coal furnaces for use as pozzolana in cement and concrete.,"['fly ash', 'pulverized fuel ash', 'pozzolana', 'thermal power plant', 'mineral admixture']","{'fineness_specific_surface': '320 m2/kg', 'loss_on_ignition_max': '5.0 percent', 'sio2_al2o3_fe2o3_min': '70 percent'}","['IS 456:2000', 'IS 1489']",False,,Third Revision,2020-03-10,[],Clause 6: Silicon dioxide plus aluminium oxide plus iron oxide shall not be less than 70% by mass.,ISO Equivalent,1.0,Bureau of Indian Standards Official Gazette,Civil Engineering,Construction & Infrastructure,Specifies chemical and physical requirements for fly ash derived from pulverized coal furnaces for use as pozzolana in cement and concrete.,2013,Active,Bureau of Indian Standards,False,"['IS 456:2000', 'IS 1489']"
IS 432 (Part 1):1982,Mild Steel and Medium Tensile Steel Bars and Hard-Drawn Steel Wire for Concrete Reinforcement,,Steel,Reinforcement Steel,Covers plain mild steel bars (Grade I and Grade II) and medium tensile steel bars used in reinforced concrete work.,"['mild steel bar', 'ms bar', 'plain rebar', 'tensile steel', 'concrete reinforcement', 'grade 1']","{'yield_stress_min': '250 MPa', 'tensile_strength_min': '410 MPa', 'elongation_min': '23 percent'}","['IS 1608', 'IS 456:2000']",True,2023-01-01,Third Revision,2019-07-22,[],Clause 6: Minimum yield strength for Fe 250 mild steel bars shall be 250 N/mm2.,ISO Equivalent,1.2,Bureau of Indian Standards Official Gazette,Civil Engineering,Construction & Infrastructure,Covers plain mild steel bars (Grade I and Grade II) and medium tensile steel bars used in reinforced concrete work.,1982,Active,Bureau of Indian Standards,True,"['IS 1608', 'IS 456:2000']"
IS 1566:1982,Hard-Drawn Steel Wire Fabric for Concrete Reinforcement,,Steel,Reinforcement Steel,Specification for welded wire mesh fabric manufactured from cold drawn high tensile steel wire for slab reinforcement and precast elements.,"['wire mesh', 'welded wire fabric', 'brc mesh', 'reinforcement fabric', 'concrete slab mesh']","{'tensile_strength_min': '480 MPa', 'weld_shear_strength': '0.35 of yield'}","['IS 432', 'IS 456:2000']",True,2023-01-01,Second Revision,2020-04-18,[],Clause 5: Tensile strength of hard-drawn steel wire shall be not less than 480 N/mm2.,ISO Equivalent,1.2,Bureau of Indian Standards Official Gazette,Civil Engineering,Construction & Infrastructure,Specification for welded wire mesh fabric manufactured from cold drawn high tensile steel wire for slab reinforcement and precast elements.,1982,Active,Bureau of Indian Standards,True,"['IS 432', 'IS 456:2000']"
IS 277:2018,Galvanized Steel Sheets (Plain and Corrugated) - Specification,,Steel,Coated Steel Sheets,"Requirements for hot-dip zinc-coated (galvanized) steel plain sheets, corrugated sheets (GC/GI sheets) and coils for roofing and cladding.","['galvanized sheet', 'gi sheet', 'gc sheet', 'corrugated roofing', 'zinc coating', 'tin shed']","{'zinc_coating_class': '120 to 275 g/m2', 'thickness_range': '0.25 to 2.0 mm'}","['IS 513', 'IS 2062']",True,2023-01-01,Seventh Revision,2021-11-25,[],"Clause 7: Zinc coating mass shall be specified as class 120, 180, or 275 g/m2 total both sides.",ISO Equivalent,1.2,Bureau of Indian Standards Official Gazette,Metallurgical Engineering,Metals & Mining,"Requirements for hot-dip zinc-coated (galvanized) steel plain sheets, corrugated sheets (GC/GI sheets) and coils for roofing and cladding.",2018,Active,Bureau of Indian Standards,True,"['IS 513', 'IS 2062']"
IS 513 (Part 1):2016,Cold Reduced Carbon Steel Sheet and Strip - Cold Forming and Drawing Steel,,Steel,Flat Steel Products,"Covers cold reduced low carbon steel sheets and strips for deep drawing, stamping, automobile body panels, and white goods cabinets.","['cr sheet', 'cold rolled steel', 'deep drawing sheet', 'cr steel strip', 'sheet metal']","{'tensile_strength': '270 to 410 MPa', 'elongation_min': '28 to 38 percent'}",['IS 1608'],True,2023-01-01,Sixth Revision,2020-05-15,[],"Clause 6: Specifies grades CR1, CR2, CR3, CR4 for drawing and deep drawing.",ISO Equivalent,1.2,Bureau of Indian Standards Official Gazette,Metallurgical Engineering,Metals & Mining,"Covers cold reduced low carbon steel sheets and strips for deep drawing, stamping, automobile body panels, and white goods cabinets.",2016,Active,Bureau of Indian Standards,True,['IS 1608']
IS 1079:2017,Hot Rolled Carbon Steel Sheet and Strip - Specification,,Steel,Flat Steel Products,"Specifies hot rolled carbon steel sheets and strips intended for non-critical forming, welding, and structural components.","['hr sheet', 'hot rolled sheet', 'carbon steel strip', 'mild steel sheet', 'hr coils']","{'yield_stress_min': '170 to 330 MPa', 'tensile_strength_min': '290 to 490 MPa'}",['IS 1608'],True,2023-01-01,Seventh Revision,2021-02-18,[],Clause 8: Hot rolled sheet grades HR1 to HR5 for structural and welding use.,ISO Equivalent,1.2,Bureau of Indian Standards Official Gazette,Metallurgical Engineering,Metals & Mining,"Specifies hot rolled carbon steel sheets and strips intended for non-critical forming, welding, and structural components.",2017,Active,Bureau of Indian Standards,True,['IS 1608']
IS 12894:2002,Pulverized Fuel Ash-Lime Bricks - Specification,,Construction,Masonry Units,"Requirements for fly ash-lime bricks manufactured from pulverized fuel ash, lime, and gypsum or sand for wall masonry.","['fly ash brick', 'ash brick', 'eco brick', 'pulverized fuel ash', 'green building']","{'compressive_strength_min': '5.0 to 10.0 MPa', 'water_absorption_max': '20 percent'}",['IS 3495'],False,,First Revision,2020-04-12,[],Clause 6: Minimum average compressive strength shall be 7.5 N/mm2 for class 7.5 bricks.,ISO Equivalent,1.0,Bureau of Indian Standards Official Gazette,Civil Engineering,Construction & Infrastructure,"Requirements for fly ash-lime bricks manufactured from pulverized fuel ash, lime, and gypsum or sand for wall masonry.",2002,Active,Bureau of Indian Standards,False,['IS 3495']
IS 1237:2012,Cement Concrete Flooring Tiles - Specification,,Construction,Flooring & Tiles,"Requirements for plain cement, coloured cement, and terrazzo/mosaic concrete flooring tiles used for general interior flooring.","['terrazzo tile', 'mosaic tile', 'cement tile', 'concrete flooring tile', 'floor tile']","{'abrasion_resistance_max_wear': '2.0 mm', 'water_absorption_max': '10 percent'}",['IS 269:2015'],False,,Second Revision,2021-03-20,[],Clause 8: Average wear in abrasion test shall not exceed 2.0 mm for heavy-duty tiles.,ISO Equivalent,1.0,Bureau of Indian Standards Official Gazette,Civil Engineering,Construction & Infrastructure,"Requirements for plain cement, coloured cement, and terrazzo/mosaic concrete flooring tiles used for general interior flooring.",2012,Active,Bureau of Indian Standards,False,['IS 269:2015']
IS 15622:2017,Pressed Ceramic Tiles - Specification,,Construction,Flooring & Tiles,Requirements for glazed and unglazed pressed ceramic and vitrified tiles for flooring and wall claddings.,"['ceramic tile', 'vitrified tile', 'glazed tile', 'porcelain tile', 'wall tile', 'floor tile']","{'water_absorption_vitrified': '< 0.5 percent', 'modulus_of_rupture': '35 N/mm2'}",['IS 13630'],True,2023-09-01,First Revision,2022-02-15,[],Group BIa covers vitrified porcelain tiles with water absorption less than or equal to 0.5%.,ISO Equivalent,1.2,Bureau of Indian Standards Official Gazette,Civil Engineering,General Engineering,Requirements for glazed and unglazed pressed ceramic and vitrified tiles for flooring and wall claddings.,2017,Active,Bureau of Indian Standards,True,['IS 13630']
IS 303:1989,Plywood for General Purposes - Specification,,Construction,Wood & Timber Products,Requirements for Moisture Resistant (MR) and Boiling Water Resistant (BWR) grades of plywood made from timber veneers.,"['plywood', 'mr grade', 'bwr grade', 'timber plywood', 'commercial plywood', 'carpentry']","{'glue_shear_strength_dry': '1350 N', 'glue_shear_strength_wet': '1000 N', 'moisture_content': '8 to 16 percent'}",['IS 1734'],True,2024-02-28,Third Revision,2020-08-11,[],Clause 5: Specifies Moisture Resistant (MR Grade) and Boiling Water Resistant (BWR Grade) adhesives.,ISO Equivalent,1.2,Bureau of Indian Standards Official Gazette,Civil Engineering,Construction & Infrastructure,Requirements for Moisture Resistant (MR) and Boiling Water Resistant (BWR) grades of plywood made from timber veneers.,1989,Active,Bureau of Indian Standards,True,['IS 1734']
IS 710:2010,Marine Plywood - Specification,,Construction,Wood & Timber Products,"Requirements for boiling water proof (BWP) marine grade plywood intended for shipbuilding, marine applications, and extreme moisture environments.","['marine plywood', 'bwp plywood', 'waterproof plywood', 'boiling water proof', 'marine grade']","{'mycological_test_pass': 'Yes', 'boiling_water_resistance': '72 hours boiling', 'glue_shear_strength': '1350 N'}",['IS 1734'],True,2024-02-28,Second Revision,2021-07-19,[],Clause 6: Test specimens shall withstand 72 hours immersion in boiling water without delamination.,ISO Equivalent,1.2,Bureau of Indian Standards Official Gazette,Civil Engineering,Construction & Infrastructure,"Requirements for boiling water proof (BWP) marine grade plywood intended for shipbuilding, marine applications, and extreme moisture environments.",2010,Active,Bureau of Indian Standards,True,['IS 1734']
IS 2202 (Part 1):1999,Wooden Flush Door Shutters (Solid Core Type) - Specification (Plywood Face Panels),,Construction,Doors & Windows,Specifies requirements for solid core wooden flush door shutters with commercial and decorative plywood face panels.,"['flush door', 'solid core door', 'wooden door shutter', 'plywood door', 'door leaf']","{'endurance_test': '10,000 cycles', 'slamming_test': '100 impacts', 'flatness_tolerance': '3 mm'}","['IS 4020', 'IS 303:1989']",True,2024-02-28,Fifth Revision,2020-01-20,[],"Clause 8: Shutters must pass end immersion, knife test, slamming test, and local impact test.",ISO Equivalent,1.2,Bureau of Indian Standards Official Gazette,Civil Engineering,Construction & Infrastructure,Specifies requirements for solid core wooden flush door shutters with commercial and decorative plywood face panels.,1999,Active,Bureau of Indian Standards,True,"['IS 4020', 'IS 303:1989']"
IS 2553 (Part 1):2018,"Safety Glass - Specification (Architectural, Building and General Uses)",,Construction,Glass & Glazing,"Covers flat and curved toughened (tempered) and laminated safety glass for architectural glazing, facades, partitions, and doors.","['toughened glass', 'tempered glass', 'laminated glass', 'safety glass', 'facade glass', 'architectural glass']","{'impact_test_drop_height': '1200 mm', 'fragmentation_count_min': '40 particles in 50x50 mm'}",['IS 2835'],True,2023-04-01,Third Revision,2021-10-15,[],"Clause 7.2: In fragmentation test, each 50x50 mm square shall contain not less than 40 particle fragments.",ISO Equivalent,1.2,Bureau of Indian Standards Official Gazette,Civil Engineering,Construction & Infrastructure,"Covers flat and curved toughened (tempered) and laminated safety glass for architectural glazing, facades, partitions, and doors.",2018,Active,Bureau of Indian Standards,True,['IS 2835']
IS 12818:2010,Unplasticized PVC Screen and Slotted Pipes for Bore/Tube Well - Specification,,Piping,Tubewell Pipes,Requirements for ribbed screen and plain casing UPVC pipes used in agricultural and potable borewells and tubewells.,"['casing pipe', 'slotted pipe', 'screen pipe', 'tubewell pipe', 'borewell pipe', 'upvc casing']","{'external_diameter': '40 to 400 mm', 'slot_width': '0.2 to 3.0 mm', 'collapse_pressure_min': '0.7 MPa'}",['IS 4985:2015'],False,,Second Revision,2019-04-15,[],Clause 5: Covers Shallow Well (CS) and Deep Well (CM) casing and ribbed screen slotted pipes.,ISO Equivalent,1.0,Bureau of Indian Standards Official Gazette,Civil Engineering,Water Supply & Sewerage,Requirements for ribbed screen and plain casing UPVC pipes used in agricultural and potable borewells and tubewells.,2010,Active,Bureau of Indian Standards,False,['IS 4985:2015']
IS 778:1984,"Copper Alloy Gate, Globe and Check Valves for Water Works Purposes - Specification",,Piping,Valves & Fittings,"Requirements for brass and bronze gunmetal gate, globe and check valves up to 100 mm size for water supply systems.","['gate valve', 'gunmetal valve', 'brass valve', 'check valve', 'globe valve', 'water pipe valve']","{'body_hydraulic_test': '1.5 to 2.4 MPa', 'seat_test_pressure': '1.0 to 1.6 MPa', 'material': 'Gunmetal / Brass'}","['IS 319', 'IS 1239']",False,,Fourth Revision,2020-03-25,[],Clause 8: Class 1 valves tested to 1.5 MPa body hydrostatic pressure without leakage.,ISO Equivalent,1.0,Bureau of Indian Standards Official Gazette,Metallurgical Engineering,Metals & Mining,"Requirements for brass and bronze gunmetal gate, globe and check valves up to 100 mm size for water supply systems.",1984,Active,Bureau of Indian Standards,False,"['IS 319', 'IS 1239']"
IS 14846:2000,Sluice Valves for Water Works Purposes (50 to 1200 mm Size) - Specification,,Piping,Valves & Fittings,Specifies cast iron and ductile iron sluice valves (gate valves) for water supply distribution mains and transmission lines.,"['sluice valve', 'water main valve', 'cast iron valve', 'gate valve', 'pn 10', 'pn 16']","{'nominal_size': '50 to 1200 mm', 'pressure_rating': 'PN 1.0, PN 1.6', 'body_test_pressure': '1.5 to 2.4 MPa'}","['IS 210', 'IS 1538']",False,,First Revision,2021-01-10,[],Clause 7: Hydrostatic body test pressure shall be 1.5 times nominal pressure rating.,ISO Equivalent,1.0,Bureau of Indian Standards Official Gazette,Civil Engineering,General Engineering,Specifies cast iron and ductile iron sluice valves (gate valves) for water supply distribution mains and transmission lines.,2000,Active,Bureau of Indian Standards,False,"['IS 210', 'IS 1538']"
IS 779:1994,Water Meters (Domestic Type) - Specification,,Piping,Flow Measurement,"Requirements for inferential and semi-positive volumetric domestic cold potable water meters of sizes 15, 20, 25, 40 and 50 mm.","['water meter', 'domestic water meter', 'flow meter', 'water billing meter', 'class b meter']","{'accuracy_class': 'Class A, Class B', 'nominal_flow_rate_qn_15mm': '1.5 m3/h', 'max_working_pressure': '1.0 MPa'}",['IS 6784'],True,2023-07-01,Fifth Revision,2019-11-20,[],Clause 8: Class B water meters require metering accuracy ±2% across nominal flow rate Qn.,ISO Equivalent,1.2,Bureau of Indian Standards Official Gazette,Electrotechnical,Power & Energy,"Requirements for inferential and semi-positive volumetric domestic cold potable water meters of sizes 15, 20, 25, 40 and 50 mm.",1994,Active,Bureau of Indian Standards,True,['IS 6784']
IS 2556 (Part 2):2004,Vitreous Sanitary Appliances - Specific Requirements of Wash Basins,,Piping,Sanitary Ware,"Covers design, dimensions, fixing provisions and glaze quality for vitreous china wash basins used in domestic and public toilets.","['wash basin', 'sanitaryware', 'vitreous china', 'bathroom basin', 'ceramic sink']","{'water_absorption_vitreous': '< 0.5 percent', 'crazing_resistance': 'No cracks at 10 bar autoclave'}",['IS 2556 (Part 1)'],True,2023-09-01,Fifth Revision,2020-07-15,[],Clause 6: Vitreous china water absorption shall not exceed 0.5% after boiling test.,ISO Equivalent,1.2,Bureau of Indian Standards Official Gazette,Civil Engineering,Water Supply & Sewerage,"Covers design, dimensions, fixing provisions and glaze quality for vitreous china wash basins used in domestic and public toilets.",2004,Active,Bureau of Indian Standards,True,['IS 2556 (Part 1)']
IS 2556 (Part 3):2004,Vitreous Sanitary Appliances - Specific Requirements of Water Closets (Squatting Pans),,Piping,Sanitary Ware,Specifies requirements for vitreous china Indian style (Orissa pattern) squatting water closet pans.,"['wc pan', 'squatting pan', 'orissa pan', 'toilet pan', 'sanitary ware']","{'flushing_efficiency': 'Clear 100 plastic balls', 'water_seal_depth_min': '50 mm'}",['IS 2556 (Part 1)'],True,2023-09-01,Fifth Revision,2020-07-15,[],Clause 7: Water seal trap depth shall not be less than 50 mm.,ISO Equivalent,1.2,Bureau of Indian Standards Official Gazette,Civil Engineering,Water Supply & Sewerage,Specifies requirements for vitreous china Indian style (Orissa pattern) squatting water closet pans.,2004,Active,Bureau of Indian Standards,True,['IS 2556 (Part 1)']
IS 12615:2018,Line Operated Three-Phase Induction Motors (IE Code) - Energy Efficient Induction Motors,,Electrical,Rotating Machines,"Specifies efficiency classes (IE2 - High Efficiency, IE3 - Premium Efficiency, IE4 - Super Premium Efficiency) for 3-phase squirrel cage induction motors.","['induction motor', 'electric motor', 'ie2 motor', 'ie3 motor', 'three phase motor', 'energy efficient motor']","{'output_range': '0.12 kW to 1000 kW', 'poles': '2, 4, 6, 8 pole', 'efficiency_standard': 'IE3 Premium Efficiency'}","['IS 325', 'IS 4029']",True,2023-01-01,Third Revision,2021-07-28,[],Clause 5: IE3 premium efficiency levels are mandated for government and industrial procurement.,ISO Equivalent,1.2,Bureau of Indian Standards Official Gazette,Electrotechnical,Power & Energy,"Specifies efficiency classes (IE2 - High Efficiency, IE3 - Premium Efficiency, IE4 - Super Premium Efficiency) for 3-phase squirrel cage induction motors.",2018,Active,Bureau of Indian Standards,True,"['IS 325', 'IS 4029']"
IS 3043:2018,Code of Practice for Earthing,,Electrical,Electrical Safety,"Comprehensive guidelines for design, calculation, installation and testing of system and equipment earthing in residential, commercial and industrial installations.","['earthing', 'earth pit', 'earthing electrode', 'grounding', 'earth resistance', 'gi earthing pipe', 'copper earth plate']","{'max_earth_resistance_substation': '1.0 Ohm', 'max_earth_resistance_domestic': '5.0 Ohm', 'electrode_types': 'Pipe, Plate, Rod'}","['IS 732', 'IS 302']",False,,Second Revision,2021-12-05,[],Section 3: Earth resistance shall not exceed 1.0 ohm for electrical substations and 5.0 ohms for domestic premises.,ISO Equivalent,1.0,Bureau of Indian Standards Official Gazette,Electrotechnical,Power & Energy,"Comprehensive guidelines for design, calculation, installation and testing of system and equipment earthing in residential, commercial and industrial installations.",2018,Active,Bureau of Indian Standards,False,"['IS 732', 'IS 302']"
IS 13779:1999,"AC Static Watthour Meters, Class 1 and 2 - Specification",,Electrical,Energy Meters,Specifies requirements for electronic static watthour meters of accuracy classes 1.0 and 2.0 for domestic and commercial electricity metering.,"['energy meter', 'electric meter', 'watthour meter', 'static meter', 'class 1 meter', 'kwh meter']","{'accuracy_class': 'Class 1.0, Class 2.0', 'rated_voltage': '240 V', 'rated_current': '5-30 A, 10-60 A'}","['IS 14697', 'IS 15884']",True,2023-01-01,First Revision,2020-02-19,[],Clause 8: Class 1.0 electronic energy meters require accuracy within ±1.0% under reference test conditions.,ISO Equivalent,1.2,Bureau of Indian Standards Official Gazette,Electrotechnical,Power & Energy,Specifies requirements for electronic static watthour meters of accuracy classes 1.0 and 2.0 for domestic and commercial electricity metering.,1999,Active,Bureau of Indian Standards,True,"['IS 14697', 'IS 15884']"
IS 16444 (Part 1):2015,"A.C. Static Direct Connected Watthour Smart Meter, Class 1 and 2",,Electrical,Smart Metering,"Requirements for electricity smart meters with two-way communication capabilities, remote disconnect/reconnect, load limiting, and tamper logging.","['smart meter', 'ami', 'smart watthour meter', 'two way meter', 'prepaid smart meter', 'remote disconnect']","{'accuracy_class': 'Class 1.0', 'communication_protocols': 'RF Mesh, Cellular 4G/NB-IoT, PLC'}","['IS 13779', 'IS 15959']",True,2023-01-01,First Revision,2021-08-10,[],Clause 6: Built-in remote disconnect and reconnect latching relay rated for full load.,ISO Equivalent,1.2,Bureau of Indian Standards Official Gazette,Electrotechnical,Power & Energy,"Requirements for electricity smart meters with two-way communication capabilities, remote disconnect/reconnect, load limiting, and tamper logging.",2015,Active,Bureau of Indian Standards,True,"['IS 13779', 'IS 15959']"
IS 16046 (Part 1):2018,Secondary Cells and Batteries Containing Alkaline or Other Non-Acid Electrolytes - Nickel Systems,,Electrical,Batteries,Safety requirements for portable sealed secondary nickel cells and batteries used in electronic devices.,"['battery safety', 'rechargeable battery', 'nickel battery', 'ni-mh cell', 'portable battery']","{'safety_tests': 'Overcharge, Short circuit, Thermal abuse, Drop test'}",['IS/IEC 62133'],True,2023-01-01,First Revision,2020-10-12,[],Mandated under MeitY Compulsory Registration Scheme (CRS) for portable consumer batteries.,ISO Equivalent,1.2,Bureau of Indian Standards Official Gazette,Chemicals,Industrial Chemicals & Coatings,Safety requirements for portable sealed secondary nickel cells and batteries used in electronic devices.,2018,Active,Bureau of Indian Standards,True,['IS/IEC 62133']
IS 14286:2019,Crystalline Silicon Terrestrial Photovoltaic (PV) Modules - Design Qualification and Type Approval,,Electronics,Solar Photovoltaic,Specifies design qualification and performance testing requirements for terrestrial crystalline silicon solar photovoltaic panels.,"['solar panel', 'pv module', 'solar photovoltaic', 'crystalline silicon', 'solar cell', 'solar power plant']","{'thermal_cycling_test': '200 cycles (-40 to +85 °C)', 'damp_heat_test': '1000 hours at 85 °C / 85% RH', 'mechanical_load': '2400 Pa to 5400 Pa'}","['IS/IEC 61215', 'IS/IEC 61730']",True,2023-01-01,Second Revision,2021-09-14,[],Clause 10: Mandatory design qualification under MNRE Solar Photovoltaics Quality Control Order.,ISO Equivalent,1.2,Bureau of Indian Standards Official Gazette,Electronics & Information Technology,Consumer Electronics & IT,Specifies design qualification and performance testing requirements for terrestrial crystalline silicon solar photovoltaic panels.,2019,Active,Bureau of Indian Standards,True,"['IS/IEC 61215', 'IS/IEC 61730']"
IS/IEC 61730 (Part 1):2016,Photovoltaic (PV) Module Safety Qualification - Requirements for Construction,,Electronics,Solar Photovoltaic,"Safety requirements for electrical and mechanical construction of solar PV modules to prevent electric shock, fire hazards and mechanical failures.","['solar safety', 'pv module safety', 'solar fire rating', 'junction box solar', 'class ii solar']","{'application_class': 'Class A (Safety Class II)', 'maximum_system_voltage': '1000 V or 1500 V DC'}",['IS 14286:2019'],True,2023-01-01,First Revision,2021-03-25,[],Clause 6: Solar modules for rooftop and utility plants must meet Safety Class II (Reinforced Insulation).,ISO Equivalent,1.2,Bureau of Indian Standards Official Gazette,Electronics & Information Technology,Consumer Electronics & IT,"Safety requirements for electrical and mechanical construction of solar PV modules to prevent electric shock, fire hazards and mechanical failures.",2016,Active,Bureau of Indian Standards,True,['IS 14286:2019']
IS 16221 (Part 2):2015,Safety of Power Converters for Use in Photovoltaic Power Systems - Particular Requirements for Inverters,,Electronics,Solar Photovoltaic,Safety requirements for grid-connected and off-grid solar inverters converting DC solar power to AC utility electricity.,"['solar inverter', 'grid tie inverter', 'pv inverter', 'solar power converter', 'islanding protection']","{'anti_islanding_trip_time': '< 2 seconds', 'thd_current_max': '< 3 percent'}",['IS 16169'],True,2023-01-01,First Revision,2020-07-20,[],Clause 4.4: Inverter must trip within 2.0 seconds upon disconnection from utility power grid.,ISO Equivalent,1.2,Bureau of Indian Standards Official Gazette,Electronics & Information Technology,Consumer Electronics & IT,Safety requirements for grid-connected and off-grid solar inverters converting DC solar power to AC utility electricity.,2015,Active,Bureau of Indian Standards,True,['IS 16169']
IS 16910:2020,Video Surveillance Systems for Security Applications - CCTV Cameras,,Electronics,Surveillance & Security,"Specifies technical and performance requirements for IP CCTV surveillance cameras used in government security, smart cities and critical infrastructure.","['cctv camera', 'ip camera', 'security camera', 'video surveillance', 'surveillance system', 'night vision camera']","{'resolution_min': '1080p Full HD', 'ingress_protection': 'IP66 outdoor', 'operating_temperature': '-10 to +55 °C'}",['IS 13252'],True,2024-04-09,First Revision,2022-06-15,[],Mandated under MeitY Public Procurement Preference and CCTV Security Essential Requirements.,ISO Equivalent,1.2,Bureau of Indian Standards Official Gazette,Electronics & Information Technology,Consumer Electronics & IT,"Specifies technical and performance requirements for IP CCTV surveillance cameras used in government security, smart cities and critical infrastructure.",2020,Active,Bureau of Indian Standards,True,['IS 13252']
IS 9079:2018,"Electric Monoset Pumps for Clear, Cold Water for Agricultural and Domestic Use - Specification",,Mechanical,Pumps & Fluid Handling,"Requirements for electric monoset centrifugal pumps for pumping clear cold water for agriculture, irrigation and domestic water supply.","['monoset pump', 'centrifugal pump', 'agricultural pump', 'water pump', 'irrigation pump', 'electric water pump']","{'efficiency_star_rating': 'BEE Star 1 to 5', 'head_range': '6 to 60 meters', 'discharge_range': '1.0 to 30 L/s'}","['IS 325', 'IS 996']",True,2023-01-01,Third Revision,2021-08-11,[],Clause 8: Defines minimum overall pump efficiency required for energy star labeling.,ISO Equivalent,1.2,Bureau of Indian Standards Official Gazette,Mechanical Engineering,Industrial Machinery & Appliances,"Requirements for electric monoset centrifugal pumps for pumping clear cold water for agriculture, irrigation and domestic water supply.",2018,Active,Bureau of Indian Standards,True,"['IS 325', 'IS 996']"
IS 8034:2018,"Submersible Pumpsets for Clear, Cold Water - Specification",,Mechanical,Pumps & Fluid Handling,Requirements for borehole submersible pumpsets (motor and pump combined) operating submerged in tubewells for irrigation and drinking water.,"['submersible pump', 'borewell pump', 'tubewell pumpset', 'submersible motor', 'deep well pump']","{'well_diameter': '100 mm to 200 mm', 'max_operating_depth': '300 meters', 'overall_efficiency_min': '45 to 68 percent'}","['IS 9079', 'IS 9259']",True,2023-01-01,Third Revision,2021-08-11,[],Clause 9: Submersible pumpsets must comply with BEE energy efficiency star guidelines.,ISO Equivalent,1.2,Bureau of Indian Standards Official Gazette,Mechanical Engineering,Industrial Machinery & Appliances,Requirements for borehole submersible pumpsets (motor and pump combined) operating submerged in tubewells for irrigation and drinking water.,2018,Active,Bureau of Indian Standards,True,"['IS 9079', 'IS 9259']"
IS 302 (Part 2/Sec 3):2007,Safety of Household and Similar Electrical Appliances - Particular Requirements for Electric Irons,,Mechanical,Domestic Appliances,Safety requirements for dry electric irons and steam electric irons for domestic household ironing.,"['electric iron', 'steam iron', 'dry iron', 'clothes iron', 'iron safety']","{'rated_power': '750 W to 2000 W', 'thermostat_cut_off_temp': '250 °C max', 'leakage_current_max': '0.75 mA'}",['IS 302 (Part 1)'],True,2023-01-01,Second Revision,2021-02-14,[],Clause 19: Thermal cut-out must prevent thermal runaway in the event of thermostat failure.,ISO Equivalent,1.2,Bureau of Indian Standards Official Gazette,Mechanical Engineering,Industrial Machinery & Appliances,Safety requirements for dry electric irons and steam electric irons for domestic household ironing.,2007,Active,Bureau of Indian Standards,True,['IS 302 (Part 1)']
IS 302 (Part 2/Sec 21):2011,Safety of Household and Similar Electrical Appliances - Particular Requirements for Storage Water Heaters,,Mechanical,Domestic Appliances,Safety specifications for electric storage water heaters (geysers) for domestic bathing and washing water heating.,"['water heater', 'geyser', 'electric geyser', 'storage water heater', 'water heating tank']","{'rated_capacity': '6 L to 100 L', 'rated_pressure': '0.6 to 0.8 MPa (6 to 8 bar)', 'thermal_cut_out': '95 °C non-self-resetting'}","['IS 302 (Part 1)', 'IS 2062']",True,2023-01-01,Third Revision,2020-09-20,[],Clause 22: Mandatory safety relief valve set at maximum 0.8 MPa to prevent tank explosion.,ISO Equivalent,1.2,Bureau of Indian Standards Official Gazette,Mechanical Engineering,Industrial Machinery & Appliances,Safety specifications for electric storage water heaters (geysers) for domestic bathing and washing water heating.,2011,Active,Bureau of Indian Standards,True,"['IS 302 (Part 1)', 'IS 2062']"
IS 1391 (Part 1):2017,Room Air Conditioners - Specification (Unitary Air Conditioners),,Mechanical,Air Conditioning & HVAC,"Specifies cooling capacity, power consumption, energy efficiency ratio (ISEER) and safety for window room air conditioners.","['air conditioner', 'window ac', 'cooling capacity', 'iseer', 'room air conditioner', 'hvac']","{'cooling_capacity_ratings': '1.0 Ton (3500 W), 1.5 Ton (5200 W)', 'iseer_star_rating': 'BEE Star 1 to 5'}","['IS 302', 'IS 1391 (Part 2)']",True,2023-01-01,Second Revision,2021-04-10,[],Clause 5: Mandates minimum Indian Seasonal Energy Efficiency Ratio (ISEER) per BEE standards.,ISO Equivalent,1.2,Bureau of Indian Standards Official Gazette,Mechanical Engineering,Industrial Machinery & Appliances,"Specifies cooling capacity, power consumption, energy efficiency ratio (ISEER) and safety for window room air conditioners.",2017,Active,Bureau of Indian Standards,True,"['IS 302', 'IS 1391 (Part 2)']"
IS 1391 (Part 2):2018,Room Air Conditioners - Specification (Split Air Conditioners),,Mechanical,Air Conditioning & HVAC,"Covers performance, ISEER energy rating and electrical safety for split room air conditioners (fixed speed and inverter).","['split ac', 'inverter ac', 'split air conditioner', 'inverter air conditioner', 'hvac cooling']","{'cooling_capacities': '1.0 TR, 1.5 TR, 2.0 TR', 'iseer_minimum': '3.5 to 5.2', 'refrigerant': 'R32, R410A'}","['IS 302', 'IS 1391 (Part 1)']",True,2023-01-01,Second Revision,2021-05-14,[],Clause 6: Minimum ISEER rating 3.8 for 3-star and 5.0 for 5-star inverter split air conditioners.,ISO Equivalent,1.2,Bureau of Indian Standards Official Gazette,Mechanical Engineering,Industrial Machinery & Appliances,"Covers performance, ISEER energy rating and electrical safety for split room air conditioners (fixed speed and inverter).",2018,Active,Bureau of Indian Standards,True,"['IS 302', 'IS 1391 (Part 1)']"
IS 3521 (Part 1):1999,Industrial Safety Belts and Harnesses - Full Body Harness,,Safety,Personal Protective Equipment,"Requirements for full body harnesses and fall arrester attachments for working at heights in construction, towers, and industrial scaffolding.","['safety harness', 'safety belt', 'full body harness', 'fall arrester', 'working at height', 'lanyard']","{'static_strength_test': '15 kN for 3 mins', 'drop_test_mass': '100 kg dummy from 4 m'}",['IS 4910'],True,2023-01-01,Third Revision,2020-04-15,[],Clause 6: Full body harness must sustain 15 kN static tensile test without tearing webbing.,ISO Equivalent,1.2,Bureau of Indian Standards Official Gazette,Chemicals,Personal Protective Equipment,"Requirements for full body harnesses and fall arrester attachments for working at heights in construction, towers, and industrial scaffolding.",1999,Active,Bureau of Indian Standards,True,['IS 4910']
IS 2190:2010,"Selection, Installation and Maintenance of First-Aid Fire Extinguishers - Code of Practice",,Safety,Fire Safety,"Guidelines on selecting fire extinguisher types (Water, Foam, ABC Powder, Carbon Dioxide) and required density based on fire hazard classifications.","['fire extinguisher maintenance', 'fire extinguisher installation', 'fire safety code', 'abc extinguisher selection']","{'inspection_frequency': 'Monthly', 'hydraulic_pressure_test_interval': 'Every 3 to 5 years'}",['IS 15683:2018'],False,,Fourth Revision,2021-08-01,[],Clause 5: Establishes placement rules: max travel distance 15m to any fire extinguisher in building.,ISO Equivalent,1.0,Bureau of Indian Standards Official Gazette,Civil Engineering,Disaster Mitigation & Fire Safety,"Guidelines on selecting fire extinguisher types (Water, Foam, ABC Powder, Carbon Dioxide) and required density based on fire hazard classifications.",2010,Active,Bureau of Indian Standards,False,['IS 15683:2018']
IS 10654:2020,Sterile Hypodermic Needles for Single Use - Specification,,Medical,Surgical Consumables,Requirements for sterile hypodermic needles for manual syringes and injection devices for parenteral fluid and medicine delivery.,"['hypodermic needle', 'sterile needle', 'injection needle', 'disposable needle', 'medical needle']","{'gauge_sizes': '18 G to 30 G', 'sterility': 'Sterile EO gas or Gamma radiation', 'penetration_force': '< 0.70 N'}",['IS 13422'],True,2023-01-01,Third Revision,2021-06-25,[],Clause 5: Needle points must be burr-free and lubricated with medical grade silicone oil.,ISO Equivalent,1.2,Bureau of Indian Standards Official Gazette,Medical Equipment & Hospital Planning,Healthcare & Medical Devices,Requirements for sterile hypodermic needles for manual syringes and injection devices for parenteral fluid and medicine delivery.,2020,Active,Bureau of Indian Standards,True,['IS 13422']
IS 4148:1989,Surgical Rubber Gloves - Specification,,Medical,Surgical Consumables,Covers sterilized and non-sterilized rubber gloves made of natural rubber latex intended for surgical operations.,"['surgical gloves', 'latex gloves', 'rubber gloves medical', 'operation gloves', 'sterile gloves']","{'tensile_strength_unaged': '24 MPa min', 'elongation_at_break': '750 percent min', 'watertightness_aql': '1.5'}",['IS 3400'],True,2023-01-01,Second Revision,2020-05-12,[],Clause 7: Watertightness test requires 1000 ml water filling with zero leakage (AQL 1.5).,ISO Equivalent,1.2,Bureau of Indian Standards Official Gazette,Medical Equipment & Hospital Planning,Healthcare & Medical Devices,Covers sterilized and non-sterilized rubber gloves made of natural rubber latex intended for surgical operations.,1989,Active,Bureau of Indian Standards,True,['IS 3400']
IS 15377:2003,Medical Examination Gloves Made of Rubber Latex - Specification,,Medical,Surgical Consumables,"Specifies physical and barrier requirements for disposable examination gloves used in medical examinations, nursing, and clinical diagnostics.","['examination gloves', 'exam gloves', 'latex examination gloves', 'clinical gloves', 'doctor gloves']","{'tensile_strength_min': '14 MPa', 'elongation_min': '650 percent', 'pinhole_test_aql': '2.5'}",['IS 4148'],True,2023-01-01,First Revision,2019-10-18,[],Clause 6: Minimum length 240 mm; pinhole watertight test per ISO 2859 inspection level I.,ISO Equivalent,1.2,Bureau of Indian Standards Official Gazette,Medical Equipment & Hospital Planning,Healthcare & Medical Devices,"Specifies physical and barrier requirements for disposable examination gloves used in medical examinations, nursing, and clinical diagnostics.",2003,Active,Bureau of Indian Standards,True,['IS 4148']
IS 16568:2016,Clinical Thermometers - Electrical/Electronic (With Maximum Device),,Medical,Diagnostic Devices,"Specifies performance, maximum permissible error, and biocompatibility for digital clinical thermometers measuring human body temperature.","['digital thermometer', 'clinical thermometer', 'body temperature thermometer', 'fever thermometer', 'electronic thermometer']","{'measurement_range': '32.0 °C to 42.9 °C', 'maximum_error': '± 0.1 °C', 'display_resolution': '0.1 °C'}",['IS 13252'],True,2023-01-01,First Revision,2020-08-22,[],Clause 6: Maximum permissible temperature measurement error shall not exceed ±0.1°C.,ISO Equivalent,1.2,Bureau of Indian Standards Official Gazette,Electrotechnical,Power & Energy,"Specifies performance, maximum permissible error, and biocompatibility for digital clinical thermometers measuring human body temperature.",2016,Active,Bureau of Indian Standards,True,['IS 13252']
IS 9832:2019,"Hospital Furniture - Bed, General Purpose - Specification",,Medical,Hospital Infrastructure,"Specifies materials, construction, dimensional requirements and safety testing for general purpose steel hospital patient beds.","['hospital bed', 'patient bed', 'ward bed', 'medical furniture', 'fowler bed', 'semi fowler bed']","{'safe_working_load': '200 kg', 'steel_tube_thickness_min': '1.6 mm', 'finish': 'Epoxy polyester powder coated'}","['IS 1161', 'IS 2062']",False,,Second Revision,2021-12-14,[],Clause 7: Hospital bed frame must sustain 200 kg distributed load without permanent deflection.,ISO Equivalent,1.0,Bureau of Indian Standards Official Gazette,Medical Equipment & Hospital Planning,Healthcare & Medical Devices,"Specifies materials, construction, dimensional requirements and safety testing for general purpose steel hospital patient beds.",2019,Active,Bureau of Indian Standards,False,"['IS 1161', 'IS 2062']"
IS 7224:2006,"Iodized Salt, Vacuum Evaporated Iodized Salt and Refined Iodized Salt - Specification",,Consumer,Food Essentials,Specifies requirements for edible common salt enriched with potassium iodate for prevention of iodine deficiency disorders.,"['iodized salt', 'edible salt', 'table salt', 'iodine salt', 'cooking salt', 'refined salt']","{'sodium_chloride_min': '96.0 to 99.0 percent', 'iodine_content_manufacturer': '30 ppm min', 'iodine_content_retail': '15 ppm min'}",['IS 253'],True,2021-01-01,Second Revision,2021-02-15,[],Clause 4: Iodine content shall be not less than 30 ppm at manufacturing level and 15 ppm at distribution level.,ISO Equivalent,1.2,Bureau of Indian Standards Official Gazette,Food & Agriculture,Agriculture & Food Processing,Specifies requirements for edible common salt enriched with potassium iodate for prevention of iodine deficiency disorders.,2006,Active,Bureau of Indian Standards,True,['IS 253']
IS 12207:2019,Agricultural Tractors - Test Procedure,,Mechanical,Agricultural Machinery,"Standard test codes for power take-off (PTO) performance, hydraulic lift capacity, drawbar pull, turning circle, and fuel consumption of farm tractors.","['tractor test', 'agricultural tractor', 'pto test', 'hydraulic lift tractor', 'farm tractor', 'drawbar power']","{'pto_power_measurement': 'Per rated RPM', 'hydraulic_lift_capacity_check': 'At hitch points'}","['IS 4931', 'IS 12224']",True,2023-01-01,Third Revision,2021-07-10,[],Clause 6: Mandatory testing protocol for CMVR and Subsidy compliance of agricultural tractors in India.,ISO Equivalent,1.2,Bureau of Indian Standards Official Gazette,Food & Agriculture,Agriculture & Food Processing,"Standard test codes for power take-off (PTO) performance, hydraulic lift capacity, drawbar pull, turning circle, and fuel consumption of farm tractors.",2019,Active,Bureau of Indian Standards,True,"['IS 4931', 'IS 12224']"
IS 15636:2012,Automotive Vehicles - Pneumatic Tyres for Passenger Car Vehicles - Diagonal and Radial Ply,,Automotive,Tyres & Wheels,"Specifies dimensions, load/speed performance, high speed endurance, and physical safety of radial and bias tyres for passenger motor cars.","['car tyre', 'radial tyre', 'automobile tyre', 'passenger car tyre', 'tubeless tyre', 'pneumatic tyre']","{'endurance_test_speed': '120 to 240 km/h', 'high_speed_test': 'In increments of 10 km/h'}",['IS 15633'],True,2021-04-01,First Revision,2021-08-20,[],Clause 5: Mandatory under Ministry of Road Transport and Highways (MoRTH) Tyre QCO.,ISO Equivalent,1.2,Bureau of Indian Standards Official Gazette,Transport Engineering,Automotive & Road Safety,"Specifies dimensions, load/speed performance, high speed endurance, and physical safety of radial and bias tyres for passenger motor cars.",2012,Active,Bureau of Indian Standards,True,['IS 15633']
IS 15633:2005,Automotive Vehicles - Pneumatic Tyres for Commercial Vehicles - Diagonal and Radial Ply,,Automotive,Tyres & Wheels,"Requirements for heavy truck, bus and light commercial vehicle pneumatic tyres including tread wear, load rating, and casing endurance.","['truck tyre', 'bus tyre', 'commercial vehicle tyre', 'radial truck tyre', 'heavy vehicle tyre']","{'endurance_test_drum': '1.7 m diameter', 'test_duration': '47 hours continuously'}",['IS 15636:2012'],True,2021-04-01,First Revision,2020-10-15,[],Mandated under Pneumatic Tyres and Tubes for Automotive Vehicles (Quality Control) Order.,ISO Equivalent,1.2,Bureau of Indian Standards Official Gazette,Transport Engineering,Automotive & Road Safety,"Requirements for heavy truck, bus and light commercial vehicle pneumatic tyres including tread wear, load rating, and casing endurance.",2005,Active,Bureau of Indian Standards,True,['IS 15636:2012']
IS 15139:2002,Automotive Vehicles - Safety Belt Assemblies - Specification,,Automotive,Vehicle Safety Systems,"Specifies design, dynamic sled impact testing, retractor mechanism, and webbing strength of three-point seat belts in motor vehicles.","['seat belt', 'safety belt', 'car seat belt', 'three point belt', 'retractor seat belt', 'seatbelt buckle']","{'webbing_breaking_strength': '22.5 kN min', 'retractor_lock_deceleration': '< 0.45 g', 'dynamic_test_dummy_speed': '50 km/h'}",['IS 15140'],True,2021-04-01,First Revision,2020-03-12,[],Clause 6: Webbing must withstand minimum 22.5 kN tensile load before dynamic sled collision test.,ISO Equivalent,1.2,Bureau of Indian Standards Official Gazette,Transport Engineering,Automotive & Road Safety,"Specifies design, dynamic sled impact testing, retractor mechanism, and webbing strength of three-point seat belts in motor vehicles.",2002,Active,Bureau of Indian Standards,True,['IS 15140']
IS 1884:1993,Automotive Vehicles - Electric Horns - Specification,,Automotive,Vehicle Electricals,"Requirements for acoustic performance, sound pressure levels and durability for electric warning horns on two-wheelers and four-wheelers.","['car horn', 'electric horn', 'automobile horn', 'two wheeler horn', 'vehicle warning horn']","{'sound_pressure_level_car': '93 to 112 dB(A)', 'sound_pressure_level_twowheeler': '83 to 112 dB(A)', 'endurance': '50,000 cycles'}",['IS 10250'],True,2023-01-01,Third Revision,2020-06-25,[],Clause 5: Horn sound level measured at 2 meters distance shall be between 93 dB(A) and 112 dB(A).,ISO Equivalent,1.2,Bureau of Indian Standards Official Gazette,Transport Engineering,Automotive & Road Safety,"Requirements for acoustic performance, sound pressure levels and durability for electric warning horns on two-wheelers and four-wheelers.",1993,Active,Bureau of Indian Standards,True,['IS 10250']
IS 16654:2017,Geosynthetics - Geotextiles for Highway Construction - Specification,,Textiles,Technical Textiles,"Specifies non-woven and woven polymeric geotextiles used in pavement subgrade stabilization, drainage, and road embankment filtration.","['geotextile', 'road geotextile', 'highway geotextile', 'subgrade stabilization', 'geosynthetics', 'drainage fabric']","{'grab_tensile_strength_class_1': '1400 N', 'cbr_puncture_resistance': '2750 N', 'apparent_opening_size_aos': '< 0.22 mm'}",['IS 13162'],True,2023-04-01,First Revision,2021-05-10,[],Clause 6: Geotextile Class 1 requires minimum CBR puncture resistance of 2750 N.,ISO Equivalent,1.2,Bureau of Indian Standards Official Gazette,Textiles,Technical Textiles & Packaging,"Specifies non-woven and woven polymeric geotextiles used in pavement subgrade stabilization, drainage, and road embankment filtration.",2017,Active,Bureau of Indian Standards,True,['IS 13162']
IS 15748:2022,Textiles - Requirements for Flame Retardant Fabrics,,Textiles,Protective Textiles,"Requirements for flame retardant woven and knitted fabrics used in fire fighter turnout gear, curtain drapes in public halls, and aircraft interiors.","['flame retardant fabric', 'fire proof fabric', 'fr textile', 'fire resistant cloth', 'firefighter fabric']","{'flame_spread_index': '< 25', 'char_length_max': '100 mm', 'after_flame_time': '< 2 seconds'}",['IS 11871'],True,2023-04-01,Second Revision,2022-08-15,[],Clause 4: Vertical flame test requires after-flame time less than 2 seconds and zero melt dripping.,ISO Equivalent,1.2,Bureau of Indian Standards Official Gazette,Textiles,Technical Textiles & Packaging,"Requirements for flame retardant woven and knitted fabrics used in fire fighter turnout gear, curtain drapes in public halls, and aircraft interiors.",2022,Active,Bureau of Indian Standards,True,['IS 11871']
IS 1265:2021,Textiles - Jute Bags for Packing 50 kg Food Grains - Specification,,Textiles,Packaging Bags,"Covers dimensions, seam strength, breaking load and drop test performance of woven jute bags used for public procurement food grain storage.","['jute bag', 'gunny bag', 'bora', 'grain packaging bag', 'b-twill jute bag']","{'capacity': '50 kg', 'dimensions': '94 cm x 57 cm', 'breaking_strength_warp': '350 N'}",['IS 1969'],True,2022-01-01,Third Revision,2022-04-10,[],Mandated under Jute Packaging Materials (Compulsory Use in Packing Commodities) Act.,ISO Equivalent,1.2,Bureau of Indian Standards Official Gazette,Food & Agriculture,Agriculture & Food Processing,"Covers dimensions, seam strength, breaking load and drop test performance of woven jute bags used for public procurement food grain storage.",2021,Active,Bureau of Indian Standards,True,['IS 1969']
IS 14968:2015,Textiles - Polypropylene (PP) Woven Sacks for Packaging of 50 kg Foodgrains,,Textiles,Packaging Bags,"Specification for high strength HDPE/PP woven sacks for procurement, storage and bulk movement of wheat and paddy.","['pp woven sack', 'plastic sack', 'hdpe woven bag', 'grain bag', 'polypropylene sack']","{'breaking_strength_fabric': '800 N', 'bottom_seam_strength': '380 N', 'drop_test_height': '1.2 meters'}",['IS 6192'],True,2023-01-01,First Revision,2020-03-25,[],Clause 7: Sacks must withstand 1.2 meter drop test when filled with 50 kg grain without rupture.,ISO Equivalent,1.2,Bureau of Indian Standards Official Gazette,Food & Agriculture,Agriculture & Food Processing,"Specification for high strength HDPE/PP woven sacks for procurement, storage and bulk movement of wheat and paddy.",2015,Active,Bureau of Indian Standards,True,['IS 6192']
IS 265:1993,Hydrochloric Acid - Specification,,Chemicals,Industrial Acids,"Specifies technical and pure grades of hydrochloric acid (HCl) for chemical processing, water treatment and pickling steel.","['hydrochloric acid', 'hcl', 'muriatic acid', 'industrial acid', 'pickling acid']","{'hcl_assay_technical': '30.0 percent min', 'iron_fe_max': '0.02 percent', 'specific_gravity': '1.15 to 1.16'}",['IS 1070'],True,2023-01-01,Fourth Revision,2020-12-05,[],Clause 4: Technical grade minimum assay 30.0% HCl by mass.,ISO Equivalent,1.2,Bureau of Indian Standards Official Gazette,Chemicals,Industrial Chemicals & Coatings,"Specifies technical and pure grades of hydrochloric acid (HCl) for chemical processing, water treatment and pickling steel.",1993,Active,Bureau of Indian Standards,True,['IS 1070']
IS 540:2019,Refined Sugar - Specification,,Consumer,Food Essentials,"Specifies quality, sucrose purity, polarization, moisture and microbiological parameters of refined plantation white sugar.","['refined sugar', 'white sugar', 'cane sugar', 'table sugar', 'granulated sugar']","{'polarization_sucrose': '99.8 °Z min', 'moisture_max': '0.04 percent', 'colour_icumsa': '< 60 ICUMSA'}",['IS 1155'],False,,Third Revision,2021-10-05,[],Clause 4: Sucrose content shall be not less than 99.8 degrees polarization.,ISO Equivalent,1.0,Bureau of Indian Standards Official Gazette,Civil Engineering,General Engineering,"Specifies quality, sucrose purity, polarization, moisture and microbiological parameters of refined plantation white sugar.",2019,Active,Bureau of Indian Standards,False,['IS 1155']
IS 73:2013,Paving Bitumen - Specification,,Chemicals,Bitumen & Road Materials,"Specifies viscosity-graded paving bitumen (VG-10, VG-20, VG-30, VG-40) for highway flexible pavement surfacing.","['bitumen', 'paving bitumen', 'vg 30', 'vg 40', 'asphalt', 'tar road', 'highway bitumen']","{'absolute_viscosity_vg30': '2400 to 3600 Poises at 60 °C', 'penetration_at_25c': '45 min', 'softening_point_min': '47 °C'}",['IS 1201 to IS 1220'],True,2023-01-01,Fourth Revision,2020-11-18,[],Table 1: VG-30 is standard grade for road construction in warm climate zones.,ISO Equivalent,1.2,Bureau of Indian Standards Official Gazette,Chemicals,Industrial Chemicals & Coatings,"Specifies viscosity-graded paving bitumen (VG-10, VG-20, VG-30, VG-40) for highway flexible pavement surfacing.",2013,Active,Bureau of Indian Standards,True,['IS 1201 to IS 1220']
IS 733:1983,"Wrought Aluminium and Aluminium Alloy Bars, Rods and Sections for General Engineering Purposes",,Steel,Non-Ferrous Metals,"Specifies mechanical properties and dimensional tolerances of extruded aluminium bars, rods and structural shapes in alloys 6063 and 6082.","['aluminium section', 'extruded aluminium', 'alloy 6063', 'aluminium bar', 'architectural aluminium']","{'alloy_6063_t6_tensile': '205 MPa min', 'yield_strength_min': '170 MPa', 'elongation': '8 percent'}",['IS 5052'],True,2023-09-01,Third Revision,2021-03-12,[],Clause 8: Mandates alloy 6063-T6 properties for architectural window and door frames.,ISO Equivalent,1.2,Bureau of Indian Standards Official Gazette,Metallurgical Engineering,Metals & Mining,"Specifies mechanical properties and dimensional tolerances of extruded aluminium bars, rods and structural shapes in alloys 6063 and 6082.",1983,Active,Bureau of Indian Standards,True,['IS 5052']
IS 737:2008,Wrought Aluminium and Aluminium Alloy Sheet and Strip for General Engineering Purposes,,Steel,Non-Ferrous Metals,"Requirements for cold rolled and hot rolled aluminium sheets and coils for fabrication, bus body panels and industrial vessels.","['aluminium sheet', 'aluminium coil', 'alloy 19000', 'alloy 31000', 'bus body sheet']","{'tensile_strength_range': '110 to 260 MPa', 'bend_test_pass': '180 degree bend'}",['IS 5052'],True,2023-09-01,Fourth Revision,2020-07-22,[],Mandated under Aluminium and Aluminium Alloy Products (Quality Control) Order.,ISO Equivalent,1.2,Bureau of Indian Standards Official Gazette,Metallurgical Engineering,Metals & Mining,"Requirements for cold rolled and hot rolled aluminium sheets and coils for fabrication, bus body panels and industrial vessels.",2008,Active,Bureau of Indian Standards,True,['IS 5052']
IS 407:1981,Brass Tubes for General Purposes - Specification,,Steel,Non-Ferrous Metals,"Covers solid drawn brass tubes for plumbing fittings, heat exchangers, general engineering and instrumentation.","['brass tube', 'brass pipe', 'copper zinc tube', 'heat exchanger tube', 'instrumentation tube']","{'copper_content': '62.0 to 65.0 percent', 'tensile_strength': '350 to 450 MPa'}",['IS 1387'],True,2023-09-01,Third Revision,2019-11-15,[],Clause 7: Mandates hydrostatic pressure test 7.0 MPa without leakage or sweated seams.,ISO Equivalent,1.2,Bureau of Indian Standards Official Gazette,Metallurgical Engineering,Metals & Mining,"Covers solid drawn brass tubes for plumbing fittings, heat exchangers, general engineering and instrumentation.",1981,Active,Bureau of Indian Standards,True,['IS 1387']
IS 1367 (Part 3):2017,Technical Supply Conditions for Threaded Steel Fasteners - Mechanical Properties of Fasteners,,Mechanical,Fasteners & Hardware,"Specifies property classes 4.6, 8.8, 10.9 and 12.9 for carbon and alloy steel bolts, screws and studs.","['bolt 8.8', 'high tensile bolt', 'grade 8.8 bolt', 'structural bolt', 'steel screw', 'fastener property class']","{'class_8.8_tensile_min': '800 MPa', 'class_8.8_yield_min': '640 MPa', 'hardness_rockwell': '22 to 32 HRC'}","['IS 1363', 'IS 1364']",True,2024-01-21,Fifth Revision,2021-08-14,[],Clause 5: Grade 8.8 requires minimum tensile strength 800 N/mm2; Grade 10.9 requires 1040 N/mm2.,ISO Equivalent,1.2,Bureau of Indian Standards Official Gazette,Metallurgical Engineering,Metals & Mining,"Specifies property classes 4.6, 8.8, 10.9 and 12.9 for carbon and alloy steel bolts, screws and studs.",2017,Active,Bureau of Indian Standards,True,"['IS 1363', 'IS 1364']"
IS 210:2009,Grey Iron Castings - Specification,,Steel,Foundry Products,"Covers grades FG 150 to FG 400 of grey iron castings used for pump casings, valve bodies, machine tool bases and manhole covers.","['cast iron', 'grey iron casting', 'fg 200', 'fg 260', 'manhole frame', 'pump casing casting']","{'tensile_strength_fg200': '200 MPa min', 'brinell_hardness': '160 to 220 HBW'}",['IS 1500'],True,2023-01-01,Fifth Revision,2020-04-18,[],Clause 8: Tensile test on separately cast test bars conforming to designated FG grade.,ISO Equivalent,1.2,Bureau of Indian Standards Official Gazette,Mechanical Engineering,Industrial Machinery & Appliances,"Covers grades FG 150 to FG 400 of grey iron castings used for pump casings, valve bodies, machine tool bases and manhole covers.",2009,Active,Bureau of Indian Standards,True,['IS 1500']
IS 14255:1995,Aerial Bunched Cables for Working Voltages up to and Including 1100 V,,Electrical,Power Cables,XLPE insulated aerial bunched cables (ABC) with insulated or bare messenger for overhead rural electrification and theft prevention.,"['aerial', 'bunched', 'cables', 'for', 'working', 'voltages', 'and', 'including', '1100', 'power']","{'voltage_grade': '1100 V', 'operating_temp': '90 °C', 'core_type': 'Aluminium XLPE'}","['IS 7098', 'IS 8130']",True,2023-01-01,Revision 1995,1995-06-15,"[{'amendment_number': 'Amd 1', 'date': '1995-06-15', 'description': 'Updated performance and compliance parameters'}]",Indian Standard IS 14255:1995: Technical specifications and requirements for procurement.,ISO/IEC Harmonized,1.2,Bureau of Indian Standards Official Gazette,Electrotechnical,Power & Energy,XLPE insulated aerial bunched cables (ABC) with insulated or bare messenger for overhead rural electrification and theft prevention.,1995,Active,Bureau of Indian Standards,True,"['IS 7098', 'IS 8130']"
IS 9968 (Part 1):1988,Elastomer Insulated Cables - For Working Voltages up to and Including 1100 V,,Electrical,Cables,"Flexible rubber elastomer insulated cables for trailing mine equipment, welding leads, and heavy industrial machinery.","['elastomer', 'insulated', 'cables', 'for', 'working', 'voltages', 'and', 'including', '1100', 'cables']","{'operating_temp': '60 to 90 °C', 'insulation': 'Natural/Synthetic Rubber'}",['IS 8130'],True,2023-01-01,Revision 1988,1988-06-15,"[{'amendment_number': 'Amd 1', 'date': '1988-06-15', 'description': 'Updated performance and compliance parameters'}]",Indian Standard IS 9968 (Part 1):1988: Technical specifications and requirements for procurement.,ISO/IEC Harmonized,1.2,Bureau of Indian Standards Official Gazette,Electrotechnical,Power & Energy,"Flexible rubber elastomer insulated cables for trailing mine equipment, welding leads, and heavy industrial machinery.",1988,Active,Bureau of Indian Standards,True,['IS 8130']
IS 13947 (Part 2):1993,Low-Voltage Switchgear and Controlgear - Circuit-Breakers (MCCB / ACB),,Electrical,Switchgear,Moulded case circuit breakers (MCCB) and air circuit breakers (ACB) for commercial and industrial electrical distribution boards.,"['low', 'voltage', 'switchgear', 'and', 'controlgear', 'circuit', 'breakers', 'mccb', 'acb', 'switchgear']","{'rated_current': '100 A to 6300 A', 'breaking_capacity': '25 kA to 100 kA'}","['IS 8828:1996', 'IS/IEC 60947']",True,2023-01-01,Revision 1993,1993-06-15,"[{'amendment_number': 'Amd 1', 'date': '1993-06-15', 'description': 'Updated performance and compliance parameters'}]",Indian Standard IS 13947 (Part 2):1993: Technical specifications and requirements for procurement.,ISO/IEC Harmonized,1.2,Bureau of Indian Standards Official Gazette,Electrotechnical,Power & Energy,Moulded case circuit breakers (MCCB) and air circuit breakers (ACB) for commercial and industrial electrical distribution boards.,1993,Active,Bureau of Indian Standards,True,"['IS 8828:1996', 'IS/IEC 60947']"
IS 13703 (Part 2):1993,Low Voltage Fuses for Substantially Skilled Persons (HRC Fuses),,Electrical,Switchgear,High rupturing capacity (HRC) fuse-links and fuse-bases for short-circuit protection of industrial feeder panels.,"['low', 'voltage', 'fuses', 'for', 'substantially', 'skilled', 'persons', 'hrc', 'fuses', 'switchgear']","{'breaking_capacity': '80 kA at 415 V', 'rated_current': '2 A to 1250 A'}",['IS 13947'],True,2023-01-01,Revision 1993,1993-06-15,"[{'amendment_number': 'Amd 1', 'date': '1993-06-15', 'description': 'Updated performance and compliance parameters'}]",Indian Standard IS 13703 (Part 2):1993: Technical specifications and requirements for procurement.,ISO/IEC Harmonized,1.2,Bureau of Indian Standards Official Gazette,Electrotechnical,Power & Energy,High rupturing capacity (HRC) fuse-links and fuse-bases for short-circuit protection of industrial feeder panels.,1993,Active,Bureau of Indian Standards,True,['IS 13947']
IS 14697:1999,"AC Static Transformer Operated Watthour and VAR-Hour Meters, Class 0.2S and 0.5S",,Electrical,Energy Meters,"High accuracy class 0.2S and 0.5S electronic electricity meters for grid substations, bulk consumers and HT industrial metering.","['static', 'transformer', 'operated', 'watthour', 'and', 'var', 'hour', 'meters', 'class', 'and']","{'accuracy_class': 'Class 0.2S, Class 0.5S', 'secondary_current': '1 A or 5 A'}",['IS 13779:1999'],True,2023-01-01,Revision 1999,1999-06-15,"[{'amendment_number': 'Amd 1', 'date': '1999-06-15', 'description': 'Updated performance and compliance parameters'}]",Indian Standard IS 14697:1999: Technical specifications and requirements for procurement.,ISO/IEC Harmonized,1.2,Bureau of Indian Standards Official Gazette,Electrotechnical,Power & Energy,"High accuracy class 0.2S and 0.5S electronic electricity meters for grid substations, bulk consumers and HT industrial metering.",1999,Active,Bureau of Indian Standards,True,['IS 13779:1999']
IS 15884:2010,Alternating Current Direct Connected Static Prepayment Meters for Active Energy,,Electrical,Energy Meters,Keypad and smart card operated electronic prepayment watthour meters with automatic disconnection upon credit exhaustion.,"['alternating', 'current', 'direct', 'connected', 'static', 'prepayment', 'meters', 'for', 'active', 'energy']","{'accuracy_class': 'Class 1.0, 2.0', 'tariff_rates': 'Time of Day (TOD)'}",['IS 13779:1999'],True,2023-01-01,Revision 2010,2010-06-15,"[{'amendment_number': 'Amd 1', 'date': '2010-06-15', 'description': 'Updated performance and compliance parameters'}]",Indian Standard IS 15884:2010: Technical specifications and requirements for procurement.,ISO/IEC Harmonized,1.2,Bureau of Indian Standards Official Gazette,Electrotechnical,Power & Energy,Keypad and smart card operated electronic prepayment watthour meters with automatic disconnection upon credit exhaustion.,2010,Active,Bureau of Indian Standards,True,['IS 13779:1999']
IS 1651:2013,Stationary Lead-Acid Cells and Batteries with Tubular Positive Plates,,Electrical,Batteries,"Flooded tubular plate lead-acid stationary batteries for telecom exchanges, solar power plants and power station back-up.","['stationary', 'lead', 'acid', 'cells', 'and', 'batteries', 'with', 'tubular', 'positive', 'plates']","{'capacity_range': '20 Ah to 5000 Ah', 'design_life': '10 to 15 years'}","['IS 13369', 'IS 15549']",True,2023-01-01,Revision 2013,2013-06-15,"[{'amendment_number': 'Amd 1', 'date': '2013-06-15', 'description': 'Updated performance and compliance parameters'}]",Indian Standard IS 1651:2013: Technical specifications and requirements for procurement.,ISO/IEC Harmonized,1.2,Bureau of Indian Standards Official Gazette,Electrotechnical,Power & Energy,"Flooded tubular plate lead-acid stationary batteries for telecom exchanges, solar power plants and power station back-up.",2013,Active,Bureau of Indian Standards,True,"['IS 13369', 'IS 15549']"
IS 13369:1992,Stationary Lead-Acid Batteries with Valve Regulated Type (VRLA),,Electrical,Batteries,Maintenance-free sealed valve regulated lead-acid (VRLA / AGM) batteries for UPS systems and cellular base stations.,"['stationary', 'lead', 'acid', 'batteries', 'with', 'valve', 'regulated', 'type', 'vrla', 'batteries']","{'float_voltage': '2.25 V per cell', 'recombination_efficiency': '> 95%'}","['IS 1651:2013', 'IS 16046']",True,2023-01-01,Revision 1992,1992-06-15,"[{'amendment_number': 'Amd 1', 'date': '1992-06-15', 'description': 'Updated performance and compliance parameters'}]",Indian Standard IS 13369:1992: Technical specifications and requirements for procurement.,ISO/IEC Harmonized,1.2,Bureau of Indian Standards Official Gazette,Electrotechnical,Power & Energy,Maintenance-free sealed valve regulated lead-acid (VRLA / AGM) batteries for UPS systems and cellular base stations.,1992,Active,Bureau of Indian Standards,True,"['IS 1651:2013', 'IS 16046']"
IS 15549:2005,Stationary Valve Regulated Lead Acid Batteries - Specification,,Electrical,Batteries,"High-capacity VRLA batteries for telecom towers, railway signalling, solar photovoltaic and power grid applications.","['stationary', 'valve', 'regulated', 'lead', 'acid', 'batteries', 'specification', 'batteries', 'high', 'capacity']","{'self_discharge': '< 3% per month', 'flame_arrestor': 'Integrated'}",['IS 13369'],True,2023-01-01,Revision 2005,2005-06-15,"[{'amendment_number': 'Amd 1', 'date': '2005-06-15', 'description': 'Updated performance and compliance parameters'}]",Indian Standard IS 15549:2005: Technical specifications and requirements for procurement.,ISO/IEC Harmonized,1.2,Bureau of Indian Standards Official Gazette,Electrotechnical,Power & Energy,"High-capacity VRLA batteries for telecom towers, railway signalling, solar photovoltaic and power grid applications.",2005,Active,Bureau of Indian Standards,True,['IS 13369']
IS 16104:2012,Electronic Controlgear for LED Modules - Performance Requirements,,Electrical,Lighting,Electronic drivers (controlgear) providing constant current or voltage output for indoor and outdoor LED lighting luminaires.,"['electronic', 'controlgear', 'for', 'led', 'modules', 'performance', 'requirements', 'lighting', 'electronic', 'drivers']","{'power_factor': '> 0.90', 'thd_max': '< 10%', 'efficiency': '> 85%'}","['IS 15885', 'IS 16103']",True,2023-01-01,Revision 2012,2012-06-15,"[{'amendment_number': 'Amd 1', 'date': '2012-06-15', 'description': 'Updated performance and compliance parameters'}]",Indian Standard IS 16104:2012: Technical specifications and requirements for procurement.,ISO/IEC Harmonized,1.2,Bureau of Indian Standards Official Gazette,Electrotechnical,Power & Energy,Electronic drivers (controlgear) providing constant current or voltage output for indoor and outdoor LED lighting luminaires.,2012,Active,Bureau of Indian Standards,True,"['IS 15885', 'IS 16103']"
IS 325:1996,Three-Phase Induction Motors - Specification,,Electrical,Rotating Machines,"General purpose three-phase squirrel cage and slip-ring induction motors for industrial drives, fans, blowers and machinery.","['three', 'phase', 'induction', 'motors', 'specification', 'rotating', 'machines', 'general', 'purpose', 'three']","{'rated_voltage': '415 V', 'frequency': '50 Hz', 'insulation_class': 'Class F'}","['IS 12615:2018', 'IS 4029']",True,2023-01-01,Revision 1996,1996-06-15,"[{'amendment_number': 'Amd 1', 'date': '1996-06-15', 'description': 'Updated performance and compliance parameters'}]",Indian Standard IS 325:1996: Technical specifications and requirements for procurement.,ISO/IEC Harmonized,1.2,Bureau of Indian Standards Official Gazette,Electrotechnical,Power & Energy,"General purpose three-phase squirrel cage and slip-ring induction motors for industrial drives, fans, blowers and machinery.",1996,Active,Bureau of Indian Standards,True,"['IS 12615:2018', 'IS 4029']"
IS 996:2009,Single-Phase AC Induction Motors for General Purpose - Specification,,Electrical,Rotating Machines,"Capacitor start, capacitor run single-phase fractional horsepower induction motors for domestic appliances, coolers and flour mills.","['single', 'phase', 'induction', 'motors', 'for', 'general', 'purpose', 'specification', 'rotating', 'machines']","{'voltage': '230 V', 'power_range': '0.12 kW to 2.2 kW'}",['IS 325:1996'],True,2023-01-01,Revision 2009,2009-06-15,"[{'amendment_number': 'Amd 1', 'date': '2009-06-15', 'description': 'Updated performance and compliance parameters'}]",Indian Standard IS 996:2009: Technical specifications and requirements for procurement.,ISO/IEC Harmonized,1.2,Bureau of Indian Standards Official Gazette,Electrotechnical,Power & Energy,"Capacitor start, capacitor run single-phase fractional horsepower induction motors for domestic appliances, coolers and flour mills.",2009,Active,Bureau of Indian Standards,True,['IS 325:1996']
IS 4029:2010,Guide for Testing Three-Phase Induction Motors,,Electrical,Rotating Machines,"Standard test methods for measuring no-load current, locked rotor torque, temperature rise and efficiency in AC motors.","['guide', 'for', 'testing', 'three', 'phase', 'induction', 'motors', 'rotating', 'machines', 'standard']","{'test_methods': 'Dynamometer, Summation of losses'}","['IS 325:1996', 'IS 12615:2018']",False,,Revision 2010,2010-06-15,"[{'amendment_number': 'Amd 1', 'date': '2010-06-15', 'description': 'Updated performance and compliance parameters'}]",Indian Standard IS 4029:2010: Technical specifications and requirements for procurement.,ISO/IEC Harmonized,1.0,Bureau of Indian Standards Official Gazette,Electrotechnical,Power & Energy,"Standard test methods for measuring no-load current, locked rotor torque, temperature rise and efficiency in AC motors.",2010,Active,Bureau of Indian Standards,False,"['IS 325:1996', 'IS 12615:2018']"
IS 3070 (Part 3):1993,Lightning Arresters for Alternating Current Systems - Metal-Oxide Surge Arresters without Gaps,,Electrical,Protection Systems,Gapless zinc oxide (ZnO) surge arresters for protection of high voltage substation transformers and switchyards.,"['lightning', 'arresters', 'for', 'alternating', 'current', 'systems', 'metal', 'oxide', 'surge', 'arresters']","{'nominal_discharge_current': '10 kA', 'voltage_ratings': '11 kV to 400 kV'}",['IS 2026'],False,,Revision 1993,1993-06-15,"[{'amendment_number': 'Amd 1', 'date': '1993-06-15', 'description': 'Updated performance and compliance parameters'}]",Indian Standard IS 3070 (Part 3):1993: Technical specifications and requirements for procurement.,ISO/IEC Harmonized,1.0,Bureau of Indian Standards Official Gazette,Electrotechnical,Power & Energy,Gapless zinc oxide (ZnO) surge arresters for protection of high voltage substation transformers and switchyards.,1993,Active,Bureau of Indian Standards,False,['IS 2026']
IS 2705 (Part 1):1992,Current Transformers - General Requirements,,Electrical,Instrument Transformers,Specifications for protective and measuring current transformers (CT) for electric power metering and relay protection.,"['current', 'transformers', 'general', 'requirements', 'instrument', 'transformers', 'specifications', 'for', 'protective', 'and']","{'secondary_current': '1 A or 5 A', 'accuracy_classes': '0.2, 0.5, 5P10, 5P20'}","['IS 14697', 'IS 2026']",False,,Revision 1992,1992-06-15,"[{'amendment_number': 'Amd 1', 'date': '1992-06-15', 'description': 'Updated performance and compliance parameters'}]",Indian Standard IS 2705 (Part 1):1992: Technical specifications and requirements for procurement.,ISO/IEC Harmonized,1.0,Bureau of Indian Standards Official Gazette,Electrotechnical,Power & Energy,Specifications for protective and measuring current transformers (CT) for electric power metering and relay protection.,1992,Active,Bureau of Indian Standards,False,"['IS 14697', 'IS 2026']"
IS 3156 (Part 1):1992,Voltage Transformers - General Requirements,,Electrical,Instrument Transformers,"Potential transformers (PT) for high voltage electrical measurement, synchronization and relay protection in power grids.","['voltage', 'transformers', 'general', 'requirements', 'instrument', 'transformers', 'potential', 'transformers', 'for', 'high']","{'secondary_voltage': '110 V', 'accuracy_classes': '0.2, 0.5, 3P'}",['IS 2705'],False,,Revision 1992,1992-06-15,"[{'amendment_number': 'Amd 1', 'date': '1992-06-15', 'description': 'Updated performance and compliance parameters'}]",Indian Standard IS 3156 (Part 1):1992: Technical specifications and requirements for procurement.,ISO/IEC Harmonized,1.0,Bureau of Indian Standards Official Gazette,Electrotechnical,Power & Energy,"Potential transformers (PT) for high voltage electrical measurement, synchronization and relay protection in power grids.",1992,Active,Bureau of Indian Standards,False,['IS 2705']
IS 2544:1973,Porcelain Post Insulators for Systems with Nominal Voltages Greater than 1000 V,,Electrical,Insulators,Solid core and pedestal porcelain post insulators for outdoor substation busbar supports and isolators.,"['porcelain', 'post', 'insulators', 'for', 'systems', 'with', 'nominal', 'voltages', 'greater', 'than']","{'voltage_classes': '11 kV to 400 kV', 'cantilever_strength': '4 to 12 kN'}",['IS 731:1971'],False,,Revision 1973,1973-06-15,"[{'amendment_number': 'Amd 1', 'date': '1973-06-15', 'description': 'Updated performance and compliance parameters'}]",Indian Standard IS 2544:1973: Technical specifications and requirements for procurement.,ISO/IEC Harmonized,1.0,Bureau of Indian Standards Official Gazette,Electrotechnical,Power & Energy,Solid core and pedestal porcelain post insulators for outdoor substation busbar supports and isolators.,1973,Active,Bureau of Indian Standards,False,['IS 731:1971']
IS 16333 (Part 3):2022,Mobile Phones - Indian Language Support - Requirements,,Electronics,Telecommunications,Mandatory requirements for Indian language text input and font readability in mobile handsets sold in India.,"['mobile', 'phones', 'indian', 'language', 'support', 'requirements', 'telecommunications', 'mandatory', 'requirements', 'for']","{'languages_supported': '22 scheduled languages', 'input_method': 'Inscript / Transliteration'}",['IS 13252'],True,2023-01-01,Revision 2022,2022-06-15,"[{'amendment_number': 'Amd 1', 'date': '2022-06-15', 'description': 'Updated performance and compliance parameters'}]",Indian Standard IS 16333 (Part 3):2022: Technical specifications and requirements for procurement.,ISO/IEC Harmonized,1.2,Bureau of Indian Standards Official Gazette,Electronics & Information Technology,Consumer Electronics & IT,Mandatory requirements for Indian language text input and font readability in mobile handsets sold in India.,2022,Active,Bureau of Indian Standards,True,['IS 13252']
IS 16047:2018,Coin/Button Cell Batteries - Safety Requirements,,Electronics,Batteries,"Safety requirements and child-resistant packaging for lithium and alkaline coin/button cells used in remotes, toys and IoT nodes.","['coin', 'button', 'cell', 'batteries', 'safety', 'requirements', 'batteries', 'safety', 'requirements', 'and']","{'safety_packaging': 'Child resistant', 'ingestion_warning': 'Compulsory'}",['IS 16046'],True,2023-01-01,Revision 2018,2018-06-15,"[{'amendment_number': 'Amd 1', 'date': '2018-06-15', 'description': 'Updated performance and compliance parameters'}]",Indian Standard IS 16047:2018: Technical specifications and requirements for procurement.,ISO/IEC Harmonized,1.2,Bureau of Indian Standards Official Gazette,Electronics & Information Technology,Consumer Electronics & IT,"Safety requirements and child-resistant packaging for lithium and alkaline coin/button cells used in remotes, toys and IoT nodes.",2018,Active,Bureau of Indian Standards,True,['IS 16046']
IS 16169:2014,Test Procedure of Islanding Prevention Measures for Utility-Interconnected Photovoltaic Inverters,,Electronics,Solar Photovoltaic,Test protocol evaluating automatic disconnection of grid-tied solar inverters when utility grid power fails.,"['test', 'procedure', 'islanding', 'prevention', 'measures', 'for', 'utility', 'interconnected', 'photovoltaic', 'inverters']","{'runaway_trip_time': '< 2.0 seconds', 'reactive_load_sweep': 'Q = 1 to 2.5'}",['IS 16221'],True,2023-01-01,Revision 2014,2014-06-15,"[{'amendment_number': 'Amd 1', 'date': '2014-06-15', 'description': 'Updated performance and compliance parameters'}]",Indian Standard IS 16169:2014: Technical specifications and requirements for procurement.,ISO/IEC Harmonized,1.2,Bureau of Indian Standards Official Gazette,Electronics & Information Technology,Consumer Electronics & IT,Test protocol evaluating automatic disconnection of grid-tied solar inverters when utility grid power fails.,2014,Active,Bureau of Indian Standards,True,['IS 16221']
IS 16345:2019,Biometric Devices for Aadhaar and Access Control Applications,,Electronics,Security Systems,"Image quality, optical distortion, and spoof detection requirements for optical fingerprint scanners and iris recognition cameras.","['biometric', 'devices', 'for', 'aadhaar', 'and', 'access', 'control', 'applications', 'security', 'systems']","{'optical_resolution': '500 dpi min', 'fbi_piv_certified': 'Yes', 'liveness_detection': 'Level 1'}",['IS 13252'],True,2023-01-01,Revision 2019,2019-06-15,"[{'amendment_number': 'Amd 1', 'date': '2019-06-15', 'description': 'Updated performance and compliance parameters'}]",Indian Standard IS 16345:2019: Technical specifications and requirements for procurement.,ISO/IEC Harmonized,1.2,Bureau of Indian Standards Official Gazette,Electronics & Information Technology,Consumer Electronics & IT,"Image quality, optical distortion, and spoof detection requirements for optical fingerprint scanners and iris recognition cameras.",2019,Active,Bureau of Indian Standards,True,['IS 13252']
IS/IEC 60079 (Part 0):2017,Explosive Atmospheres - Equipment - General Requirements,,Electronics,Industrial Electronics,"General construction and testing of flameproof (Ex d), increased safety (Ex e) and intrinsically safe (Ex i) electrical apparatus.","['explosive', 'atmospheres', 'equipment', 'general', 'requirements', 'industrial', 'electronics', 'general', 'construction', 'and']","{'hazardous_zone': 'Zone 0, Zone 1, Zone 2', 'gas_groups': 'IIA, IIB, IIC'}",['IS 13252'],True,2023-01-01,Revision 2017,2017-06-15,"[{'amendment_number': 'Amd 1', 'date': '2017-06-15', 'description': 'Updated performance and compliance parameters'}]",Indian Standard IS/IEC 60079 (Part 0):2017: Technical specifications and requirements for procurement.,ISO/IEC Harmonized,1.2,Bureau of Indian Standards Official Gazette,Electronics & Information Technology,Consumer Electronics & IT,"General construction and testing of flameproof (Ex d), increased safety (Ex e) and intrinsically safe (Ex i) electrical apparatus.",2017,Active,Bureau of Indian Standards,True,['IS 13252']
IS 1364 (Part 2):2018,"Hexagon Head Bolts, Screws and Nuts of Product Grades A and B - Hexagon Head Screws",,Mechanical,Fasteners,"Fully threaded hexagon head screws of metric thread for flange connections, engine blocks and pump assemblies.","['hexagon', 'head', 'bolts', 'screws', 'and', 'nuts', 'product', 'grades', 'and', 'hexagon']","{'property_classes': '8.8, 10.9', 'thread_tolerance': '6g'}","['IS 1367', 'IS 1364 (Part 1)']",True,2024-01-21,Revision 2018,2018-06-15,"[{'amendment_number': 'Amd 1', 'date': '2018-06-15', 'description': 'Updated performance and compliance parameters'}]",Indian Standard IS 1364 (Part 2):2018: Technical specifications and requirements for procurement.,ISO/IEC Harmonized,1.2,Bureau of Indian Standards Official Gazette,Production & General Engineering,Mechanical Fasteners & Tools,"Fully threaded hexagon head screws of metric thread for flange connections, engine blocks and pump assemblies.",2018,Active,Bureau of Indian Standards,True,"['IS 1367', 'IS 1364 (Part 1)']"
IS 204 (Part 1):1991,Tower Bolts - Ferrous Metals - Specification,,Mechanical,Hardware,"Requirements for steel barrel tower bolts, semi-barrel tower bolts and flush tower bolts for wooden and metallic doors.","['tower', 'bolts', 'ferrous', 'metals', 'specification', 'hardware', 'requirements', 'for', 'steel', 'barrel']","{'materials': 'Mild steel, cold rolled', 'sizes': '50 to 300 mm'}",['IS 2062'],False,,Revision 1991,1991-06-15,"[{'amendment_number': 'Amd 1', 'date': '1991-06-15', 'description': 'Updated performance and compliance parameters'}]",Indian Standard IS 204 (Part 1):1991: Technical specifications and requirements for procurement.,ISO/IEC Harmonized,1.0,Bureau of Indian Standards Official Gazette,Production & General Engineering,Mechanical Fasteners & Tools,"Requirements for steel barrel tower bolts, semi-barrel tower bolts and flush tower bolts for wooden and metallic doors.",1991,Active,Bureau of Indian Standards,False,['IS 2062']
IS 205:1992,Non-Ferrous Metal Butt Hinges - Specification,,Mechanical,Hardware,"Specifies cast and extruded brass butt hinges for cabinet shutters, room doors and heavy main entrance doors.","['non', 'ferrous', 'metal', 'butt', 'hinges', 'specification', 'hardware', 'specifies', 'cast', 'and']","{'pin_material': 'Stainless steel / Phosphor bronze', 'endurance': '20,000 swings'}",['IS 319'],False,,Revision 1992,1992-06-15,"[{'amendment_number': 'Amd 1', 'date': '1992-06-15', 'description': 'Updated performance and compliance parameters'}]",Indian Standard IS 205:1992: Technical specifications and requirements for procurement.,ISO/IEC Harmonized,1.0,Bureau of Indian Standards Official Gazette,Production & General Engineering,Mechanical Fasteners & Tools,"Specifies cast and extruded brass butt hinges for cabinet shutters, room doors and heavy main entrance doors.",1992,Active,Bureau of Indian Standards,False,['IS 319']
IS 3564:1995,Door Closers (Hydraulically Regulated) - Specification,,Mechanical,Hardware,Hydraulic overhead door closers with adjustable closing and latching speeds for fire doors and air-conditioned commercial offices.,"['door', 'closers', 'hydraulically', 'regulated', 'specification', 'hardware', 'hydraulic', 'overhead', 'door', 'closers']","{'operating_cycles': '100,000 cycles', 'sizes': 'Size 1 to Size 6 for door mass 20 to 120 kg'}",['IS 2062'],False,,Revision 1995,1995-06-15,"[{'amendment_number': 'Amd 1', 'date': '1995-06-15', 'description': 'Updated performance and compliance parameters'}]",Indian Standard IS 3564:1995: Technical specifications and requirements for procurement.,ISO/IEC Harmonized,1.0,Bureau of Indian Standards Official Gazette,Production & General Engineering,Mechanical Fasteners & Tools,Hydraulic overhead door closers with adjustable closing and latching speeds for fire doors and air-conditioned commercial offices.,1995,Active,Bureau of Indian Standards,False,['IS 2062']
IS 13095:1991,Butterfly Valves for General Purposes - Specification,,Mechanical,Valves,"Cast iron, cast steel and ductile iron resilient seated butterfly valves for water circulation, HVAC chilled water and treatment plants.","['butterfly', 'valves', 'for', 'general', 'purposes', 'specification', 'valves', 'cast', 'iron', 'cast']","{'sizes': '50 to 2000 mm', 'pressure_rating': 'PN 6, PN 10, PN 16', 'seat_leakage': 'Zero leakage at test pressure'}","['IS 210', 'IS 1538']",False,,Revision 1991,1991-06-15,"[{'amendment_number': 'Amd 1', 'date': '1991-06-15', 'description': 'Updated performance and compliance parameters'}]",Indian Standard IS 13095:1991: Technical specifications and requirements for procurement.,ISO/IEC Harmonized,1.0,Bureau of Indian Standards Official Gazette,Mechanical Engineering,Industrial Machinery & Appliances,"Cast iron, cast steel and ductile iron resilient seated butterfly valves for water circulation, HVAC chilled water and treatment plants.",1991,Active,Bureau of Indian Standards,False,"['IS 210', 'IS 1538']"
IS 5312 (Part 1):1984,Swing Check Type Reflex (Non-Return) Valves for Water Works Purposes - Single Door Pattern,,Mechanical,Valves,Cast iron single door swing check reflux valves for preventing backflow in pumping mains and municipal water supply lines.,"['swing', 'check', 'type', 'reflex', 'non', 'return', 'valves', 'for', 'water', 'works']","{'sizes': '50 to 600 mm', 'body_test': '1.5 times rating'}","['IS 210', 'IS 14846']",False,,Revision 1984,1984-06-15,"[{'amendment_number': 'Amd 1', 'date': '1984-06-15', 'description': 'Updated performance and compliance parameters'}]",Indian Standard IS 5312 (Part 1):1984: Technical specifications and requirements for procurement.,ISO/IEC Harmonized,1.0,Bureau of Indian Standards Official Gazette,Mechanical Engineering,Industrial Machinery & Appliances,Cast iron single door swing check reflux valves for preventing backflow in pumping mains and municipal water supply lines.,1984,Active,Bureau of Indian Standards,False,"['IS 210', 'IS 14846']"
IS 6595 (Part 1):1993,"Horizontal Centrifugal Pumps for Clear, Cold Water - Agricultural and Domestic Use",,Mechanical,Pumps,"Bare shaft and coupled horizontal centrifugal water pumps for canal lift irrigation, water works and dewatering operations.","['horizontal', 'centrifugal', 'pumps', 'for', 'clear', 'cold', 'water', 'agricultural', 'and', 'domestic']","{'discharge': 'up to 200 L/s', 'efficiency_min': '60% to 80%'}","['IS 9079', 'IS 325']",True,2023-01-01,Revision 1993,1993-06-15,"[{'amendment_number': 'Amd 1', 'date': '1993-06-15', 'description': 'Updated performance and compliance parameters'}]",Indian Standard IS 6595 (Part 1):1993: Technical specifications and requirements for procurement.,ISO/IEC Harmonized,1.2,Bureau of Indian Standards Official Gazette,Mechanical Engineering,Industrial Machinery & Appliances,"Bare shaft and coupled horizontal centrifugal water pumps for canal lift irrigation, water works and dewatering operations.",1993,Active,Bureau of Indian Standards,True,"['IS 9079', 'IS 325']"
IS 5456:2006,Positive Displacement Air Compressors and Exhausters - Code of Practice for Testing,,Mechanical,Machinery,"Standard test code for measuring free air delivery (FAD), shaft power and specific power consumption of industrial air compressors.","['positive', 'displacement', 'air', 'compressors', 'and', 'exhausters', 'code', 'practice', 'for', 'testing']","{'measurement_method': 'Nozzle method / Orifice', 'tolerances': '± 3% on FAD'}",['IS 325'],False,,Revision 2006,2006-06-15,"[{'amendment_number': 'Amd 1', 'date': '2006-06-15', 'description': 'Updated performance and compliance parameters'}]",Indian Standard IS 5456:2006: Technical specifications and requirements for procurement.,ISO/IEC Harmonized,1.0,Bureau of Indian Standards Official Gazette,Mechanical Engineering,Industrial Machinery & Appliances,"Standard test code for measuring free air delivery (FAD), shaft power and specific power consumption of industrial air compressors.",2006,Active,Bureau of Indian Standards,False,['IS 325']
IS 1476 (Part 1):2000,Domestic Refrigerators with Integral Frozen Food Compartment - Specification,,Mechanical,Domestic Appliances,"Performance, energy consumption (BEE star ratings), storage temperatures and electrical safety for frost-free and direct cool refrigerators.","['domestic', 'refrigerators', 'with', 'integral', 'frozen', 'food', 'compartment', 'specification', 'domestic', 'appliances']","{'storage_temp_refrigerator': '0 to +4 °C', 'storage_temp_freezer': '-18 °C max', 'refrigerant': 'R600a Isobutane'}",['IS 302'],True,2023-01-01,Revision 2000,2000-06-15,"[{'amendment_number': 'Amd 1', 'date': '2000-06-15', 'description': 'Updated performance and compliance parameters'}]",Indian Standard IS 1476 (Part 1):2000: Technical specifications and requirements for procurement.,ISO/IEC Harmonized,1.2,Bureau of Indian Standards Official Gazette,Mechanical Engineering,Industrial Machinery & Appliances,"Performance, energy consumption (BEE star ratings), storage temperatures and electrical safety for frost-free and direct cool refrigerators.",2000,Active,Bureau of Indian Standards,True,['IS 302']
IS 368:2014,Electric Immersion Water Heaters - Specification,,Mechanical,Domestic Appliances,Portable heating immersion rods with nickel-plated brass or copper tube sheaths for heating bucket water.,"['electric', 'immersion', 'water', 'heaters', 'specification', 'domestic', 'appliances', 'portable', 'heating', 'immersion']","{'power_rating': '1000 W to 2000 W', 'safety_thermal_fuse': 'Fitted', 'insulation_resistance': '5 MOhm min'}",['IS 302'],True,2023-01-01,Revision 2014,2014-06-15,"[{'amendment_number': 'Amd 1', 'date': '2014-06-15', 'description': 'Updated performance and compliance parameters'}]",Indian Standard IS 368:2014: Technical specifications and requirements for procurement.,ISO/IEC Harmonized,1.2,Bureau of Indian Standards Official Gazette,Mechanical Engineering,Industrial Machinery & Appliances,Portable heating immersion rods with nickel-plated brass or copper tube sheaths for heating bucket water.,2014,Active,Bureau of Indian Standards,True,['IS 302']
IS 1536:2001,"Centrifugally Cast Iron Pressure Pipes for Water, Gas and Sewage - Specification",,Piping,Metallic Pipes,Centrifugally cast grey iron spigot and socket pipes for municipal water transmission lines and gravity sewerage mains.,"['centrifugally', 'cast', 'iron', 'pressure', 'pipes', 'for', 'water', 'gas', 'and', 'sewage']","{'classes': 'Class LA, Class A, Class B', 'tensile_strength': '200 MPa min'}","['IS 1538', 'IS 210']",False,,Revision 2001,2001-06-15,"[{'amendment_number': 'Amd 1', 'date': '2001-06-15', 'description': 'Updated performance and compliance parameters'}]",Indian Standard IS 1536:2001: Technical specifications and requirements for procurement.,ISO/IEC Harmonized,1.0,Bureau of Indian Standards Official Gazette,Civil Engineering,Water Supply & Sewerage,Centrifugally cast grey iron spigot and socket pipes for municipal water transmission lines and gravity sewerage mains.,2001,Active,Bureau of Indian Standards,False,"['IS 1538', 'IS 210']"
IS 774:2004,Flushing Cisterns for Water Closets and Urinals (Other than Plastic Cisterns) - Specification,,Piping,Sanitary Ware,Vitreous china and enamelled cast iron dual flush and single flush cisterns for sanitary toilet installations.,"['flushing', 'cisterns', 'for', 'water', 'closets', 'and', 'urinals', 'other', 'than', 'plastic']","{'flush_volume': '10 L or dual 3/6 L', 'discharge_rate': '10 L within 6 seconds'}",['IS 2556'],True,2023-09-01,Revision 2004,2004-06-15,"[{'amendment_number': 'Amd 1', 'date': '2004-06-15', 'description': 'Updated performance and compliance parameters'}]",Indian Standard IS 774:2004: Technical specifications and requirements for procurement.,ISO/IEC Harmonized,1.2,Bureau of Indian Standards Official Gazette,Civil Engineering,Water Supply & Sewerage,Vitreous china and enamelled cast iron dual flush and single flush cisterns for sanitary toilet installations.,2004,Active,Bureau of Indian Standards,True,['IS 2556']
IS 1703:2000,Copper Alloy Float Valves (Horizontal Plunger Type) for Water Supply - Specification,,Piping,Sanitary Fittings,Brass and gunmetal horizontal ball valves (float valves) with brass/plastic floats for water storage overhead tanks.,"['copper', 'alloy', 'float', 'valves', 'horizontal', 'plunger', 'type', 'for', 'water', 'supply']","{'sizes': '15, 20, 25, 32, 40, 50 mm', 'shut_off_pressure': '1.0 MPa max'}",['IS 778'],False,,Revision 2000,2000-06-15,"[{'amendment_number': 'Amd 1', 'date': '2000-06-15', 'description': 'Updated performance and compliance parameters'}]",Indian Standard IS 1703:2000: Technical specifications and requirements for procurement.,ISO/IEC Harmonized,1.0,Bureau of Indian Standards Official Gazette,Civil Engineering,Water Supply & Sewerage,Brass and gunmetal horizontal ball valves (float valves) with brass/plastic floats for water storage overhead tanks.,2000,Active,Bureau of Indian Standards,False,['IS 778']
IS 2180:1988,Heavy Duty Burnt Clay Building Bricks - Specification,,Construction,Masonry Units,"High strength machine moulded burnt clay bricks for multi-storey load bearing pillars, foundations and bridge piers.","['heavy', 'duty', 'burnt', 'clay', 'building', 'bricks', 'specification', 'masonry', 'units', 'high']","{'compressive_strength': '40 to 45 MPa', 'water_absorption_max': '10%'}","['IS 3495', 'IS 1077']",False,,Revision 1988,1988-06-15,"[{'amendment_number': 'Amd 1', 'date': '1988-06-15', 'description': 'Updated performance and compliance parameters'}]",Indian Standard IS 2180:1988: Technical specifications and requirements for procurement.,ISO/IEC Harmonized,1.0,Bureau of Indian Standards Official Gazette,Civil Engineering,Construction & Infrastructure,"High strength machine moulded burnt clay bricks for multi-storey load bearing pillars, foundations and bridge piers.",1988,Active,Bureau of Indian Standards,False,"['IS 3495', 'IS 1077']"
IS 13630 (Part 1):2019,Ceramic Tiles - Methods of Test - Sampling and Basis for Acceptance,,Construction,Flooring & Tiles,"Standard sampling procedures, inspection lots and acceptance criteria for ceramic, vitrified and porcelain wall/floor tiles.","['ceramic', 'tiles', 'methods', 'test', 'sampling', 'and', 'basis', 'for', 'acceptance', 'flooring']","{'sampling_plans': 'ISO 2859 based', 'batch_testing': 'Per 5000 m2'}",['IS 15622:2017'],True,2023-09-01,Revision 2019,2019-06-15,"[{'amendment_number': 'Amd 1', 'date': '2019-06-15', 'description': 'Updated performance and compliance parameters'}]",Indian Standard IS 13630 (Part 1):2019: Technical specifications and requirements for procurement.,ISO/IEC Harmonized,1.2,Bureau of Indian Standards Official Gazette,Civil Engineering,Construction & Infrastructure,"Standard sampling procedures, inspection lots and acceptance criteria for ceramic, vitrified and porcelain wall/floor tiles.",2019,Active,Bureau of Indian Standards,True,['IS 15622:2017']
IS 1659:2004,Blockboards - Specification,,Construction,Wood & Timber Products,"Solid core blockboards manufactured from wooden battens sandwiched between commercial face veneers for furniture, partitions and doors.","['blockboards', 'specification', 'wood', 'timber', 'products', 'solid', 'core', 'blockboards', 'manufactured', 'from']","{'grades': 'Interior (MR), Exterior (BWR)', 'glue_shear_strength': '1000 N min'}","['IS 303:1989', 'IS 1734']",True,2024-02-28,Revision 2004,2004-06-15,"[{'amendment_number': 'Amd 1', 'date': '2004-06-15', 'description': 'Updated performance and compliance parameters'}]",Indian Standard IS 1659:2004: Technical specifications and requirements for procurement.,ISO/IEC Harmonized,1.2,Bureau of Indian Standards Official Gazette,Civil Engineering,Construction & Infrastructure,"Solid core blockboards manufactured from wooden battens sandwiched between commercial face veneers for furniture, partitions and doors.",2004,Active,Bureau of Indian Standards,True,"['IS 303:1989', 'IS 1734']"
IS 1328:1996,Veneered Decorative Plywood - Specification,,Construction,Wood & Timber Products,"Decorative plywood with natural wood veneers (teak, rosewood, walnut) or synthetic decorative finishes for interior woodwork.","['veneered', 'decorative', 'plywood', 'specification', 'wood', 'timber', 'products', 'decorative', 'plywood', 'with']","{'face_veneer_thickness': '0.5 mm min', 'glue_adhesion': 'Pass knife test'}","['IS 303:1989', 'IS 1734']",True,2024-02-28,Revision 1996,1996-06-15,"[{'amendment_number': 'Amd 1', 'date': '1996-06-15', 'description': 'Updated performance and compliance parameters'}]",Indian Standard IS 1328:1996: Technical specifications and requirements for procurement.,ISO/IEC Harmonized,1.2,Bureau of Indian Standards Official Gazette,Civil Engineering,Construction & Infrastructure,"Decorative plywood with natural wood veneers (teak, rosewood, walnut) or synthetic decorative finishes for interior woodwork.",1996,Active,Bureau of Indian Standards,True,"['IS 303:1989', 'IS 1734']"
IS 12406:2003,Medium Density Fibreboards (MDF) for General Purpose - Specification,,Construction,Wood & Timber Products,Dry process medium density fibreboards (MDF) manufactured from lignocellulosic wood fibres for modular furniture and paneling.,"['medium', 'density', 'fibreboards', 'mdf', 'for', 'general', 'purpose', 'specification', 'wood', 'timber']","{'density': '650 to 900 kg/m3', 'internal_bond_strength': '0.65 N/mm2'}",['IS 14587'],True,2024-02-28,Revision 2003,2003-06-15,"[{'amendment_number': 'Amd 1', 'date': '2003-06-15', 'description': 'Updated performance and compliance parameters'}]",Indian Standard IS 12406:2003: Technical specifications and requirements for procurement.,ISO/IEC Harmonized,1.2,Bureau of Indian Standards Official Gazette,Civil Engineering,Construction & Infrastructure,Dry process medium density fibreboards (MDF) manufactured from lignocellulosic wood fibres for modular furniture and paneling.,2003,Active,Bureau of Indian Standards,True,['IS 14587']
IS 14587:1998,Prelaminated Medium Density Fibreboard - Specification,,Construction,Wood & Timber Products,"Melamine faced decorative prelaminated MDF boards used for office desks, modular kitchens and wall claddings.","['prelaminated', 'medium', 'density', 'fibreboard', 'specification', 'wood', 'timber', 'products', 'melamine', 'faced']","{'abrasion_resistance': '350 revolutions min', 'steam_resistance': 'No blistering'}",['IS 12406:2003'],True,2024-02-28,Revision 1998,1998-06-15,"[{'amendment_number': 'Amd 1', 'date': '1998-06-15', 'description': 'Updated performance and compliance parameters'}]",Indian Standard IS 14587:1998: Technical specifications and requirements for procurement.,ISO/IEC Harmonized,1.2,Bureau of Indian Standards Official Gazette,Civil Engineering,Construction & Infrastructure,"Melamine faced decorative prelaminated MDF boards used for office desks, modular kitchens and wall claddings.",1998,Active,Bureau of Indian Standards,True,['IS 12406:2003']
IS 1322:2014,Bitumen Felts for Waterproofing and Damp-Proofing - Specification,,Construction,Waterproofing,Fibre and hessian base asphalt bitumen roofing felts for terrace waterproofing and basements damp-proof courses.,"['bitumen', 'felts', 'for', 'waterproofing', 'and', 'damp', 'proofing', 'specification', 'waterproofing', 'fibre']","{'types': 'Type 1, Type 2, Type 3', 'water_pressure_resistance': '0.2 MPa for 24 h'}",['IS 7193'],False,,Revision 2014,2014-06-15,"[{'amendment_number': 'Amd 1', 'date': '2014-06-15', 'description': 'Updated performance and compliance parameters'}]",Indian Standard IS 1322:2014: Technical specifications and requirements for procurement.,ISO/IEC Harmonized,1.0,Bureau of Indian Standards Official Gazette,Civil Engineering,Construction & Infrastructure,Fibre and hessian base asphalt bitumen roofing felts for terrace waterproofing and basements damp-proof courses.,2014,Active,Bureau of Indian Standards,False,['IS 7193']
IS 2645:2003,Integral Waterproofing Compounds for Cement Mortar and Concrete - Specification,,Construction,Waterproofing,Chemical and mineral liquid/powder waterproofing compounds added during concrete mixing to reduce permeability.,"['integral', 'waterproofing', 'compounds', 'for', 'cement', 'mortar', 'and', 'concrete', 'specification', 'waterproofing']","{'permeability_reduction': 'Minimum 50% reduction', 'compressive_strength_ratio': '> 90%'}","['IS 456:2000', 'IS 269:2015']",False,,Revision 2003,2003-06-15,"[{'amendment_number': 'Amd 1', 'date': '2003-06-15', 'description': 'Updated performance and compliance parameters'}]",Indian Standard IS 2645:2003: Technical specifications and requirements for procurement.,ISO/IEC Harmonized,1.0,Bureau of Indian Standards Official Gazette,Civil Engineering,Construction & Infrastructure,Chemical and mineral liquid/powder waterproofing compounds added during concrete mixing to reduce permeability.,2003,Active,Bureau of Indian Standards,False,"['IS 456:2000', 'IS 269:2015']"
IS 133:2004,"Enamel, Synthetic, Exterior: (a) Undercoating, (b) Finishing - Specification",,Chemicals,Paints & Coatings,"Solvent-borne synthetic alkyd enamel paint with high gloss, UV resistance and weather durability for structural steel and wood.","['enamel', 'synthetic', 'exterior', 'undercoating', 'finishing', 'specification', 'paints', 'coatings', 'solvent', 'borne']","{'drying_time_surface': 'Under 4 hours', 'gloss_60_deg': '> 85 units', 'flash_point': '> 35 °C'}",['IS 101'],False,,Revision 2004,2004-06-15,"[{'amendment_number': 'Amd 1', 'date': '2004-06-15', 'description': 'Updated performance and compliance parameters'}]",Indian Standard IS 133:2004: Technical specifications and requirements for procurement.,ISO/IEC Harmonized,1.0,Bureau of Indian Standards Official Gazette,Chemicals,Industrial Chemicals & Coatings,"Solvent-borne synthetic alkyd enamel paint with high gloss, UV resistance and weather durability for structural steel and wood.",2004,Active,Bureau of Indian Standards,False,['IS 101']
IS 2932:2003,"Enamel, Synthetic, Interior: (a) Undercoating, (b) Finishing - Specification",,Chemicals,Paints & Coatings,"Synthetic alkyd enamel paint for interior architectural metalwork, window grills, doors and general machinery.","['enamel', 'synthetic', 'interior', 'undercoating', 'finishing', 'specification', 'paints', 'coatings', 'synthetic', 'alkyd']","{'scratch_hardness': '1000 grams min', 'viscosity_flow': '60 to 90 seconds'}",['IS 101'],False,,Revision 2003,2003-06-15,"[{'amendment_number': 'Amd 1', 'date': '2003-06-15', 'description': 'Updated performance and compliance parameters'}]",Indian Standard IS 2932:2003: Technical specifications and requirements for procurement.,ISO/IEC Harmonized,1.0,Bureau of Indian Standards Official Gazette,Chemicals,Industrial Chemicals & Coatings,"Synthetic alkyd enamel paint for interior architectural metalwork, window grills, doors and general machinery.",2003,Active,Bureau of Indian Standards,False,['IS 101']
IS 15489:2004,Plastic Emulsion Paint - Specification,,Chemicals,Paints & Coatings,Water-borne high quality 100% acrylic washable plastic emulsion paint for interior luxury plaster wall finishes.,"['plastic', 'emulsion', 'paint', 'specification', 'paints', 'coatings', 'water', 'borne', 'high', 'quality']","{'scrub_resistance': '1000 double scrubs min', 'drying_time': '30 mins', 'lead_content': '< 90 ppm'}",['IS 101'],False,,Revision 2004,2004-06-15,"[{'amendment_number': 'Amd 1', 'date': '2004-06-15', 'description': 'Updated performance and compliance parameters'}]",Indian Standard IS 15489:2004: Technical specifications and requirements for procurement.,ISO/IEC Harmonized,1.0,Bureau of Indian Standards Official Gazette,Chemicals,Industrial Chemicals & Coatings,Water-borne high quality 100% acrylic washable plastic emulsion paint for interior luxury plaster wall finishes.,2004,Active,Bureau of Indian Standards,False,['IS 101']
IS 2074:2015,"Ready Mixed Paint, Air Drying, Red Oxide Zinc Chrome, Priming - Specification",,Chemicals,Paints & Coatings,Corrosion inhibiting red oxide zinc chrome primer paint applied on structural steelwork prior to finishing enamel.,"['ready', 'mixed', 'paint', 'air', 'drying', 'red', 'oxide', 'zinc', 'chrome', 'priming']","{'corrosion_salt_spray': '96 hours without blistering', 'lead_free_available': 'Yes'}","['IS 101', 'IS 2062']",False,,Revision 2015,2015-06-15,"[{'amendment_number': 'Amd 1', 'date': '2015-06-15', 'description': 'Updated performance and compliance parameters'}]",Indian Standard IS 2074:2015: Technical specifications and requirements for procurement.,ISO/IEC Harmonized,1.0,Bureau of Indian Standards Official Gazette,Chemicals,Industrial Chemicals & Coatings,Corrosion inhibiting red oxide zinc chrome primer paint applied on structural steelwork prior to finishing enamel.,2015,Active,Bureau of Indian Standards,False,"['IS 101', 'IS 2062']"
IS 1065:1989,"Bleaching Powder, Stable - Specification",,Chemicals,Water Treatment,Specifies stable chlorinated lime bleaching powder containing minimum 34% available chlorine for municipal water disinfection and sanitation.,"['bleaching', 'powder', 'stable', 'specification', 'water', 'treatment', 'specifies', 'stable', 'chlorinated', 'lime']","{'available_chlorine_min': '34.0 percent', 'moisture_max': '0.3 percent'}",['IS 1070'],True,2023-01-01,Revision 1989,1989-06-15,"[{'amendment_number': 'Amd 1', 'date': '1989-06-15', 'description': 'Updated performance and compliance parameters'}]",Indian Standard IS 1065:1989: Technical specifications and requirements for procurement.,ISO/IEC Harmonized,1.2,Bureau of Indian Standards Official Gazette,Chemicals,Industrial Chemicals & Coatings,Specifies stable chlorinated lime bleaching powder containing minimum 34% available chlorine for municipal water disinfection and sanitation.,1989,Active,Bureau of Indian Standards,True,['IS 1070']
IS 308:1988,Dissolved Acetylene Gas - Specification,,Chemicals,Industrial Gases,High purity dissolved acetylene gas compressed in acetone-filled porous mass cylinders for oxy-acetylene welding and gas cutting.,"['dissolved', 'acetylene', 'gas', 'specification', 'industrial', 'gases', 'high', 'purity', 'dissolved', 'acetylene']","{'purity_acetylene': '99.0% by volume', 'phosphine_limit': '< 0.05%'}",['IS 7312'],False,,Revision 1988,1988-06-15,"[{'amendment_number': 'Amd 1', 'date': '1988-06-15', 'description': 'Updated performance and compliance parameters'}]",Indian Standard IS 308:1988: Technical specifications and requirements for procurement.,ISO/IEC Harmonized,1.0,Bureau of Indian Standards Official Gazette,Chemicals,Industrial Chemicals & Coatings,High purity dissolved acetylene gas compressed in acetone-filled porous mass cylinders for oxy-acetylene welding and gas cutting.,1988,Active,Bureau of Indian Standards,False,['IS 7312']
IS 309:2005,Compressed Oxygen Gas - Specification,,Chemicals,Industrial Gases,Medical and industrial compressed gaseous oxygen stored in high pressure steel cylinders at 150 bar.,"['compressed', 'oxygen', 'gas', 'specification', 'industrial', 'gases', 'medical', 'and', 'industrial', 'compressed']","{'purity_oxygen': '99.5 percent min', 'moisture_content': '< 50 ppm'}",['IS 7285'],True,2023-01-01,Revision 2005,2005-06-15,"[{'amendment_number': 'Amd 1', 'date': '2005-06-15', 'description': 'Updated performance and compliance parameters'}]",Indian Standard IS 309:2005: Technical specifications and requirements for procurement.,ISO/IEC Harmonized,1.2,Bureau of Indian Standards Official Gazette,Chemicals,Industrial Chemicals & Coatings,Medical and industrial compressed gaseous oxygen stored in high pressure steel cylinders at 150 bar.,2005,Active,Bureau of Indian Standards,True,['IS 7285']
IS 1165:2002,Milk Powder - Specification,,Consumer,Dairy Products,"Physical, chemical and microbiological requirements for whole milk powder and skimmed milk powder packed in sealed hermetic containers.","['milk', 'powder', 'specification', 'dairy', 'products', 'physical', 'chemical', 'and', 'microbiological', 'requirements']","{'milk_fat_whole_milk': '26.0% min', 'moisture_max': '4.0%', 'bacterial_count': '< 50,000 CFU/g'}",['IS 1479'],True,2021-01-01,Revision 2002,2002-06-15,"[{'amendment_number': 'Amd 1', 'date': '2002-06-15', 'description': 'Updated performance and compliance parameters'}]",Indian Standard IS 1165:2002: Technical specifications and requirements for procurement.,ISO/IEC Harmonized,1.2,Bureau of Indian Standards Official Gazette,Food & Agriculture,Agriculture & Food Processing,"Physical, chemical and microbiological requirements for whole milk powder and skimmed milk powder packed in sealed hermetic containers.",2002,Active,Bureau of Indian Standards,True,['IS 1479']
IS 12220:1987,Infant Milk Substitutes - Specification,,Consumer,Infant Nutrition,"Formulation requirements for spray-dried infant milk formula enriched with essential vitamins, minerals, DHA and iron.","['infant', 'milk', 'substitutes', 'specification', 'infant', 'nutrition', 'formulation', 'requirements', 'for', 'spray']","{'protein_content': '10.5 to 15.0%', 'fat_content': '18.0 to 28.0%'}",['IS 1165:2002'],True,2021-01-01,Revision 1987,1987-06-15,"[{'amendment_number': 'Amd 1', 'date': '1987-06-15', 'description': 'Updated performance and compliance parameters'}]",Indian Standard IS 12220:1987: Technical specifications and requirements for procurement.,ISO/IEC Harmonized,1.2,Bureau of Indian Standards Official Gazette,Food & Agriculture,Agriculture & Food Processing,"Formulation requirements for spray-dried infant milk formula enriched with essential vitamins, minerals, DHA and iron.",1987,Active,Bureau of Indian Standards,True,['IS 1165:2002']
IS 544:2018,Groundnut Oil - Specification,,Consumer,Edible Oils,"Quality and purity parameters for raw, refined and solvent extracted edible peanut/groundnut cooking oil.","['groundnut', 'oil', 'specification', 'edible', 'oils', 'quality', 'and', 'purity', 'parameters', 'for']","{'acid_value_max': '0.5 (refined)', 'refractive_index': '1.462 to 1.464', 'free_from_argemone': 'Zero'}",['IS 548'],False,,Revision 2018,2018-06-15,"[{'amendment_number': 'Amd 1', 'date': '2018-06-15', 'description': 'Updated performance and compliance parameters'}]",Indian Standard IS 544:2018: Technical specifications and requirements for procurement.,ISO/IEC Harmonized,1.0,Bureau of Indian Standards Official Gazette,Food & Agriculture,Agriculture & Food Processing,"Quality and purity parameters for raw, refined and solvent extracted edible peanut/groundnut cooking oil.",2018,Active,Bureau of Indian Standards,False,['IS 548']
IS 543:2018,Mustard Oil - Specification,,Consumer,Edible Oils,Specifications for cold pressed kachi ghani and refined edible mustard seed oil.,"['mustard', 'oil', 'specification', 'edible', 'oils', 'specifications', 'for', 'cold', 'pressed', 'kachi']","{'pungency_allyl_isothiocyanate': '0.25 to 0.60%', 'iodine_value': '98 to 112'}",['IS 548'],False,,Revision 2018,2018-06-15,"[{'amendment_number': 'Amd 1', 'date': '2018-06-15', 'description': 'Updated performance and compliance parameters'}]",Indian Standard IS 543:2018: Technical specifications and requirements for procurement.,ISO/IEC Harmonized,1.0,Bureau of Indian Standards Official Gazette,Food & Agriculture,Agriculture & Food Processing,Specifications for cold pressed kachi ghani and refined edible mustard seed oil.,2018,Active,Bureau of Indian Standards,False,['IS 548']
IS 15271:2019,Fortified Wheat Flour (Atta) - Specification,,Consumer,Food Essentials,"Whole wheat meal (atta) fortified with iron, folic acid and vitamin B12 for public food distribution schemes.","['fortified', 'wheat', 'flour', 'atta', 'specification', 'food', 'essentials', 'whole', 'wheat', 'meal']","{'iron_added': '28 to 42.5 mg/kg', 'folic_acid': '75 to 125 mcg/kg'}",['IS 1155'],False,,Revision 2019,2019-06-15,"[{'amendment_number': 'Amd 1', 'date': '2019-06-15', 'description': 'Updated performance and compliance parameters'}]",Indian Standard IS 15271:2019: Technical specifications and requirements for procurement.,ISO/IEC Harmonized,1.0,Bureau of Indian Standards Official Gazette,Food & Agriculture,Agriculture & Food Processing,"Whole wheat meal (atta) fortified with iron, folic acid and vitamin B12 for public food distribution schemes.",2019,Active,Bureau of Indian Standards,False,['IS 1155']
IS 11852 (Part 1):2001,Automotive Vehicles - Brakes and Braking Systems - Terminology and Definitions,,Automotive,Vehicle Braking,"Defines braking system architectures, ABS, anti-skid control, service brakes and secondary brakes on motor vehicles.","['automotive', 'vehicles', 'brakes', 'and', 'braking', 'systems', 'terminology', 'and', 'definitions', 'vehicle']",{'brake_type': 'Hydraulic / Pneumatic / ABS'},['IS 11852 (Part 2)'],True,2021-04-01,Revision 2001,2001-06-15,"[{'amendment_number': 'Amd 1', 'date': '2001-06-15', 'description': 'Updated performance and compliance parameters'}]",Indian Standard IS 11852 (Part 1):2001: Technical specifications and requirements for procurement.,ISO/IEC Harmonized,1.2,Bureau of Indian Standards Official Gazette,Transport Engineering,Automotive & Road Safety,"Defines braking system architectures, ABS, anti-skid control, service brakes and secondary brakes on motor vehicles.",2001,Active,Bureau of Indian Standards,True,['IS 11852 (Part 2)']
IS 11852 (Part 3):2001,Automotive Vehicles - Brakes and Braking Systems - Requirements for Passenger Cars (M1),,Automotive,Vehicle Braking,"Dynamic stopping distance tests, brake fade tests at high temperatures and emergency braking requirements for passenger cars.","['automotive', 'vehicles', 'brakes', 'and', 'braking', 'systems', 'requirements', 'for', 'passenger', 'cars']","{'stopping_distance_100kph': '< 50.7 meters', 'pedal_effort': '< 500 N'}",['IS 11852 (Part 1)'],True,2021-04-01,Revision 2001,2001-06-15,"[{'amendment_number': 'Amd 1', 'date': '2001-06-15', 'description': 'Updated performance and compliance parameters'}]",Indian Standard IS 11852 (Part 3):2001: Technical specifications and requirements for procurement.,ISO/IEC Harmonized,1.2,Bureau of Indian Standards Official Gazette,Transport Engineering,Automotive & Road Safety,"Dynamic stopping distance tests, brake fade tests at high temperatures and emergency braking requirements for passenger cars.",2001,Active,Bureau of Indian Standards,True,['IS 11852 (Part 1)']
IS 9438:2018,Automotive Vehicles - Wheel Rims - Dimensions and Test Methods,,Automotive,Tyres & Wheels,Specifies dynamic cornering fatigue test and radial fatigue test for steel and alloy wheel rims for motor vehicles.,"['automotive', 'vehicles', 'wheel', 'rims', 'dimensions', 'and', 'test', 'methods', 'tyres', 'wheels']","{'cornering_fatigue_cycles': '100,000 cycles', 'radial_fatigue_cycles': '500,000 cycles'}",['IS 15636:2012'],True,2021-04-01,Revision 2018,2018-06-15,"[{'amendment_number': 'Amd 1', 'date': '2018-06-15', 'description': 'Updated performance and compliance parameters'}]",Indian Standard IS 9438:2018: Technical specifications and requirements for procurement.,ISO/IEC Harmonized,1.2,Bureau of Indian Standards Official Gazette,Transport Engineering,Automotive & Road Safety,Specifies dynamic cornering fatigue test and radial fatigue test for steel and alloy wheel rims for motor vehicles.,2018,Active,Bureau of Indian Standards,True,['IS 15636:2012']
IS 14494:1998,Automotive Vehicles - Rear View Mirrors - Specification,,Automotive,Vehicle Safety,"Field of view, radius of curvature of convex glass, impact pendulum test and reflection coefficient for vehicle rear view mirrors.","['automotive', 'vehicles', 'rear', 'view', 'mirrors', 'specification', 'vehicle', 'safety', 'field', 'view']","{'radius_of_curvature': '1200 to 1800 mm', 'reflectance_min': '40 percent'}",['IS 2553 (Part 2)'],True,2021-04-01,Revision 1998,1998-06-15,"[{'amendment_number': 'Amd 1', 'date': '1998-06-15', 'description': 'Updated performance and compliance parameters'}]",Indian Standard IS 14494:1998: Technical specifications and requirements for procurement.,ISO/IEC Harmonized,1.2,Bureau of Indian Standards Official Gazette,Transport Engineering,Automotive & Road Safety,"Field of view, radius of curvature of convex glass, impact pendulum test and reflection coefficient for vehicle rear view mirrors.",1998,Active,Bureau of Indian Standards,True,['IS 2553 (Part 2)']
IS 13039:2014,External Hydrant Systems - Code of Practice for Installation and Maintenance,,Safety,Fire Safety,"Design guidelines for outdoor yard fire hydrants, underground ring mains, isolation sluice valves and standpipes in factories.","['external', 'hydrant', 'systems', 'code', 'practice', 'for', 'installation', 'and', 'maintenance', 'fire']","{'running_pressure_min': '0.35 MPa', 'water_flow_rate': '1800 to 2400 L/min'}","['IS 3844:1989', 'IS 5290']",False,,Revision 2014,2014-06-15,"[{'amendment_number': 'Amd 1', 'date': '2014-06-15', 'description': 'Updated performance and compliance parameters'}]",Indian Standard IS 13039:2014: Technical specifications and requirements for procurement.,ISO/IEC Harmonized,1.0,Bureau of Indian Standards Official Gazette,Civil Engineering,Disaster Mitigation & Fire Safety,"Design guidelines for outdoor yard fire hydrants, underground ring mains, isolation sluice valves and standpipes in factories.",2014,Active,Bureau of Indian Standards,False,"['IS 3844:1989', 'IS 5290']"
IS 15105:2021,Design and Installation of Fixed Automatic Sprinkler Fire Extinguishing Systems - Code of Practice,,Safety,Fire Safety,"Design, hazard pipe sizing, sprinkler head temperature bulb ratings and hydraulic water supplies for automatic fire sprinklers.","['design', 'and', 'installation', 'fixed', 'automatic', 'sprinkler', 'fire', 'extinguishing', 'systems', 'code']","{'sprinkler_temperature_rating': '68 °C (red), 79 °C (yellow)', 'discharge_density': '7.5 to 12.5 mm/min'}","['IS 9972', 'IS 1239']",False,,Revision 2021,2021-06-15,"[{'amendment_number': 'Amd 1', 'date': '2021-06-15', 'description': 'Updated performance and compliance parameters'}]",Indian Standard IS 15105:2021: Technical specifications and requirements for procurement.,ISO/IEC Harmonized,1.0,Bureau of Indian Standards Official Gazette,Civil Engineering,Disaster Mitigation & Fire Safety,"Design, hazard pipe sizing, sprinkler head temperature bulb ratings and hydraulic water supplies for automatic fire sprinklers.",2021,Active,Bureau of Indian Standards,False,"['IS 9972', 'IS 1239']"
IS 5983:1980,Eye-Protectors - Specification,,Safety,Personal Protective Equipment,"Optical and mechanical impact requirements for safety spectacles, goggles and face shields used in chemical labs, grinding and welding.","['eye', 'protectors', 'specification', 'personal', 'protective', 'equipment', 'optical', 'and', 'mechanical', 'impact']","{'impact_velocity': '45 m/s steel ball', 'uv_transmittance': '< 0.0003%'}",['IS 8519'],True,2023-01-01,Revision 1980,1980-06-15,"[{'amendment_number': 'Amd 1', 'date': '1980-06-15', 'description': 'Updated performance and compliance parameters'}]",Indian Standard IS 5983:1980: Technical specifications and requirements for procurement.,ISO/IEC Harmonized,1.2,Bureau of Indian Standards Official Gazette,Chemicals,Personal Protective Equipment,"Optical and mechanical impact requirements for safety spectacles, goggles and face shields used in chemical labs, grinding and welding.",1980,Active,Bureau of Indian Standards,True,['IS 8519']
IS 14352:1996,Safety Rubber Boots - Specification,,Safety,Personal Protective Equipment,Moulded waterproof rubber and PVC gumboots with steel toe caps and penetration-resistant steel midsoles for mining and sewage work.,"['safety', 'rubber', 'boots', 'specification', 'personal', 'protective', 'equipment', 'moulded', 'waterproof', 'rubber']","{'hydrostatic_leak_test': 'No leak under 0.05 MPa', 'toe_impact': '200 J'}",['IS 15298 (Part 2)'],True,2023-07-01,Revision 1996,1996-06-15,"[{'amendment_number': 'Amd 1', 'date': '1996-06-15', 'description': 'Updated performance and compliance parameters'}]",Indian Standard IS 14352:1996: Technical specifications and requirements for procurement.,ISO/IEC Harmonized,1.2,Bureau of Indian Standards Official Gazette,Chemicals,Personal Protective Equipment,Moulded waterproof rubber and PVC gumboots with steel toe caps and penetration-resistant steel midsoles for mining and sewage work.,1996,Active,Bureau of Indian Standards,True,['IS 15298 (Part 2)']
IS 6994 (Part 1):1973,Industrial Safety Gloves - Leather and Cotton Gloves,,Safety,Personal Protective Equipment,"Abrasion resistance, puncture resistance, and tear strength for industrial split leather and heavy canvas cotton hand work gloves.","['industrial', 'safety', 'gloves', 'leather', 'and', 'cotton', 'gloves', 'personal', 'protective', 'equipment']","{'tensile_strength_leather': '15 MPa min', 'thickness': '1.0 to 1.5 mm'}",['IS 578'],True,2023-01-01,Revision 1973,1973-06-15,"[{'amendment_number': 'Amd 1', 'date': '1973-06-15', 'description': 'Updated performance and compliance parameters'}]",Indian Standard IS 6994 (Part 1):1973: Technical specifications and requirements for procurement.,ISO/IEC Harmonized,1.2,Bureau of Indian Standards Official Gazette,Chemicals,Personal Protective Equipment,"Abrasion resistance, puncture resistance, and tear strength for industrial split leather and heavy canvas cotton hand work gloves.",1973,Active,Bureau of Indian Standards,True,['IS 578']
IS 14920:2001,Infusion Sets for Single Use - Specification,,Medical,Surgical Consumables,"Requirements for sterile disposable IV infusion administration sets with 15 micron fluid filters, roller clamp and latex injection port.","['infusion', 'sets', 'for', 'single', 'use', 'specification', 'surgical', 'consumables', 'requirements', 'for']","{'flow_rate': '> 1000 ml in 30 mins', 'filter_efficiency': 'Retain particles > 15 um'}",['IS 13422'],True,2023-01-01,Revision 2001,2001-06-15,"[{'amendment_number': 'Amd 1', 'date': '2001-06-15', 'description': 'Updated performance and compliance parameters'}]",Indian Standard IS 14920:2001: Technical specifications and requirements for procurement.,ISO/IEC Harmonized,1.2,Bureau of Indian Standards Official Gazette,Medical Equipment & Hospital Planning,Healthcare & Medical Devices,"Requirements for sterile disposable IV infusion administration sets with 15 micron fluid filters, roller clamp and latex injection port.",2001,Active,Bureau of Indian Standards,True,['IS 13422']
IS 4033:1968,General Requirements for Hospital Furniture,,Medical,Hospital Infrastructure,"Quality guidelines for metallic tubing, anti-corrosion chemical treatment, wheel castors and electrostatic powder coating on ward furniture.","['general', 'requirements', 'for', 'hospital', 'furniture', 'hospital', 'infrastructure', 'quality', 'guidelines', 'for']","{'castor_durability': '100 km obstacle track test', 'corrosion_resistance': 'Salt spray 100 hours'}","['IS 2062', 'IS 1161']",False,,Revision 1968,1968-06-15,"[{'amendment_number': 'Amd 1', 'date': '1968-06-15', 'description': 'Updated performance and compliance parameters'}]",Indian Standard IS 4033:1968: Technical specifications and requirements for procurement.,ISO/IEC Harmonized,1.0,Bureau of Indian Standards Official Gazette,Medical Equipment & Hospital Planning,Healthcare & Medical Devices,"Quality guidelines for metallic tubing, anti-corrosion chemical treatment, wheel castors and electrostatic powder coating on ward furniture.",1968,Active,Bureau of Indian Standards,False,"['IS 2062', 'IS 1161']"
IS 9873 (Part 3):2020,Safety of Toys - Migration of Certain Elements (Toxic Heavy Metals),,Consumer,Toy Safety,"Strict chemical limits on bio-available lead, cadmium, mercury, arsenic, antimony, barium, chromium and selenium in toys.","['safety', 'toys', 'migration', 'certain', 'elements', 'toxic', 'heavy', 'metals', 'toy', 'safety']","{'lead_limit': '23 mg/kg max', 'cadmium_limit': '17 mg/kg max'}",['IS 9873 (Part 1)'],True,2021-01-01,Revision 2020,2020-06-15,"[{'amendment_number': 'Amd 1', 'date': '2020-06-15', 'description': 'Updated performance and compliance parameters'}]",Indian Standard IS 9873 (Part 3):2020: Technical specifications and requirements for procurement.,ISO/IEC Harmonized,1.2,Bureau of Indian Standards Official Gazette,Management & Systems,Consumer Products,"Strict chemical limits on bio-available lead, cadmium, mercury, arsenic, antimony, barium, chromium and selenium in toys.",2020,Active,Bureau of Indian Standards,True,['IS 9873 (Part 1)']
IS 1239 (Part 2):2004,"Steel Tubes, Tubulars and Other Wrought Steel Fittings - Mild Steel Tubulars",,Piping,Metallic Pipes,"Indian Standard IS 1239 (Part 2):2004 specifies comprehensive scope, performance tolerances, sampling protocols and certification compliance for Steel Tubes, Tubulars and Other Wrought Steel Fittings - Mild Steel Tubulars.","['steel', 'tubes', 'tubulars', 'and', 'other', 'wrought', 'steel', 'fittings']","{'compliance_standard': 'IS 1239 (Part 2):2004', 'inspection_level': 'Standard Lot Acceptance'}",[],True,2023-01-01,Revision 2004,2004-05-10,"[{'amendment_number': 'Amd 1', 'date': '2004-05-10', 'description': 'Conformity and compliance updates'}]","Standard clause requirements for Steel Tubes, Tubulars and Other Wrought Steel Fittings - Mild Steel Tubulars under IS 1239 (Part 2):2004.",BIS Standard Catalog,1.15,Bureau of Indian Standards Official Gazette,Civil Engineering,Water Supply & Sewerage,"Indian Standard IS 1239 (Part 2):2004 specifies comprehensive scope, performance tolerances, sampling protocols and certification compliance for Steel Tubes, Tubulars and Other Wrought Steel Fittings - Mild Steel Tubulars.",2004,Active,Bureau of Indian Standards,True,[]
IS 9523:2000,"Ductile Iron Fittings for Pressure Pipes for Water, Gas and Sewage",,Piping,Metallic Pipes,"Indian Standard IS 9523:2000 specifies comprehensive scope, performance tolerances, sampling protocols and certification compliance for Ductile Iron Fittings for Pressure Pipes for Water, Gas and Sewage.","['ductile', 'iron', 'fittings', 'for', 'pressure', 'pipes', 'for', 'water']","{'compliance_standard': 'IS 9523:2000', 'inspection_level': 'Standard Lot Acceptance'}",[],True,2023-01-01,Revision 2000,2000-05-10,"[{'amendment_number': 'Amd 1', 'date': '2000-05-10', 'description': 'Conformity and compliance updates'}]","Standard clause requirements for Ductile Iron Fittings for Pressure Pipes for Water, Gas and Sewage under IS 9523:2000.",BIS Standard Catalog,1.15,Bureau of Indian Standards Official Gazette,Civil Engineering,Water Supply & Sewerage,"Indian Standard IS 9523:2000 specifies comprehensive scope, performance tolerances, sampling protocols and certification compliance for Ductile Iron Fittings for Pressure Pipes for Water, Gas and Sewage.",2000,Active,Bureau of Indian Standards,True,[]
IS 6909:1990,Supersulphated Cement - Specification,,Construction,Cement & Binders,"Indian Standard IS 6909:1990 specifies comprehensive scope, performance tolerances, sampling protocols and certification compliance for Supersulphated Cement - Specification.","['supersulphated', 'cement', 'specification', 'cement', 'binders']","{'compliance_standard': 'IS 6909:1990', 'inspection_level': 'Standard Lot Acceptance'}",[],True,2023-01-01,Revision 1990,1990-05-10,"[{'amendment_number': 'Amd 1', 'date': '1990-05-10', 'description': 'Conformity and compliance updates'}]",Standard clause requirements for Supersulphated Cement - Specification under IS 6909:1990.,BIS Standard Catalog,1.15,Bureau of Indian Standards Official Gazette,Civil Engineering,Construction & Infrastructure,"Indian Standard IS 6909:1990 specifies comprehensive scope, performance tolerances, sampling protocols and certification compliance for Supersulphated Cement - Specification.",1990,Active,Bureau of Indian Standards,True,[]
IS 8043:1991,Hydrophobic Portland Cement - Specification,,Construction,Cement & Binders,"Indian Standard IS 8043:1991 specifies comprehensive scope, performance tolerances, sampling protocols and certification compliance for Hydrophobic Portland Cement - Specification.","['hydrophobic', 'portland', 'cement', 'specification', 'cement', 'binders']","{'compliance_standard': 'IS 8043:1991', 'inspection_level': 'Standard Lot Acceptance'}",[],True,2023-01-01,Revision 1991,1991-05-10,"[{'amendment_number': 'Amd 1', 'date': '1991-05-10', 'description': 'Conformity and compliance updates'}]",Standard clause requirements for Hydrophobic Portland Cement - Specification under IS 8043:1991.,BIS Standard Catalog,1.15,Bureau of Indian Standards Official Gazette,Civil Engineering,Construction & Infrastructure,"Indian Standard IS 8043:1991 specifies comprehensive scope, performance tolerances, sampling protocols and certification compliance for Hydrophobic Portland Cement - Specification.",1991,Active,Bureau of Indian Standards,True,[]
IS 3466:1988,Masonry Cement - Specification,,Construction,Cement & Binders,"Indian Standard IS 3466:1988 specifies comprehensive scope, performance tolerances, sampling protocols and certification compliance for Masonry Cement - Specification.","['masonry', 'cement', 'specification', 'cement', 'binders']","{'compliance_standard': 'IS 3466:1988', 'inspection_level': 'Standard Lot Acceptance'}",[],True,2023-01-01,Revision 1988,1988-05-10,"[{'amendment_number': 'Amd 1', 'date': '1988-05-10', 'description': 'Conformity and compliance updates'}]",Standard clause requirements for Masonry Cement - Specification under IS 3466:1988.,BIS Standard Catalog,1.15,Bureau of Indian Standards Official Gazette,Civil Engineering,Construction & Infrastructure,"Indian Standard IS 3466:1988 specifies comprehensive scope, performance tolerances, sampling protocols and certification compliance for Masonry Cement - Specification.",1988,Active,Bureau of Indian Standards,True,[]
IS 12600:1989,Low Heat Portland Cement - Specification,,Construction,Cement & Binders,"Indian Standard IS 12600:1989 specifies comprehensive scope, performance tolerances, sampling protocols and certification compliance for Low Heat Portland Cement - Specification.","['low', 'heat', 'portland', 'cement', 'specification', 'cement', 'binders']","{'compliance_standard': 'IS 12600:1989', 'inspection_level': 'Standard Lot Acceptance'}",[],True,2023-01-01,Revision 1989,1989-05-10,"[{'amendment_number': 'Amd 1', 'date': '1989-05-10', 'description': 'Conformity and compliance updates'}]",Standard clause requirements for Low Heat Portland Cement - Specification under IS 12600:1989.,BIS Standard Catalog,1.15,Bureau of Indian Standards Official Gazette,Civil Engineering,Construction & Infrastructure,"Indian Standard IS 12600:1989 specifies comprehensive scope, performance tolerances, sampling protocols and certification compliance for Low Heat Portland Cement - Specification.",1989,Active,Bureau of Indian Standards,True,[]
IS 1489 (Part 1):1991,Fly Ash for Use as Pozzolana in Cement Mortar and Concrete,,Construction,Mineral Admixtures,"Indian Standard IS 1489 (Part 1):1991 specifies comprehensive scope, performance tolerances, sampling protocols and certification compliance for Fly Ash for Use as Pozzolana in Cement Mortar and Concrete.","['fly', 'ash', 'for', 'use', 'pozzolana', 'cement', 'mortar', 'and']","{'compliance_standard': 'IS 1489 (Part 1):1991', 'inspection_level': 'Standard Lot Acceptance'}",[],False,,Revision 1991,1991-05-10,"[{'amendment_number': 'Amd 1', 'date': '1991-05-10', 'description': 'Conformity and compliance updates'}]",Standard clause requirements for Fly Ash for Use as Pozzolana in Cement Mortar and Concrete under IS 1489 (Part 1):1991.,BIS Standard Catalog,1.0,Bureau of Indian Standards Official Gazette,Civil Engineering,Construction & Infrastructure,"Indian Standard IS 1489 (Part 1):1991 specifies comprehensive scope, performance tolerances, sampling protocols and certification compliance for Fly Ash for Use as Pozzolana in Cement Mortar and Concrete.",1991,Active,Bureau of Indian Standards,False,[]
IS 12089:1987,Granulated Slag for the Manufacture of Portland Slag Cement,,Construction,Mineral Admixtures,"Indian Standard IS 12089:1987 specifies comprehensive scope, performance tolerances, sampling protocols and certification compliance for Granulated Slag for the Manufacture of Portland Slag Cement.","['granulated', 'slag', 'for', 'the', 'manufacture', 'portland', 'slag', 'cement']","{'compliance_standard': 'IS 12089:1987', 'inspection_level': 'Standard Lot Acceptance'}",[],False,,Revision 1987,1987-05-10,"[{'amendment_number': 'Amd 1', 'date': '1987-05-10', 'description': 'Conformity and compliance updates'}]",Standard clause requirements for Granulated Slag for the Manufacture of Portland Slag Cement under IS 12089:1987.,BIS Standard Catalog,1.0,Bureau of Indian Standards Official Gazette,Civil Engineering,Construction & Infrastructure,"Indian Standard IS 12089:1987 specifies comprehensive scope, performance tolerances, sampling protocols and certification compliance for Granulated Slag for the Manufacture of Portland Slag Cement.",1987,Active,Bureau of Indian Standards,False,[]
IS 15388:2003,"Silica Fume - Specification for Use in Cement, Mortar and Concrete",,Construction,Mineral Admixtures,"Indian Standard IS 15388:2003 specifies comprehensive scope, performance tolerances, sampling protocols and certification compliance for Silica Fume - Specification for Use in Cement, Mortar and Concrete.","['silica', 'fume', 'specification', 'for', 'use', 'cement', 'mortar', 'and']","{'compliance_standard': 'IS 15388:2003', 'inspection_level': 'Standard Lot Acceptance'}",[],False,,Revision 2003,2003-05-10,"[{'amendment_number': 'Amd 1', 'date': '2003-05-10', 'description': 'Conformity and compliance updates'}]","Standard clause requirements for Silica Fume - Specification for Use in Cement, Mortar and Concrete under IS 15388:2003.",BIS Standard Catalog,1.0,Bureau of Indian Standards Official Gazette,Civil Engineering,Construction & Infrastructure,"Indian Standard IS 15388:2003 specifies comprehensive scope, performance tolerances, sampling protocols and certification compliance for Silica Fume - Specification for Use in Cement, Mortar and Concrete.",2003,Active,Bureau of Indian Standards,False,[]
IS 7193:1994,Glass Fibre Base Bitumen Felts - Specification,,Construction,Waterproofing,"Indian Standard IS 7193:1994 specifies comprehensive scope, performance tolerances, sampling protocols and certification compliance for Glass Fibre Base Bitumen Felts - Specification.","['glass', 'fibre', 'base', 'bitumen', 'felts', 'specification', 'waterproofing']","{'compliance_standard': 'IS 7193:1994', 'inspection_level': 'Standard Lot Acceptance'}",[],False,,Revision 1994,1994-05-10,"[{'amendment_number': 'Amd 1', 'date': '1994-05-10', 'description': 'Conformity and compliance updates'}]",Standard clause requirements for Glass Fibre Base Bitumen Felts - Specification under IS 7193:1994.,BIS Standard Catalog,1.0,Bureau of Indian Standards Official Gazette,Civil Engineering,Construction & Infrastructure,"Indian Standard IS 7193:1994 specifies comprehensive scope, performance tolerances, sampling protocols and certification compliance for Glass Fibre Base Bitumen Felts - Specification.",1994,Active,Bureau of Indian Standards,False,[]
IS 13630 (Part 2):2019,Ceramic Tiles - Determination of Water Absorption and Bulk Density,,Construction,Flooring & Tiles,"Indian Standard IS 13630 (Part 2):2019 specifies comprehensive scope, performance tolerances, sampling protocols and certification compliance for Ceramic Tiles - Determination of Water Absorption and Bulk Density.","['ceramic', 'tiles', 'determination', 'water', 'absorption', 'and', 'bulk', 'density']","{'compliance_standard': 'IS 13630 (Part 2):2019', 'inspection_level': 'Standard Lot Acceptance'}",[],True,2023-09-01,Revision 2019,2019-05-10,"[{'amendment_number': 'Amd 1', 'date': '2019-05-10', 'description': 'Conformity and compliance updates'}]",Standard clause requirements for Ceramic Tiles - Determination of Water Absorption and Bulk Density under IS 13630 (Part 2):2019.,BIS Standard Catalog,1.15,Bureau of Indian Standards Official Gazette,Civil Engineering,Construction & Infrastructure,"Indian Standard IS 13630 (Part 2):2019 specifies comprehensive scope, performance tolerances, sampling protocols and certification compliance for Ceramic Tiles - Determination of Water Absorption and Bulk Density.",2019,Active,Bureau of Indian Standards,True,[]
IS 13630 (Part 6):2019,Ceramic Tiles - Determination of Modulus of Rupture and Breaking Strength,,Construction,Flooring & Tiles,"Indian Standard IS 13630 (Part 6):2019 specifies comprehensive scope, performance tolerances, sampling protocols and certification compliance for Ceramic Tiles - Determination of Modulus of Rupture and Breaking Strength.","['ceramic', 'tiles', 'determination', 'modulus', 'rupture', 'and', 'breaking', 'strength']","{'compliance_standard': 'IS 13630 (Part 6):2019', 'inspection_level': 'Standard Lot Acceptance'}",[],True,2023-09-01,Revision 2019,2019-05-10,"[{'amendment_number': 'Amd 1', 'date': '2019-05-10', 'description': 'Conformity and compliance updates'}]",Standard clause requirements for Ceramic Tiles - Determination of Modulus of Rupture and Breaking Strength under IS 13630 (Part 6):2019.,BIS Standard Catalog,1.15,Bureau of Indian Standards Official Gazette,Civil Engineering,Construction & Infrastructure,"Indian Standard IS 13630 (Part 6):2019 specifies comprehensive scope, performance tolerances, sampling protocols and certification compliance for Ceramic Tiles - Determination of Modulus of Rupture and Breaking Strength.",2019,Active,Bureau of Indian Standards,True,[]
IS 1003 (Part 1):2003,Timber Paneled and Glazed Shutters - Door Shutters,,Construction,Doors & Windows,"Indian Standard IS 1003 (Part 1):2003 specifies comprehensive scope, performance tolerances, sampling protocols and certification compliance for Timber Paneled and Glazed Shutters - Door Shutters.","['timber', 'paneled', 'and', 'glazed', 'shutters', 'door', 'shutters', 'doors']","{'compliance_standard': 'IS 1003 (Part 1):2003', 'inspection_level': 'Standard Lot Acceptance'}",[],True,2024-02-28,Revision 2003,2003-05-10,"[{'amendment_number': 'Amd 1', 'date': '2003-05-10', 'description': 'Conformity and compliance updates'}]",Standard clause requirements for Timber Paneled and Glazed Shutters - Door Shutters under IS 1003 (Part 1):2003.,BIS Standard Catalog,1.15,Bureau of Indian Standards Official Gazette,Civil Engineering,Construction & Infrastructure,"Indian Standard IS 1003 (Part 1):2003 specifies comprehensive scope, performance tolerances, sampling protocols and certification compliance for Timber Paneled and Glazed Shutters - Door Shutters.",2003,Active,Bureau of Indian Standards,True,[]
IS 1003 (Part 2):2003,Timber Paneled and Glazed Shutters - Window and Ventilator Shutters,,Construction,Doors & Windows,"Indian Standard IS 1003 (Part 2):2003 specifies comprehensive scope, performance tolerances, sampling protocols and certification compliance for Timber Paneled and Glazed Shutters - Window and Ventilator Shutters.","['timber', 'paneled', 'and', 'glazed', 'shutters', 'window', 'and', 'ventilator']","{'compliance_standard': 'IS 1003 (Part 2):2003', 'inspection_level': 'Standard Lot Acceptance'}",[],True,2024-02-28,Revision 2003,2003-05-10,"[{'amendment_number': 'Amd 1', 'date': '2003-05-10', 'description': 'Conformity and compliance updates'}]",Standard clause requirements for Timber Paneled and Glazed Shutters - Window and Ventilator Shutters under IS 1003 (Part 2):2003.,BIS Standard Catalog,1.15,Bureau of Indian Standards Official Gazette,Civil Engineering,Construction & Infrastructure,"Indian Standard IS 1003 (Part 2):2003 specifies comprehensive scope, performance tolerances, sampling protocols and certification compliance for Timber Paneled and Glazed Shutters - Window and Ventilator Shutters.",2003,Active,Bureau of Indian Standards,True,[]
IS 4020 (Part 1):1998,Door Shutters - Methods of Tests - General,,Construction,Doors & Windows,"Indian Standard IS 4020 (Part 1):1998 specifies comprehensive scope, performance tolerances, sampling protocols and certification compliance for Door Shutters - Methods of Tests - General.","['door', 'shutters', 'methods', 'tests', 'general', 'doors', 'windows']","{'compliance_standard': 'IS 4020 (Part 1):1998', 'inspection_level': 'Standard Lot Acceptance'}",[],False,,Revision 1998,1998-05-10,"[{'amendment_number': 'Amd 1', 'date': '1998-05-10', 'description': 'Conformity and compliance updates'}]",Standard clause requirements for Door Shutters - Methods of Tests - General under IS 4020 (Part 1):1998.,BIS Standard Catalog,1.0,Bureau of Indian Standards Official Gazette,Civil Engineering,Construction & Infrastructure,"Indian Standard IS 4020 (Part 1):1998 specifies comprehensive scope, performance tolerances, sampling protocols and certification compliance for Door Shutters - Methods of Tests - General.",1998,Active,Bureau of Indian Standards,False,[]
IS 3087:2005,Particle Boards of Wood and Other Lignocellulosic Materials - Specification,,Construction,Wood & Timber Products,"Indian Standard IS 3087:2005 specifies comprehensive scope, performance tolerances, sampling protocols and certification compliance for Particle Boards of Wood and Other Lignocellulosic Materials - Specification.","['particle', 'boards', 'wood', 'and', 'other', 'lignocellulosic', 'materials', 'specification']","{'compliance_standard': 'IS 3087:2005', 'inspection_level': 'Standard Lot Acceptance'}",[],True,2024-02-28,Revision 2005,2005-05-10,"[{'amendment_number': 'Amd 1', 'date': '2005-05-10', 'description': 'Conformity and compliance updates'}]",Standard clause requirements for Particle Boards of Wood and Other Lignocellulosic Materials - Specification under IS 3087:2005.,BIS Standard Catalog,1.15,Bureau of Indian Standards Official Gazette,Civil Engineering,Construction & Infrastructure,"Indian Standard IS 3087:2005 specifies comprehensive scope, performance tolerances, sampling protocols and certification compliance for Particle Boards of Wood and Other Lignocellulosic Materials - Specification.",2005,Active,Bureau of Indian Standards,True,[]
IS 12823:2015,Prelaminated Particle Boards - Specification,,Construction,Wood & Timber Products,"Indian Standard IS 12823:2015 specifies comprehensive scope, performance tolerances, sampling protocols and certification compliance for Prelaminated Particle Boards - Specification.","['prelaminated', 'particle', 'boards', 'specification', 'wood', 'timber', 'products']","{'compliance_standard': 'IS 12823:2015', 'inspection_level': 'Standard Lot Acceptance'}",[],True,2024-02-28,Revision 2015,2015-05-10,"[{'amendment_number': 'Amd 1', 'date': '2015-05-10', 'description': 'Conformity and compliance updates'}]",Standard clause requirements for Prelaminated Particle Boards - Specification under IS 12823:2015.,BIS Standard Catalog,1.15,Bureau of Indian Standards Official Gazette,Civil Engineering,Construction & Infrastructure,"Indian Standard IS 12823:2015 specifies comprehensive scope, performance tolerances, sampling protocols and certification compliance for Prelaminated Particle Boards - Specification.",2015,Active,Bureau of Indian Standards,True,[]
IS 2835:1987,Flat Transparent Sheet Glass - Specification,,Construction,Glass & Glazing,"Indian Standard IS 2835:1987 specifies comprehensive scope, performance tolerances, sampling protocols and certification compliance for Flat Transparent Sheet Glass - Specification.","['flat', 'transparent', 'sheet', 'glass', 'specification', 'glass', 'glazing']","{'compliance_standard': 'IS 2835:1987', 'inspection_level': 'Standard Lot Acceptance'}",[],True,2023-04-01,Revision 1987,1987-05-10,"[{'amendment_number': 'Amd 1', 'date': '1987-05-10', 'description': 'Conformity and compliance updates'}]",Standard clause requirements for Flat Transparent Sheet Glass - Specification under IS 2835:1987.,BIS Standard Catalog,1.15,Bureau of Indian Standards Official Gazette,Civil Engineering,Construction & Infrastructure,"Indian Standard IS 2835:1987 specifies comprehensive scope, performance tolerances, sampling protocols and certification compliance for Flat Transparent Sheet Glass - Specification.",1987,Active,Bureau of Indian Standards,True,[]
IS 14900:2000,Transparent Float Glass - Specification,,Construction,Glass & Glazing,"Indian Standard IS 14900:2000 specifies comprehensive scope, performance tolerances, sampling protocols and certification compliance for Transparent Float Glass - Specification.","['transparent', 'float', 'glass', 'specification', 'glass', 'glazing']","{'compliance_standard': 'IS 14900:2000', 'inspection_level': 'Standard Lot Acceptance'}",[],True,2023-04-01,Revision 2000,2000-05-10,"[{'amendment_number': 'Amd 1', 'date': '2000-05-10', 'description': 'Conformity and compliance updates'}]",Standard clause requirements for Transparent Float Glass - Specification under IS 14900:2000.,BIS Standard Catalog,1.15,Bureau of Indian Standards Official Gazette,Civil Engineering,Construction & Infrastructure,"Indian Standard IS 14900:2000 specifies comprehensive scope, performance tolerances, sampling protocols and certification compliance for Transparent Float Glass - Specification.",2000,Active,Bureau of Indian Standards,True,[]
IS 5435:1987,General Requirements for Cold-Rolled Carbon Steel Strip for Springs,,Steel,Spring Steels,"Indian Standard IS 5435:1987 specifies comprehensive scope, performance tolerances, sampling protocols and certification compliance for General Requirements for Cold-Rolled Carbon Steel Strip for Springs.","['general', 'requirements', 'for', 'cold', 'rolled', 'carbon', 'steel', 'strip']","{'compliance_standard': 'IS 5435:1987', 'inspection_level': 'Standard Lot Acceptance'}",[],True,2023-01-01,Revision 1987,1987-05-10,"[{'amendment_number': 'Amd 1', 'date': '1987-05-10', 'description': 'Conformity and compliance updates'}]",Standard clause requirements for General Requirements for Cold-Rolled Carbon Steel Strip for Springs under IS 5435:1987.,BIS Standard Catalog,1.15,Bureau of Indian Standards Official Gazette,Metallurgical Engineering,Metals & Mining,"Indian Standard IS 5435:1987 specifies comprehensive scope, performance tolerances, sampling protocols and certification compliance for General Requirements for Cold-Rolled Carbon Steel Strip for Springs.",1987,Active,Bureau of Indian Standards,True,[]
IS 1500 (Part 1):2019,Metallic Materials - Brinell Hardness Test,,Steel,Mechanical Testing,"Indian Standard IS 1500 (Part 1):2019 specifies comprehensive scope, performance tolerances, sampling protocols and certification compliance for Metallic Materials - Brinell Hardness Test.","['metallic', 'materials', 'brinell', 'hardness', 'test', 'mechanical', 'testing']","{'compliance_standard': 'IS 1500 (Part 1):2019', 'inspection_level': 'Standard Lot Acceptance'}",[],False,,Revision 2019,2019-05-10,"[{'amendment_number': 'Amd 1', 'date': '2019-05-10', 'description': 'Conformity and compliance updates'}]",Standard clause requirements for Metallic Materials - Brinell Hardness Test under IS 1500 (Part 1):2019.,BIS Standard Catalog,1.0,Bureau of Indian Standards Official Gazette,Metallurgical Engineering,Metals & Mining,"Indian Standard IS 1500 (Part 1):2019 specifies comprehensive scope, performance tolerances, sampling protocols and certification compliance for Metallic Materials - Brinell Hardness Test.",2019,Active,Bureau of Indian Standards,False,[]
IS 1586 (Part 1):2018,Metallic Materials - Rockwell Hardness Test,,Steel,Mechanical Testing,"Indian Standard IS 1586 (Part 1):2018 specifies comprehensive scope, performance tolerances, sampling protocols and certification compliance for Metallic Materials - Rockwell Hardness Test.","['metallic', 'materials', 'rockwell', 'hardness', 'test', 'mechanical', 'testing']","{'compliance_standard': 'IS 1586 (Part 1):2018', 'inspection_level': 'Standard Lot Acceptance'}",[],False,,Revision 2018,2018-05-10,"[{'amendment_number': 'Amd 1', 'date': '2018-05-10', 'description': 'Conformity and compliance updates'}]",Standard clause requirements for Metallic Materials - Rockwell Hardness Test under IS 1586 (Part 1):2018.,BIS Standard Catalog,1.0,Bureau of Indian Standards Official Gazette,Metallurgical Engineering,Metals & Mining,"Indian Standard IS 1586 (Part 1):2018 specifies comprehensive scope, performance tolerances, sampling protocols and certification compliance for Metallic Materials - Rockwell Hardness Test.",2018,Active,Bureau of Indian Standards,False,[]
IS 1757 (Part 1):2020,Metallic Materials - Charpy Pendulum Impact Test,,Steel,Mechanical Testing,"Indian Standard IS 1757 (Part 1):2020 specifies comprehensive scope, performance tolerances, sampling protocols and certification compliance for Metallic Materials - Charpy Pendulum Impact Test.","['metallic', 'materials', 'charpy', 'pendulum', 'impact', 'test', 'mechanical', 'testing']","{'compliance_standard': 'IS 1757 (Part 1):2020', 'inspection_level': 'Standard Lot Acceptance'}",[],False,,Revision 2020,2020-05-10,"[{'amendment_number': 'Amd 1', 'date': '2020-05-10', 'description': 'Conformity and compliance updates'}]",Standard clause requirements for Metallic Materials - Charpy Pendulum Impact Test under IS 1757 (Part 1):2020.,BIS Standard Catalog,1.0,Bureau of Indian Standards Official Gazette,Metallurgical Engineering,Metals & Mining,"Indian Standard IS 1757 (Part 1):2020 specifies comprehensive scope, performance tolerances, sampling protocols and certification compliance for Metallic Materials - Charpy Pendulum Impact Test.",2020,Active,Bureau of Indian Standards,False,[]
IS 1599:2019,Metallic Materials - Bend Test,,Steel,Mechanical Testing,"Indian Standard IS 1599:2019 specifies comprehensive scope, performance tolerances, sampling protocols and certification compliance for Metallic Materials - Bend Test.","['metallic', 'materials', 'bend', 'test', 'mechanical', 'testing']","{'compliance_standard': 'IS 1599:2019', 'inspection_level': 'Standard Lot Acceptance'}",[],False,,Revision 2019,2019-05-10,"[{'amendment_number': 'Amd 1', 'date': '2019-05-10', 'description': 'Conformity and compliance updates'}]",Standard clause requirements for Metallic Materials - Bend Test under IS 1599:2019.,BIS Standard Catalog,1.0,Bureau of Indian Standards Official Gazette,Metallurgical Engineering,Metals & Mining,"Indian Standard IS 1599:2019 specifies comprehensive scope, performance tolerances, sampling protocols and certification compliance for Metallic Materials - Bend Test.",2019,Active,Bureau of Indian Standards,False,[]
IS 1608 (Part 1):2018,Metallic Materials - Tensile Testing - Method of Test at Room Temperature,,Steel,Mechanical Testing,"Indian Standard IS 1608 (Part 1):2018 specifies comprehensive scope, performance tolerances, sampling protocols and certification compliance for Metallic Materials - Tensile Testing - Method of Test at Room Temperature.","['metallic', 'materials', 'tensile', 'testing', 'method', 'test', 'room', 'temperature']","{'compliance_standard': 'IS 1608 (Part 1):2018', 'inspection_level': 'Standard Lot Acceptance'}",[],False,,Revision 2018,2018-05-10,"[{'amendment_number': 'Amd 1', 'date': '2018-05-10', 'description': 'Conformity and compliance updates'}]",Standard clause requirements for Metallic Materials - Tensile Testing - Method of Test at Room Temperature under IS 1608 (Part 1):2018.,BIS Standard Catalog,1.0,Bureau of Indian Standards Official Gazette,Metallurgical Engineering,Metals & Mining,"Indian Standard IS 1608 (Part 1):2018 specifies comprehensive scope, performance tolerances, sampling protocols and certification compliance for Metallic Materials - Tensile Testing - Method of Test at Room Temperature.",2018,Active,Bureau of Indian Standards,False,[]
IS 1875:1992,"Carbon Steel Billets, Blooms, Slabs and Bars for Forgings",,Steel,Forging Steels,"Indian Standard IS 1875:1992 specifies comprehensive scope, performance tolerances, sampling protocols and certification compliance for Carbon Steel Billets, Blooms, Slabs and Bars for Forgings.","['carbon', 'steel', 'billets', 'blooms', 'slabs', 'and', 'bars', 'for']","{'compliance_standard': 'IS 1875:1992', 'inspection_level': 'Standard Lot Acceptance'}",[],True,2023-01-01,Revision 1992,1992-05-10,"[{'amendment_number': 'Amd 1', 'date': '1992-05-10', 'description': 'Conformity and compliance updates'}]","Standard clause requirements for Carbon Steel Billets, Blooms, Slabs and Bars for Forgings under IS 1875:1992.",BIS Standard Catalog,1.15,Bureau of Indian Standards Official Gazette,Metallurgical Engineering,Metals & Mining,"Indian Standard IS 1875:1992 specifies comprehensive scope, performance tolerances, sampling protocols and certification compliance for Carbon Steel Billets, Blooms, Slabs and Bars for Forgings.",1992,Active,Bureau of Indian Standards,True,[]
IS 2004:1991,Carbon Steel Forgings for General Engineering Purposes,,Steel,Forging Steels,"Indian Standard IS 2004:1991 specifies comprehensive scope, performance tolerances, sampling protocols and certification compliance for Carbon Steel Forgings for General Engineering Purposes.","['carbon', 'steel', 'forgings', 'for', 'general', 'engineering', 'purposes', 'forging']","{'compliance_standard': 'IS 2004:1991', 'inspection_level': 'Standard Lot Acceptance'}",[],True,2023-01-01,Revision 1991,1991-05-10,"[{'amendment_number': 'Amd 1', 'date': '1991-05-10', 'description': 'Conformity and compliance updates'}]",Standard clause requirements for Carbon Steel Forgings for General Engineering Purposes under IS 2004:1991.,BIS Standard Catalog,1.15,Bureau of Indian Standards Official Gazette,Metallurgical Engineering,Metals & Mining,"Indian Standard IS 2004:1991 specifies comprehensive scope, performance tolerances, sampling protocols and certification compliance for Carbon Steel Forgings for General Engineering Purposes.",1991,Active,Bureau of Indian Standards,True,[]
IS 1865:1991,Iron Castings with Spheroidal or Nodular Graphite - Specification,,Steel,Foundry Products,"Indian Standard IS 1865:1991 specifies comprehensive scope, performance tolerances, sampling protocols and certification compliance for Iron Castings with Spheroidal or Nodular Graphite - Specification.","['iron', 'castings', 'with', 'spheroidal', 'nodular', 'graphite', 'specification', 'foundry']","{'compliance_standard': 'IS 1865:1991', 'inspection_level': 'Standard Lot Acceptance'}",[],True,2023-01-01,Revision 1991,1991-05-10,"[{'amendment_number': 'Amd 1', 'date': '1991-05-10', 'description': 'Conformity and compliance updates'}]",Standard clause requirements for Iron Castings with Spheroidal or Nodular Graphite - Specification under IS 1865:1991.,BIS Standard Catalog,1.15,Bureau of Indian Standards Official Gazette,Metallurgical Engineering,Metals & Mining,"Indian Standard IS 1865:1991 specifies comprehensive scope, performance tolerances, sampling protocols and certification compliance for Iron Castings with Spheroidal or Nodular Graphite - Specification.",1991,Active,Bureau of Indian Standards,True,[]
IS 14329:1995,Malleable Iron Castings - Specification,,Steel,Foundry Products,"Indian Standard IS 14329:1995 specifies comprehensive scope, performance tolerances, sampling protocols and certification compliance for Malleable Iron Castings - Specification.","['malleable', 'iron', 'castings', 'specification', 'foundry', 'products']","{'compliance_standard': 'IS 14329:1995', 'inspection_level': 'Standard Lot Acceptance'}",[],True,2023-01-01,Revision 1995,1995-05-10,"[{'amendment_number': 'Amd 1', 'date': '1995-05-10', 'description': 'Conformity and compliance updates'}]",Standard clause requirements for Malleable Iron Castings - Specification under IS 14329:1995.,BIS Standard Catalog,1.15,Bureau of Indian Standards Official Gazette,Metallurgical Engineering,Metals & Mining,"Indian Standard IS 14329:1995 specifies comprehensive scope, performance tolerances, sampling protocols and certification compliance for Malleable Iron Castings - Specification.",1995,Active,Bureau of Indian Standards,True,[]
IS 1285:2002,Wrought Aluminium and Aluminium Alloy Extruded Round Tube,,Steel,Non-Ferrous Metals,"Indian Standard IS 1285:2002 specifies comprehensive scope, performance tolerances, sampling protocols and certification compliance for Wrought Aluminium and Aluminium Alloy Extruded Round Tube.","['wrought', 'aluminium', 'and', 'aluminium', 'alloy', 'extruded', 'round', 'tube']","{'compliance_standard': 'IS 1285:2002', 'inspection_level': 'Standard Lot Acceptance'}",[],True,2023-09-01,Revision 2002,2002-05-10,"[{'amendment_number': 'Amd 1', 'date': '2002-05-10', 'description': 'Conformity and compliance updates'}]",Standard clause requirements for Wrought Aluminium and Aluminium Alloy Extruded Round Tube under IS 1285:2002.,BIS Standard Catalog,1.15,Bureau of Indian Standards Official Gazette,Metallurgical Engineering,Metals & Mining,"Indian Standard IS 1285:2002 specifies comprehensive scope, performance tolerances, sampling protocols and certification compliance for Wrought Aluminium and Aluminium Alloy Extruded Round Tube.",2002,Active,Bureau of Indian Standards,True,[]
IS 319:2007,"Free Cutting Lead-Bearing Brass Bars, Rods and Sections",,Steel,Non-Ferrous Metals,"Indian Standard IS 319:2007 specifies comprehensive scope, performance tolerances, sampling protocols and certification compliance for Free Cutting Lead-Bearing Brass Bars, Rods and Sections.","['free', 'cutting', 'lead', 'bearing', 'brass', 'bars', 'rods', 'and']","{'compliance_standard': 'IS 319:2007', 'inspection_level': 'Standard Lot Acceptance'}",[],True,2023-09-01,Revision 2007,2007-05-10,"[{'amendment_number': 'Amd 1', 'date': '2007-05-10', 'description': 'Conformity and compliance updates'}]","Standard clause requirements for Free Cutting Lead-Bearing Brass Bars, Rods and Sections under IS 319:2007.",BIS Standard Catalog,1.15,Bureau of Indian Standards Official Gazette,Metallurgical Engineering,Metals & Mining,"Indian Standard IS 319:2007 specifies comprehensive scope, performance tolerances, sampling protocols and certification compliance for Free Cutting Lead-Bearing Brass Bars, Rods and Sections.",2007,Active,Bureau of Indian Standards,True,[]
IS 191:2007,"Copper - Specification (Ingots, Bars, Cathodes)",,Steel,Non-Ferrous Metals,"Indian Standard IS 191:2007 specifies comprehensive scope, performance tolerances, sampling protocols and certification compliance for Copper - Specification (Ingots, Bars, Cathodes).","['copper', 'specification', 'ingots', 'bars', 'cathodes', 'non', 'ferrous', 'metals']","{'compliance_standard': 'IS 191:2007', 'inspection_level': 'Standard Lot Acceptance'}",[],True,2023-09-01,Revision 2007,2007-05-10,"[{'amendment_number': 'Amd 1', 'date': '2007-05-10', 'description': 'Conformity and compliance updates'}]","Standard clause requirements for Copper - Specification (Ingots, Bars, Cathodes) under IS 191:2007.",BIS Standard Catalog,1.15,Bureau of Indian Standards Official Gazette,Metallurgical Engineering,Metals & Mining,"Indian Standard IS 191:2007 specifies comprehensive scope, performance tolerances, sampling protocols and certification compliance for Copper - Specification (Ingots, Bars, Cathodes).",2007,Active,Bureau of Indian Standards,True,[]
IS 694 (Part 2):2020,Heat Resistant PVC Insulated Cables for Working Voltages up to 1100 V,,Electrical,Power Cables,"Indian Standard IS 694 (Part 2):2020 specifies comprehensive scope, performance tolerances, sampling protocols and certification compliance for Heat Resistant PVC Insulated Cables for Working Voltages up to 1100 V.","['heat', 'resistant', 'pvc', 'insulated', 'cables', 'for', 'working', 'voltages']","{'compliance_standard': 'IS 694 (Part 2):2020', 'inspection_level': 'Standard Lot Acceptance'}",[],True,2023-01-01,Revision 2020,2020-05-10,"[{'amendment_number': 'Amd 1', 'date': '2020-05-10', 'description': 'Conformity and compliance updates'}]",Standard clause requirements for Heat Resistant PVC Insulated Cables for Working Voltages up to 1100 V under IS 694 (Part 2):2020.,BIS Standard Catalog,1.15,Bureau of Indian Standards Official Gazette,Electrotechnical,Power & Energy,"Indian Standard IS 694 (Part 2):2020 specifies comprehensive scope, performance tolerances, sampling protocols and certification compliance for Heat Resistant PVC Insulated Cables for Working Voltages up to 1100 V.",2020,Active,Bureau of Indian Standards,True,[]
IS 10810 (Part 1 to 64),Methods of Test for Cables - General and Electrical Tests,,Electrical,Cable Testing,"Indian Standard IS 10810 (Part 1 to 64) specifies comprehensive scope, performance tolerances, sampling protocols and certification compliance for Methods of Test for Cables - General and Electrical Tests.","['methods', 'test', 'for', 'cables', 'general', 'and', 'electrical', 'tests']","{'compliance_standard': 'IS 10810 (Part 1 to 64)', 'inspection_level': 'Standard Lot Acceptance'}",[],False,,Revision 2020,2020-05-10,"[{'amendment_number': 'Amd 1', 'date': '2020-05-10', 'description': 'Conformity and compliance updates'}]",Standard clause requirements for Methods of Test for Cables - General and Electrical Tests under IS 10810 (Part 1 to 64).,BIS Standard Catalog,1.0,Bureau of Indian Standards Official Gazette,Electrotechnical,Power & Energy,"Indian Standard IS 10810 (Part 1 to 64) specifies comprehensive scope, performance tolerances, sampling protocols and certification compliance for Methods of Test for Cables - General and Electrical Tests.",2020,Active,Bureau of Indian Standards,False,[]
IS 3975:1999,"Low Carbon Galvanized Steel Wires, Formed Wires and Tapes for Armouring of Cables",,Electrical,Cable Accessories,"Indian Standard IS 3975:1999 specifies comprehensive scope, performance tolerances, sampling protocols and certification compliance for Low Carbon Galvanized Steel Wires, Formed Wires and Tapes for Armouring of Cables.","['low', 'carbon', 'galvanized', 'steel', 'wires', 'formed', 'wires', 'and']","{'compliance_standard': 'IS 3975:1999', 'inspection_level': 'Standard Lot Acceptance'}",[],True,2023-01-01,Revision 1999,1999-05-10,"[{'amendment_number': 'Amd 1', 'date': '1999-05-10', 'description': 'Conformity and compliance updates'}]","Standard clause requirements for Low Carbon Galvanized Steel Wires, Formed Wires and Tapes for Armouring of Cables under IS 3975:1999.",BIS Standard Catalog,1.15,Bureau of Indian Standards Official Gazette,Electrotechnical,Power & Energy,"Indian Standard IS 3975:1999 specifies comprehensive scope, performance tolerances, sampling protocols and certification compliance for Low Carbon Galvanized Steel Wires, Formed Wires and Tapes for Armouring of Cables.",1999,Active,Bureau of Indian Standards,True,[]
IS 8130:2013,Conductors for Insulated Electric Cables and Flexible Cords,,Electrical,Conductors,"Indian Standard IS 8130:2013 specifies comprehensive scope, performance tolerances, sampling protocols and certification compliance for Conductors for Insulated Electric Cables and Flexible Cords.","['conductors', 'for', 'insulated', 'electric', 'cables', 'and', 'flexible', 'cords']","{'compliance_standard': 'IS 8130:2013', 'inspection_level': 'Standard Lot Acceptance'}",[],True,2023-01-01,Revision 2013,2013-05-10,"[{'amendment_number': 'Amd 1', 'date': '2013-05-10', 'description': 'Conformity and compliance updates'}]",Standard clause requirements for Conductors for Insulated Electric Cables and Flexible Cords under IS 8130:2013.,BIS Standard Catalog,1.15,Bureau of Indian Standards Official Gazette,Electrotechnical,Power & Energy,"Indian Standard IS 8130:2013 specifies comprehensive scope, performance tolerances, sampling protocols and certification compliance for Conductors for Insulated Electric Cables and Flexible Cords.",2013,Active,Bureau of Indian Standards,True,[]
IS 335:2018,New Insulating Oils - Specification (Mineral Insulating Oil for Transformers and Switchgear),,Electrical,Insulating Oils,"Indian Standard IS 335:2018 specifies comprehensive scope, performance tolerances, sampling protocols and certification compliance for New Insulating Oils - Specification (Mineral Insulating Oil for Transformers and Switchgear).","['new', 'insulating', 'oils', 'specification', 'mineral', 'insulating', 'oil', 'for']","{'compliance_standard': 'IS 335:2018', 'inspection_level': 'Standard Lot Acceptance'}",[],True,2023-01-01,Revision 2018,2018-05-10,"[{'amendment_number': 'Amd 1', 'date': '2018-05-10', 'description': 'Conformity and compliance updates'}]",Standard clause requirements for New Insulating Oils - Specification (Mineral Insulating Oil for Transformers and Switchgear) under IS 335:2018.,BIS Standard Catalog,1.15,Bureau of Indian Standards Official Gazette,Electrotechnical,Power & Energy,"Indian Standard IS 335:2018 specifies comprehensive scope, performance tolerances, sampling protocols and certification compliance for New Insulating Oils - Specification (Mineral Insulating Oil for Transformers and Switchgear).",2018,Active,Bureau of Indian Standards,True,[]
IS 1866:2020,Code of Practice for Electrical Maintenance and Supervision of Mineral Insulating Oil in Equipment,,Electrical,Insulating Oils,"Indian Standard IS 1866:2020 specifies comprehensive scope, performance tolerances, sampling protocols and certification compliance for Code of Practice for Electrical Maintenance and Supervision of Mineral Insulating Oil in Equipment.","['code', 'practice', 'for', 'electrical', 'maintenance', 'and', 'supervision', 'mineral']","{'compliance_standard': 'IS 1866:2020', 'inspection_level': 'Standard Lot Acceptance'}",[],False,,Revision 2020,2020-05-10,"[{'amendment_number': 'Amd 1', 'date': '2020-05-10', 'description': 'Conformity and compliance updates'}]",Standard clause requirements for Code of Practice for Electrical Maintenance and Supervision of Mineral Insulating Oil in Equipment under IS 1866:2020.,BIS Standard Catalog,1.0,Bureau of Indian Standards Official Gazette,Electrotechnical,Power & Energy,"Indian Standard IS 1866:2020 specifies comprehensive scope, performance tolerances, sampling protocols and certification compliance for Code of Practice for Electrical Maintenance and Supervision of Mineral Insulating Oil in Equipment.",2020,Active,Bureau of Indian Standards,False,[]
IS 732:2019,Code of Practice for Electrical Wiring Installations,,Electrical,Electrical Safety,"Indian Standard IS 732:2019 specifies comprehensive scope, performance tolerances, sampling protocols and certification compliance for Code of Practice for Electrical Wiring Installations.","['code', 'practice', 'for', 'electrical', 'wiring', 'installations', 'electrical', 'safety']","{'compliance_standard': 'IS 732:2019', 'inspection_level': 'Standard Lot Acceptance'}",[],False,,Revision 2019,2019-05-10,"[{'amendment_number': 'Amd 1', 'date': '2019-05-10', 'description': 'Conformity and compliance updates'}]",Standard clause requirements for Code of Practice for Electrical Wiring Installations under IS 732:2019.,BIS Standard Catalog,1.0,Bureau of Indian Standards Official Gazette,Electrotechnical,Power & Energy,"Indian Standard IS 732:2019 specifies comprehensive scope, performance tolerances, sampling protocols and certification compliance for Code of Practice for Electrical Wiring Installations.",2019,Active,Bureau of Indian Standards,False,[]
IS 16503:2017,Low Voltage Switchgear and Controlgear - Contactors and Motor-Starters,,Electrical,Switchgear,"Indian Standard IS 16503:2017 specifies comprehensive scope, performance tolerances, sampling protocols and certification compliance for Low Voltage Switchgear and Controlgear - Contactors and Motor-Starters.","['low', 'voltage', 'switchgear', 'and', 'controlgear', 'contactors', 'and', 'motor']","{'compliance_standard': 'IS 16503:2017', 'inspection_level': 'Standard Lot Acceptance'}",[],True,2023-01-01,Revision 2017,2017-05-10,"[{'amendment_number': 'Amd 1', 'date': '2017-05-10', 'description': 'Conformity and compliance updates'}]",Standard clause requirements for Low Voltage Switchgear and Controlgear - Contactors and Motor-Starters under IS 16503:2017.,BIS Standard Catalog,1.15,Bureau of Indian Standards Official Gazette,Electrotechnical,Power & Energy,"Indian Standard IS 16503:2017 specifies comprehensive scope, performance tolerances, sampling protocols and certification compliance for Low Voltage Switchgear and Controlgear - Contactors and Motor-Starters.",2017,Active,Bureau of Indian Standards,True,[]
IS 15959 (Part 1):2011,"Data Exchange for Electricity Meter Reading, Tariff and Load Control - Companion Specification",,Electrical,Smart Metering,"Indian Standard IS 15959 (Part 1):2011 specifies comprehensive scope, performance tolerances, sampling protocols and certification compliance for Data Exchange for Electricity Meter Reading, Tariff and Load Control - Companion Specification.","['data', 'exchange', 'for', 'electricity', 'meter', 'reading', 'tariff', 'and']","{'compliance_standard': 'IS 15959 (Part 1):2011', 'inspection_level': 'Standard Lot Acceptance'}",[],False,,Revision 2011,2011-05-10,"[{'amendment_number': 'Amd 1', 'date': '2011-05-10', 'description': 'Conformity and compliance updates'}]","Standard clause requirements for Data Exchange for Electricity Meter Reading, Tariff and Load Control - Companion Specification under IS 15959 (Part 1):2011.",BIS Standard Catalog,1.0,Bureau of Indian Standards Official Gazette,Electrotechnical,Power & Energy,"Indian Standard IS 15959 (Part 1):2011 specifies comprehensive scope, performance tolerances, sampling protocols and certification compliance for Data Exchange for Electricity Meter Reading, Tariff and Load Control - Companion Specification.",2011,Active,Bureau of Indian Standards,False,[]
IS 15959 (Part 2):2016,Smart Meter Data Exchange - Smart Meter Companion Specification for DLMS/COSEM,,Electrical,Smart Metering,"Indian Standard IS 15959 (Part 2):2016 specifies comprehensive scope, performance tolerances, sampling protocols and certification compliance for Smart Meter Data Exchange - Smart Meter Companion Specification for DLMS/COSEM.","['smart', 'meter', 'data', 'exchange', 'smart', 'meter', 'companion', 'specification']","{'compliance_standard': 'IS 15959 (Part 2):2016', 'inspection_level': 'Standard Lot Acceptance'}",[],False,,Revision 2016,2016-05-10,"[{'amendment_number': 'Amd 1', 'date': '2016-05-10', 'description': 'Conformity and compliance updates'}]",Standard clause requirements for Smart Meter Data Exchange - Smart Meter Companion Specification for DLMS/COSEM under IS 15959 (Part 2):2016.,BIS Standard Catalog,1.0,Bureau of Indian Standards Official Gazette,Electrotechnical,Power & Energy,"Indian Standard IS 15959 (Part 2):2016 specifies comprehensive scope, performance tolerances, sampling protocols and certification compliance for Smart Meter Data Exchange - Smart Meter Companion Specification for DLMS/COSEM.",2016,Active,Bureau of Indian Standards,False,[]
IS 15885 (Part 1):2011,Lamp Controlgear - General and Safety Requirements,,Electrical,Lighting,"Indian Standard IS 15885 (Part 1):2011 specifies comprehensive scope, performance tolerances, sampling protocols and certification compliance for Lamp Controlgear - General and Safety Requirements.","['lamp', 'controlgear', 'general', 'and', 'safety', 'requirements', 'lighting']","{'compliance_standard': 'IS 15885 (Part 1):2011', 'inspection_level': 'Standard Lot Acceptance'}",[],True,2023-01-01,Revision 2011,2011-05-10,"[{'amendment_number': 'Amd 1', 'date': '2011-05-10', 'description': 'Conformity and compliance updates'}]",Standard clause requirements for Lamp Controlgear - General and Safety Requirements under IS 15885 (Part 1):2011.,BIS Standard Catalog,1.15,Bureau of Indian Standards Official Gazette,Electrotechnical,Power & Energy,"Indian Standard IS 15885 (Part 1):2011 specifies comprehensive scope, performance tolerances, sampling protocols and certification compliance for Lamp Controlgear - General and Safety Requirements.",2011,Active,Bureau of Indian Standards,True,[]
IS 15885 (Part 2/Sec 13):2012,Lamp Controlgear - Particular Requirements for DC or AC Supplied Electronic Controlgear for LED Modules,,Electrical,Lighting,"Indian Standard IS 15885 (Part 2/Sec 13):2012 specifies comprehensive scope, performance tolerances, sampling protocols and certification compliance for Lamp Controlgear - Particular Requirements for DC or AC Supplied Electronic Controlgear for LED Modules.","['lamp', 'controlgear', 'particular', 'requirements', 'for', 'supplied', 'electronic', 'controlgear']","{'compliance_standard': 'IS 15885 (Part 2/Sec 13):2012', 'inspection_level': 'Standard Lot Acceptance'}",[],True,2023-01-01,Revision 2012,2012-05-10,"[{'amendment_number': 'Amd 1', 'date': '2012-05-10', 'description': 'Conformity and compliance updates'}]",Standard clause requirements for Lamp Controlgear - Particular Requirements for DC or AC Supplied Electronic Controlgear for LED Modules under IS 15885 (Part 2/Sec 13):2012.,BIS Standard Catalog,1.15,Bureau of Indian Standards Official Gazette,Electrotechnical,Power & Energy,"Indian Standard IS 15885 (Part 2/Sec 13):2012 specifies comprehensive scope, performance tolerances, sampling protocols and certification compliance for Lamp Controlgear - Particular Requirements for DC or AC Supplied Electronic Controlgear for LED Modules.",2012,Active,Bureau of Indian Standards,True,[]
IS 16101:2012,General Lighting - LEDs and LED Modules - Terms and Definitions,,Electrical,Lighting,"Indian Standard IS 16101:2012 specifies comprehensive scope, performance tolerances, sampling protocols and certification compliance for General Lighting - LEDs and LED Modules - Terms and Definitions.","['general', 'lighting', 'leds', 'and', 'led', 'modules', 'terms', 'and']","{'compliance_standard': 'IS 16101:2012', 'inspection_level': 'Standard Lot Acceptance'}",[],False,,Revision 2012,2012-05-10,"[{'amendment_number': 'Amd 1', 'date': '2012-05-10', 'description': 'Conformity and compliance updates'}]",Standard clause requirements for General Lighting - LEDs and LED Modules - Terms and Definitions under IS 16101:2012.,BIS Standard Catalog,1.0,Bureau of Indian Standards Official Gazette,Electrotechnical,Power & Energy,"Indian Standard IS 16101:2012 specifies comprehensive scope, performance tolerances, sampling protocols and certification compliance for General Lighting - LEDs and LED Modules - Terms and Definitions.",2012,Active,Bureau of Indian Standards,False,[]
IS 16102 (Part 2):2012,Self-Ballasted LED Lamps for General Lighting Services - Performance Requirements,,Electrical,Lighting,"Indian Standard IS 16102 (Part 2):2012 specifies comprehensive scope, performance tolerances, sampling protocols and certification compliance for Self-Ballasted LED Lamps for General Lighting Services - Performance Requirements.","['self', 'ballasted', 'led', 'lamps', 'for', 'general', 'lighting', 'services']","{'compliance_standard': 'IS 16102 (Part 2):2012', 'inspection_level': 'Standard Lot Acceptance'}",[],True,2023-01-01,Revision 2012,2012-05-10,"[{'amendment_number': 'Amd 1', 'date': '2012-05-10', 'description': 'Conformity and compliance updates'}]",Standard clause requirements for Self-Ballasted LED Lamps for General Lighting Services - Performance Requirements under IS 16102 (Part 2):2012.,BIS Standard Catalog,1.15,Bureau of Indian Standards Official Gazette,Electrotechnical,Power & Energy,"Indian Standard IS 16102 (Part 2):2012 specifies comprehensive scope, performance tolerances, sampling protocols and certification compliance for Self-Ballasted LED Lamps for General Lighting Services - Performance Requirements.",2012,Active,Bureau of Indian Standards,True,[]
IS 16103 (Part 2):2012,LED Modules for General Lighting - Performance Requirements,,Electrical,Lighting,"Indian Standard IS 16103 (Part 2):2012 specifies comprehensive scope, performance tolerances, sampling protocols and certification compliance for LED Modules for General Lighting - Performance Requirements.","['led', 'modules', 'for', 'general', 'lighting', 'performance', 'requirements', 'lighting']","{'compliance_standard': 'IS 16103 (Part 2):2012', 'inspection_level': 'Standard Lot Acceptance'}",[],True,2023-01-01,Revision 2012,2012-05-10,"[{'amendment_number': 'Amd 1', 'date': '2012-05-10', 'description': 'Conformity and compliance updates'}]",Standard clause requirements for LED Modules for General Lighting - Performance Requirements under IS 16103 (Part 2):2012.,BIS Standard Catalog,1.15,Bureau of Indian Standards Official Gazette,Electrotechnical,Power & Energy,"Indian Standard IS 16103 (Part 2):2012 specifies comprehensive scope, performance tolerances, sampling protocols and certification compliance for LED Modules for General Lighting - Performance Requirements.",2012,Active,Bureau of Indian Standards,True,[]
IS 16105:2012,Method of Measurement of Lumen Maintenance of LED Light Sources (LM-80),,Electrical,Lighting,"Indian Standard IS 16105:2012 specifies comprehensive scope, performance tolerances, sampling protocols and certification compliance for Method of Measurement of Lumen Maintenance of LED Light Sources (LM-80).","['method', 'measurement', 'lumen', 'maintenance', 'led', 'light', 'sources', 'lighting']","{'compliance_standard': 'IS 16105:2012', 'inspection_level': 'Standard Lot Acceptance'}",[],False,,Revision 2012,2012-05-10,"[{'amendment_number': 'Amd 1', 'date': '2012-05-10', 'description': 'Conformity and compliance updates'}]",Standard clause requirements for Method of Measurement of Lumen Maintenance of LED Light Sources (LM-80) under IS 16105:2012.,BIS Standard Catalog,1.0,Bureau of Indian Standards Official Gazette,Electrotechnical,Power & Energy,"Indian Standard IS 16105:2012 specifies comprehensive scope, performance tolerances, sampling protocols and certification compliance for Method of Measurement of Lumen Maintenance of LED Light Sources (LM-80).",2012,Active,Bureau of Indian Standards,False,[]
IS 16106:2012,Method of Electrical and Photometric Measurements of Solid-State Lighting (LED) Products (LM-79),,Electrical,Lighting,"Indian Standard IS 16106:2012 specifies comprehensive scope, performance tolerances, sampling protocols and certification compliance for Method of Electrical and Photometric Measurements of Solid-State Lighting (LED) Products (LM-79).","['method', 'electrical', 'and', 'photometric', 'measurements', 'solid', 'state', 'lighting']","{'compliance_standard': 'IS 16106:2012', 'inspection_level': 'Standard Lot Acceptance'}",[],False,,Revision 2012,2012-05-10,"[{'amendment_number': 'Amd 1', 'date': '2012-05-10', 'description': 'Conformity and compliance updates'}]",Standard clause requirements for Method of Electrical and Photometric Measurements of Solid-State Lighting (LED) Products (LM-79) under IS 16106:2012.,BIS Standard Catalog,1.0,Bureau of Indian Standards Official Gazette,Electrotechnical,Power & Energy,"Indian Standard IS 16106:2012 specifies comprehensive scope, performance tolerances, sampling protocols and certification compliance for Method of Electrical and Photometric Measurements of Solid-State Lighting (LED) Products (LM-79).",2012,Active,Bureau of Indian Standards,False,[]
IS 16108:2012,Photobiological Safety of Lamps and Lamp Systems (Blue Light Hazard),,Electrical,Lighting,"Indian Standard IS 16108:2012 specifies comprehensive scope, performance tolerances, sampling protocols and certification compliance for Photobiological Safety of Lamps and Lamp Systems (Blue Light Hazard).","['photobiological', 'safety', 'lamps', 'and', 'lamp', 'systems', 'blue', 'light']","{'compliance_standard': 'IS 16108:2012', 'inspection_level': 'Standard Lot Acceptance'}",[],True,2023-01-01,Revision 2012,2012-05-10,"[{'amendment_number': 'Amd 1', 'date': '2012-05-10', 'description': 'Conformity and compliance updates'}]",Standard clause requirements for Photobiological Safety of Lamps and Lamp Systems (Blue Light Hazard) under IS 16108:2012.,BIS Standard Catalog,1.15,Bureau of Indian Standards Official Gazette,Electrotechnical,Power & Energy,"Indian Standard IS 16108:2012 specifies comprehensive scope, performance tolerances, sampling protocols and certification compliance for Photobiological Safety of Lamps and Lamp Systems (Blue Light Hazard).",2012,Active,Bureau of Indian Standards,True,[]
IS 15086 (Part 1):2013,Surge Arresters - Part 1: Non-Linear Resistor-Type Gapped Surge Arresters for AC Systems,,Electrical,Protection Systems,"Indian Standard IS 15086 (Part 1):2013 specifies comprehensive scope, performance tolerances, sampling protocols and certification compliance for Surge Arresters - Part 1: Non-Linear Resistor-Type Gapped Surge Arresters for AC Systems.","['surge', 'arresters', 'part', 'non', 'linear', 'resistor', 'type', 'gapped']","{'compliance_standard': 'IS 15086 (Part 1):2013', 'inspection_level': 'Standard Lot Acceptance'}",[],False,,Revision 2013,2013-05-10,"[{'amendment_number': 'Amd 1', 'date': '2013-05-10', 'description': 'Conformity and compliance updates'}]",Standard clause requirements for Surge Arresters - Part 1: Non-Linear Resistor-Type Gapped Surge Arresters for AC Systems under IS 15086 (Part 1):2013.,BIS Standard Catalog,1.0,Bureau of Indian Standards Official Gazette,Electrotechnical,Power & Energy,"Indian Standard IS 15086 (Part 1):2013 specifies comprehensive scope, performance tolerances, sampling protocols and certification compliance for Surge Arresters - Part 1: Non-Linear Resistor-Type Gapped Surge Arresters for AC Systems.",2013,Active,Bureau of Indian Standards,False,[]
IS 12459:1988,Code of Practice for Fire Safety in Cable Runs,,Electrical,Fire Safety,"Indian Standard IS 12459:1988 specifies comprehensive scope, performance tolerances, sampling protocols and certification compliance for Code of Practice for Fire Safety in Cable Runs.","['code', 'practice', 'for', 'fire', 'safety', 'cable', 'runs', 'fire']","{'compliance_standard': 'IS 12459:1988', 'inspection_level': 'Standard Lot Acceptance'}",[],False,,Revision 1988,1988-05-10,"[{'amendment_number': 'Amd 1', 'date': '1988-05-10', 'description': 'Conformity and compliance updates'}]",Standard clause requirements for Code of Practice for Fire Safety in Cable Runs under IS 12459:1988.,BIS Standard Catalog,1.0,Bureau of Indian Standards Official Gazette,Electrotechnical,Power & Energy,"Indian Standard IS 12459:1988 specifies comprehensive scope, performance tolerances, sampling protocols and certification compliance for Code of Practice for Fire Safety in Cable Runs.",1988,Active,Bureau of Indian Standards,False,[]
IS 16504:2017,Miniature Fuses - Cartridge Fuse-Links,,Electrical,Circuit Protection,"Indian Standard IS 16504:2017 specifies comprehensive scope, performance tolerances, sampling protocols and certification compliance for Miniature Fuses - Cartridge Fuse-Links.","['miniature', 'fuses', 'cartridge', 'fuse', 'links', 'circuit', 'protection']","{'compliance_standard': 'IS 16504:2017', 'inspection_level': 'Standard Lot Acceptance'}",[],True,2023-01-01,Revision 2017,2017-05-10,"[{'amendment_number': 'Amd 1', 'date': '2017-05-10', 'description': 'Conformity and compliance updates'}]",Standard clause requirements for Miniature Fuses - Cartridge Fuse-Links under IS 16504:2017.,BIS Standard Catalog,1.15,Bureau of Indian Standards Official Gazette,Electrotechnical,Power & Energy,"Indian Standard IS 16504:2017 specifies comprehensive scope, performance tolerances, sampling protocols and certification compliance for Miniature Fuses - Cartridge Fuse-Links.",2017,Active,Bureau of Indian Standards,True,[]
IS 14144:1994,Digital Cellular Telecommunications System - Mobile Station Equipment,,Electronics,Telecommunications,"Indian Standard IS 14144:1994 specifies comprehensive scope, performance tolerances, sampling protocols and certification compliance for Digital Cellular Telecommunications System - Mobile Station Equipment.","['digital', 'cellular', 'telecommunications', 'system', 'mobile', 'station', 'equipment', 'telecommunications']","{'compliance_standard': 'IS 14144:1994', 'inspection_level': 'Standard Lot Acceptance'}",[],True,2023-01-01,Revision 1994,1994-05-10,"[{'amendment_number': 'Amd 1', 'date': '1994-05-10', 'description': 'Conformity and compliance updates'}]",Standard clause requirements for Digital Cellular Telecommunications System - Mobile Station Equipment under IS 14144:1994.,BIS Standard Catalog,1.15,Bureau of Indian Standards Official Gazette,Electronics & Information Technology,Consumer Electronics & IT,"Indian Standard IS 14144:1994 specifies comprehensive scope, performance tolerances, sampling protocols and certification compliance for Digital Cellular Telecommunications System - Mobile Station Equipment.",1994,Active,Bureau of Indian Standards,True,[]
IS 15144:2002,Telecom Power Supplies - Switch Mode Power Supply (SMPS) Units,,Electronics,Power Electronics,"Indian Standard IS 15144:2002 specifies comprehensive scope, performance tolerances, sampling protocols and certification compliance for Telecom Power Supplies - Switch Mode Power Supply (SMPS) Units.","['telecom', 'power', 'supplies', 'switch', 'mode', 'power', 'supply', 'smps']","{'compliance_standard': 'IS 15144:2002', 'inspection_level': 'Standard Lot Acceptance'}",[],True,2023-01-01,Revision 2002,2002-05-10,"[{'amendment_number': 'Amd 1', 'date': '2002-05-10', 'description': 'Conformity and compliance updates'}]",Standard clause requirements for Telecom Power Supplies - Switch Mode Power Supply (SMPS) Units under IS 15144:2002.,BIS Standard Catalog,1.15,Bureau of Indian Standards Official Gazette,Electronics & Information Technology,Consumer Electronics & IT,"Indian Standard IS 15144:2002 specifies comprehensive scope, performance tolerances, sampling protocols and certification compliance for Telecom Power Supplies - Switch Mode Power Supply (SMPS) Units.",2002,Active,Bureau of Indian Standards,True,[]
IS 15000:2013,Information Technology - Security Techniques - Code of Practice for Information Security Controls,,Electronics,Cybersecurity,"Indian Standard IS 15000:2013 specifies comprehensive scope, performance tolerances, sampling protocols and certification compliance for Information Technology - Security Techniques - Code of Practice for Information Security Controls.","['information', 'technology', 'security', 'techniques', 'code', 'practice', 'for', 'information']","{'compliance_standard': 'IS 15000:2013', 'inspection_level': 'Standard Lot Acceptance'}",[],False,,Revision 2013,2013-05-10,"[{'amendment_number': 'Amd 1', 'date': '2013-05-10', 'description': 'Conformity and compliance updates'}]",Standard clause requirements for Information Technology - Security Techniques - Code of Practice for Information Security Controls under IS 15000:2013.,BIS Standard Catalog,1.0,Bureau of Indian Standards Official Gazette,Electronics & Information Technology,Consumer Electronics & IT,"Indian Standard IS 15000:2013 specifies comprehensive scope, performance tolerances, sampling protocols and certification compliance for Information Technology - Security Techniques - Code of Practice for Information Security Controls.",2013,Active,Bureau of Indian Standards,False,[]
IS 16346:2019,Information Technology - Cloud Computing - Reference Architecture,,Electronics,Information Technology,"Indian Standard IS 16346:2019 specifies comprehensive scope, performance tolerances, sampling protocols and certification compliance for Information Technology - Cloud Computing - Reference Architecture.","['information', 'technology', 'cloud', 'computing', 'reference', 'architecture', 'information', 'technology']","{'compliance_standard': 'IS 16346:2019', 'inspection_level': 'Standard Lot Acceptance'}",[],False,,Revision 2019,2019-05-10,"[{'amendment_number': 'Amd 1', 'date': '2019-05-10', 'description': 'Conformity and compliance updates'}]",Standard clause requirements for Information Technology - Cloud Computing - Reference Architecture under IS 16346:2019.,BIS Standard Catalog,1.0,Bureau of Indian Standards Official Gazette,Electronics & Information Technology,Consumer Electronics & IT,"Indian Standard IS 16346:2019 specifies comprehensive scope, performance tolerances, sampling protocols and certification compliance for Information Technology - Cloud Computing - Reference Architecture.",2019,Active,Bureau of Indian Standards,False,[]
IS 17000:2020,Conformity Assessment - Vocabulary and General Principles,,Management,Quality Management,"Indian Standard IS 17000:2020 specifies comprehensive scope, performance tolerances, sampling protocols and certification compliance for Conformity Assessment - Vocabulary and General Principles.","['conformity', 'assessment', 'vocabulary', 'and', 'general', 'principles', 'quality', 'management']","{'compliance_standard': 'IS 17000:2020', 'inspection_level': 'Standard Lot Acceptance'}",[],False,,Revision 2020,2020-05-10,"[{'amendment_number': 'Amd 1', 'date': '2020-05-10', 'description': 'Conformity and compliance updates'}]",Standard clause requirements for Conformity Assessment - Vocabulary and General Principles under IS 17000:2020.,BIS Standard Catalog,1.0,Bureau of Indian Standards Official Gazette,Management & Systems,Quality Management Systems,"Indian Standard IS 17000:2020 specifies comprehensive scope, performance tolerances, sampling protocols and certification compliance for Conformity Assessment - Vocabulary and General Principles.",2020,Active,Bureau of Indian Standards,False,[]
IS/ISO 9001:2015,Quality Management Systems - Requirements,,Management,Quality Management,"Indian Standard IS/ISO 9001:2015 specifies comprehensive scope, performance tolerances, sampling protocols and certification compliance for Quality Management Systems - Requirements.","['quality', 'management', 'systems', 'requirements', 'quality', 'management']","{'compliance_standard': 'IS/ISO 9001:2015', 'inspection_level': 'Standard Lot Acceptance'}",[],False,,Revision 2015,2015-05-10,"[{'amendment_number': 'Amd 1', 'date': '2015-05-10', 'description': 'Conformity and compliance updates'}]",Standard clause requirements for Quality Management Systems - Requirements under IS/ISO 9001:2015.,BIS Standard Catalog,1.0,Bureau of Indian Standards Official Gazette,Management & Systems,Quality Management Systems,"Indian Standard IS/ISO 9001:2015 specifies comprehensive scope, performance tolerances, sampling protocols and certification compliance for Quality Management Systems - Requirements.",2015,Active,Bureau of Indian Standards,False,[]
IS/ISO 14001:2015,Environmental Management Systems - Requirements with Guidance for Use,,Management,Environmental Management,"Indian Standard IS/ISO 14001:2015 specifies comprehensive scope, performance tolerances, sampling protocols and certification compliance for Environmental Management Systems - Requirements with Guidance for Use.","['environmental', 'management', 'systems', 'requirements', 'with', 'guidance', 'for', 'use']","{'compliance_standard': 'IS/ISO 14001:2015', 'inspection_level': 'Standard Lot Acceptance'}",[],False,,Revision 2015,2015-05-10,"[{'amendment_number': 'Amd 1', 'date': '2015-05-10', 'description': 'Conformity and compliance updates'}]",Standard clause requirements for Environmental Management Systems - Requirements with Guidance for Use under IS/ISO 14001:2015.,BIS Standard Catalog,1.0,Bureau of Indian Standards Official Gazette,Management & Systems,Quality Management Systems,"Indian Standard IS/ISO 14001:2015 specifies comprehensive scope, performance tolerances, sampling protocols and certification compliance for Environmental Management Systems - Requirements with Guidance for Use.",2015,Active,Bureau of Indian Standards,False,[]
IS/ISO 45001:2018,Occupational Health and Safety Management Systems - Requirements,,Management,Occupational Safety,"Indian Standard IS/ISO 45001:2018 specifies comprehensive scope, performance tolerances, sampling protocols and certification compliance for Occupational Health and Safety Management Systems - Requirements.","['occupational', 'health', 'and', 'safety', 'management', 'systems', 'requirements', 'occupational']","{'compliance_standard': 'IS/ISO 45001:2018', 'inspection_level': 'Standard Lot Acceptance'}",[],False,,Revision 2018,2018-05-10,"[{'amendment_number': 'Amd 1', 'date': '2018-05-10', 'description': 'Conformity and compliance updates'}]",Standard clause requirements for Occupational Health and Safety Management Systems - Requirements under IS/ISO 45001:2018.,BIS Standard Catalog,1.0,Bureau of Indian Standards Official Gazette,Management & Systems,Quality Management Systems,"Indian Standard IS/ISO 45001:2018 specifies comprehensive scope, performance tolerances, sampling protocols and certification compliance for Occupational Health and Safety Management Systems - Requirements.",2018,Active,Bureau of Indian Standards,False,[]
IS/ISO 22000:2018,Food Safety Management Systems - Requirements for Any Organization in the Food Chain,,Food,Food Safety Systems,"Indian Standard IS/ISO 22000:2018 specifies comprehensive scope, performance tolerances, sampling protocols and certification compliance for Food Safety Management Systems - Requirements for Any Organization in the Food Chain.","['food', 'safety', 'management', 'systems', 'requirements', 'for', 'any', 'organization']","{'compliance_standard': 'IS/ISO 22000:2018', 'inspection_level': 'Standard Lot Acceptance'}",[],False,,Revision 2018,2018-05-10,"[{'amendment_number': 'Amd 1', 'date': '2018-05-10', 'description': 'Conformity and compliance updates'}]",Standard clause requirements for Food Safety Management Systems - Requirements for Any Organization in the Food Chain under IS/ISO 22000:2018.,BIS Standard Catalog,1.0,Bureau of Indian Standards Official Gazette,Food & Agriculture,Food Processing & Safety,"Indian Standard IS/ISO 22000:2018 specifies comprehensive scope, performance tolerances, sampling protocols and certification compliance for Food Safety Management Systems - Requirements for Any Organization in the Food Chain.",2018,Active,Bureau of Indian Standards,False,[]
IS 16391:2015,Agrotextiles - Shade Nets for Agriculture and Horticulture - Specification,,Textiles,Technical Textiles,"Indian Standard IS 16391:2015 specifies comprehensive scope, performance tolerances, sampling protocols and certification compliance for Agrotextiles - Shade Nets for Agriculture and Horticulture - Specification.","['agrotextiles', 'shade', 'nets', 'for', 'agriculture', 'and', 'horticulture', 'specification']","{'compliance_standard': 'IS 16391:2015', 'inspection_level': 'Standard Lot Acceptance'}",[],True,2023-04-01,Revision 2015,2015-05-10,"[{'amendment_number': 'Amd 1', 'date': '2015-05-10', 'description': 'Conformity and compliance updates'}]",Standard clause requirements for Agrotextiles - Shade Nets for Agriculture and Horticulture - Specification under IS 16391:2015.,BIS Standard Catalog,1.15,Bureau of Indian Standards Official Gazette,Textiles,Technical Textiles & Packaging,"Indian Standard IS 16391:2015 specifies comprehensive scope, performance tolerances, sampling protocols and certification compliance for Agrotextiles - Shade Nets for Agriculture and Horticulture - Specification.",2015,Active,Bureau of Indian Standards,True,[]
IS 16186:2014,Textiles - High Density Polyethylene (HDPE)/Polypropylene (PP) Woven Sacks for Packaging of Cement,,Textiles,Packaging Bags,"Indian Standard IS 16186:2014 specifies comprehensive scope, performance tolerances, sampling protocols and certification compliance for Textiles - High Density Polyethylene (HDPE)/Polypropylene (PP) Woven Sacks for Packaging of Cement.","['textiles', 'high', 'density', 'polyethylene', 'hdpe', 'polypropylene', 'woven', 'sacks']","{'compliance_standard': 'IS 16186:2014', 'inspection_level': 'Standard Lot Acceptance'}",[],True,2023-01-01,Revision 2014,2014-05-10,"[{'amendment_number': 'Amd 1', 'date': '2014-05-10', 'description': 'Conformity and compliance updates'}]",Standard clause requirements for Textiles - High Density Polyethylene (HDPE)/Polypropylene (PP) Woven Sacks for Packaging of Cement under IS 16186:2014.,BIS Standard Catalog,1.15,Bureau of Indian Standards Official Gazette,Textiles,Technical Textiles & Packaging,"Indian Standard IS 16186:2014 specifies comprehensive scope, performance tolerances, sampling protocols and certification compliance for Textiles - High Density Polyethylene (HDPE)/Polypropylene (PP) Woven Sacks for Packaging of Cement.",2014,Active,Bureau of Indian Standards,True,[]
IS 10146:1982,"Polyethylene for its Safe Use in Contact with Foodstuffs, Pharmaceuticals and Drinking Water",,Packaging,Food Contact Plastics,"Indian Standard IS 10146:1982 specifies comprehensive scope, performance tolerances, sampling protocols and certification compliance for Polyethylene for its Safe Use in Contact with Foodstuffs, Pharmaceuticals and Drinking Water.","['polyethylene', 'for', 'its', 'safe', 'use', 'contact', 'with', 'foodstuffs']","{'compliance_standard': 'IS 10146:1982', 'inspection_level': 'Standard Lot Acceptance'}",[],True,2023-01-01,Revision 1982,1982-05-10,"[{'amendment_number': 'Amd 1', 'date': '1982-05-10', 'description': 'Conformity and compliance updates'}]","Standard clause requirements for Polyethylene for its Safe Use in Contact with Foodstuffs, Pharmaceuticals and Drinking Water under IS 10146:1982.",BIS Standard Catalog,1.15,Bureau of Indian Standards Official Gazette,Production & General Engineering,Mechanical Fasteners & Tools,"Indian Standard IS 10146:1982 specifies comprehensive scope, performance tolerances, sampling protocols and certification compliance for Polyethylene for its Safe Use in Contact with Foodstuffs, Pharmaceuticals and Drinking Water.",1982,Active,Bureau of Indian Standards,True,[]
IS 15495:2020,Printing Ink for Food Packaging - Code of Practice,,Packaging,Food Packaging,"Indian Standard IS 15495:2020 specifies comprehensive scope, performance tolerances, sampling protocols and certification compliance for Printing Ink for Food Packaging - Code of Practice.","['printing', 'ink', 'for', 'food', 'packaging', 'code', 'practice', 'food']","{'compliance_standard': 'IS 15495:2020', 'inspection_level': 'Standard Lot Acceptance'}",[],True,2023-01-01,Revision 2020,2020-05-10,"[{'amendment_number': 'Amd 1', 'date': '2020-05-10', 'description': 'Conformity and compliance updates'}]",Standard clause requirements for Printing Ink for Food Packaging - Code of Practice under IS 15495:2020.,BIS Standard Catalog,1.15,Bureau of Indian Standards Official Gazette,Production & General Engineering,Mechanical Fasteners & Tools,"Indian Standard IS 15495:2020 specifies comprehensive scope, performance tolerances, sampling protocols and certification compliance for Printing Ink for Food Packaging - Code of Practice.",2020,Active,Bureau of Indian Standards,True,[]
IS 10171:1999,Guide on Suitability of Plastics for Food Packaging,,Packaging,Food Packaging,"Indian Standard IS 10171:1999 specifies comprehensive scope, performance tolerances, sampling protocols and certification compliance for Guide on Suitability of Plastics for Food Packaging.","['guide', 'suitability', 'plastics', 'for', 'food', 'packaging', 'food', 'packaging']","{'compliance_standard': 'IS 10171:1999', 'inspection_level': 'Standard Lot Acceptance'}",[],False,,Revision 1999,1999-05-10,"[{'amendment_number': 'Amd 1', 'date': '1999-05-10', 'description': 'Conformity and compliance updates'}]",Standard clause requirements for Guide on Suitability of Plastics for Food Packaging under IS 10171:1999.,BIS Standard Catalog,1.0,Bureau of Indian Standards Official Gazette,Production & General Engineering,Mechanical Fasteners & Tools,"Indian Standard IS 10171:1999 specifies comprehensive scope, performance tolerances, sampling protocols and certification compliance for Guide on Suitability of Plastics for Food Packaging.",1999,Active,Bureau of Indian Standards,False,[]
IS 101:1987,"Methods of Sampling and Test for Paints, Varnishes and Related Products",,Chemicals,Paints Testing,"Indian Standard IS 101:1987 specifies comprehensive scope, performance tolerances, sampling protocols and certification compliance for Methods of Sampling and Test for Paints, Varnishes and Related Products.","['methods', 'sampling', 'and', 'test', 'for', 'paints', 'varnishes', 'and']","{'compliance_standard': 'IS 101:1987', 'inspection_level': 'Standard Lot Acceptance'}",[],False,,Revision 1987,1987-05-10,"[{'amendment_number': 'Amd 1', 'date': '1987-05-10', 'description': 'Conformity and compliance updates'}]","Standard clause requirements for Methods of Sampling and Test for Paints, Varnishes and Related Products under IS 101:1987.",BIS Standard Catalog,1.0,Bureau of Indian Standards Official Gazette,Chemicals,Industrial Chemicals & Coatings,"Indian Standard IS 101:1987 specifies comprehensive scope, performance tolerances, sampling protocols and certification compliance for Methods of Sampling and Test for Paints, Varnishes and Related Products.",1987,Active,Bureau of Indian Standards,False,[]
IS 1745:1978,Petroleum Hydrocarbon Solvents - Specification,,Chemicals,Industrial Solvents,"Indian Standard IS 1745:1978 specifies comprehensive scope, performance tolerances, sampling protocols and certification compliance for Petroleum Hydrocarbon Solvents - Specification.","['petroleum', 'hydrocarbon', 'solvents', 'specification', 'industrial', 'solvents']","{'compliance_standard': 'IS 1745:1978', 'inspection_level': 'Standard Lot Acceptance'}",[],True,2023-01-01,Revision 1978,1978-05-10,"[{'amendment_number': 'Amd 1', 'date': '1978-05-10', 'description': 'Conformity and compliance updates'}]",Standard clause requirements for Petroleum Hydrocarbon Solvents - Specification under IS 1745:1978.,BIS Standard Catalog,1.15,Bureau of Indian Standards Official Gazette,"Petroleum, Coal & Related Products",Petroleum & Fuels,"Indian Standard IS 1745:1978 specifies comprehensive scope, performance tolerances, sampling protocols and certification compliance for Petroleum Hydrocarbon Solvents - Specification.",1978,Active,Bureau of Indian Standards,True,[]
IS 1448 (Parts),Methods of Test for Petroleum and its Products,,Chemicals,Petroleum Testing,"Indian Standard IS 1448 (Parts) specifies comprehensive scope, performance tolerances, sampling protocols and certification compliance for Methods of Test for Petroleum and its Products.","['methods', 'test', 'for', 'petroleum', 'and', 'its', 'products', 'petroleum']","{'compliance_standard': 'IS 1448 (Parts)', 'inspection_level': 'Standard Lot Acceptance'}",[],False,,Revision 2020,2020-05-10,"[{'amendment_number': 'Amd 1', 'date': '2020-05-10', 'description': 'Conformity and compliance updates'}]",Standard clause requirements for Methods of Test for Petroleum and its Products under IS 1448 (Parts).,BIS Standard Catalog,1.0,Bureau of Indian Standards Official Gazette,"Petroleum, Coal & Related Products",Petroleum & Fuels,"Indian Standard IS 1448 (Parts) specifies comprehensive scope, performance tolerances, sampling protocols and certification compliance for Methods of Test for Petroleum and its Products.",2020,Active,Bureau of Indian Standards,False,[]
IS 1011:2002,"Caustic Soda, Pure and Technical - Specification",,Chemicals,Industrial Alkalis,"Indian Standard IS 1011:2002 specifies comprehensive scope, performance tolerances, sampling protocols and certification compliance for Caustic Soda, Pure and Technical - Specification.","['caustic', 'soda', 'pure', 'and', 'technical', 'specification', 'industrial', 'alkalis']","{'compliance_standard': 'IS 1011:2002', 'inspection_level': 'Standard Lot Acceptance'}",[],True,2023-01-01,Revision 2002,2002-05-10,"[{'amendment_number': 'Amd 1', 'date': '2002-05-10', 'description': 'Conformity and compliance updates'}]","Standard clause requirements for Caustic Soda, Pure and Technical - Specification under IS 1011:2002.",BIS Standard Catalog,1.15,Bureau of Indian Standards Official Gazette,Chemicals,Industrial Chemicals & Coatings,"Indian Standard IS 1011:2002 specifies comprehensive scope, performance tolerances, sampling protocols and certification compliance for Caustic Soda, Pure and Technical - Specification.",2002,Active,Bureau of Indian Standards,True,[]
IS 276:2000,Di-Ammonium Phosphate (DAP) - Specification,,Chemicals,Fertilizers,"Indian Standard IS 276:2000 specifies comprehensive scope, performance tolerances, sampling protocols and certification compliance for Di-Ammonium Phosphate (DAP) - Specification.","['ammonium', 'phosphate', 'dap', 'specification', 'fertilizers']","{'compliance_standard': 'IS 276:2000', 'inspection_level': 'Standard Lot Acceptance'}",[],True,2023-01-01,Revision 2000,2000-05-10,"[{'amendment_number': 'Amd 1', 'date': '2000-05-10', 'description': 'Conformity and compliance updates'}]",Standard clause requirements for Di-Ammonium Phosphate (DAP) - Specification under IS 276:2000.,BIS Standard Catalog,1.15,Bureau of Indian Standards Official Gazette,Chemicals,Industrial Chemicals & Coatings,"Indian Standard IS 276:2000 specifies comprehensive scope, performance tolerances, sampling protocols and certification compliance for Di-Ammonium Phosphate (DAP) - Specification.",2000,Active,Bureau of Indian Standards,True,[]
IS 5145:1969,Single Superphosphate (SSP) - Specification,,Chemicals,Fertilizers,"Indian Standard IS 5145:1969 specifies comprehensive scope, performance tolerances, sampling protocols and certification compliance for Single Superphosphate (SSP) - Specification.","['single', 'superphosphate', 'ssp', 'specification', 'fertilizers']","{'compliance_standard': 'IS 5145:1969', 'inspection_level': 'Standard Lot Acceptance'}",[],True,2023-01-01,Revision 1969,1969-05-10,"[{'amendment_number': 'Amd 1', 'date': '1969-05-10', 'description': 'Conformity and compliance updates'}]",Standard clause requirements for Single Superphosphate (SSP) - Specification under IS 5145:1969.,BIS Standard Catalog,1.15,Bureau of Indian Standards Official Gazette,Chemicals,Industrial Chemicals & Coatings,"Indian Standard IS 5145:1969 specifies comprehensive scope, performance tolerances, sampling protocols and certification compliance for Single Superphosphate (SSP) - Specification.",1969,Active,Bureau of Indian Standards,True,[]
IS 4931:1995,Agricultural Tractors - Rear-Mounted Power Take-Off (PTO),,Mechanical,Agricultural Machinery,"Indian Standard IS 4931:1995 specifies comprehensive scope, performance tolerances, sampling protocols and certification compliance for Agricultural Tractors - Rear-Mounted Power Take-Off (PTO).","['agricultural', 'tractors', 'rear', 'mounted', 'power', 'take', 'off', 'pto']","{'compliance_standard': 'IS 4931:1995', 'inspection_level': 'Standard Lot Acceptance'}",[],True,2023-01-01,Revision 1995,1995-05-10,"[{'amendment_number': 'Amd 1', 'date': '1995-05-10', 'description': 'Conformity and compliance updates'}]",Standard clause requirements for Agricultural Tractors - Rear-Mounted Power Take-Off (PTO) under IS 4931:1995.,BIS Standard Catalog,1.15,Bureau of Indian Standards Official Gazette,Mechanical Engineering,Industrial Machinery & Appliances,"Indian Standard IS 4931:1995 specifies comprehensive scope, performance tolerances, sampling protocols and certification compliance for Agricultural Tractors - Rear-Mounted Power Take-Off (PTO).",1995,Active,Bureau of Indian Standards,True,[]
IS 8132:1999,Tractors and Machinery for Agriculture - Operator Manuals and Technical Publications,,Mechanical,Agricultural Machinery,"Indian Standard IS 8132:1999 specifies comprehensive scope, performance tolerances, sampling protocols and certification compliance for Tractors and Machinery for Agriculture - Operator Manuals and Technical Publications.","['tractors', 'and', 'machinery', 'for', 'agriculture', 'operator', 'manuals', 'and']","{'compliance_standard': 'IS 8132:1999', 'inspection_level': 'Standard Lot Acceptance'}",[],False,,Revision 1999,1999-05-10,"[{'amendment_number': 'Amd 1', 'date': '1999-05-10', 'description': 'Conformity and compliance updates'}]",Standard clause requirements for Tractors and Machinery for Agriculture - Operator Manuals and Technical Publications under IS 8132:1999.,BIS Standard Catalog,1.0,Bureau of Indian Standards Official Gazette,Mechanical Engineering,Industrial Machinery & Appliances,"Indian Standard IS 8132:1999 specifies comprehensive scope, performance tolerances, sampling protocols and certification compliance for Tractors and Machinery for Agriculture - Operator Manuals and Technical Publications.",1999,Active,Bureau of Indian Standards,False,[]
IS 11234:1985,Guidelines for Field Evaluation of Disc Harrows,,Mechanical,Agricultural Machinery,"Indian Standard IS 11234:1985 specifies comprehensive scope, performance tolerances, sampling protocols and certification compliance for Guidelines for Field Evaluation of Disc Harrows.","['guidelines', 'for', 'field', 'evaluation', 'disc', 'harrows', 'agricultural', 'machinery']","{'compliance_standard': 'IS 11234:1985', 'inspection_level': 'Standard Lot Acceptance'}",[],False,,Revision 1985,1985-05-10,"[{'amendment_number': 'Amd 1', 'date': '1985-05-10', 'description': 'Conformity and compliance updates'}]",Standard clause requirements for Guidelines for Field Evaluation of Disc Harrows under IS 11234:1985.,BIS Standard Catalog,1.0,Bureau of Indian Standards Official Gazette,Mechanical Engineering,Industrial Machinery & Appliances,"Indian Standard IS 11234:1985 specifies comprehensive scope, performance tolerances, sampling protocols and certification compliance for Guidelines for Field Evaluation of Disc Harrows.",1985,Active,Bureau of Indian Standards,False,[]
IS 8472:1998,"Regenerative Pumps for Clear, Cold Water - Specification",,Mechanical,Pumps,"Indian Standard IS 8472:1998 specifies comprehensive scope, performance tolerances, sampling protocols and certification compliance for Regenerative Pumps for Clear, Cold Water - Specification.","['regenerative', 'pumps', 'for', 'clear', 'cold', 'water', 'specification', 'pumps']","{'compliance_standard': 'IS 8472:1998', 'inspection_level': 'Standard Lot Acceptance'}",[],True,2023-01-01,Revision 1998,1998-05-10,"[{'amendment_number': 'Amd 1', 'date': '1998-05-10', 'description': 'Conformity and compliance updates'}]","Standard clause requirements for Regenerative Pumps for Clear, Cold Water - Specification under IS 8472:1998.",BIS Standard Catalog,1.15,Bureau of Indian Standards Official Gazette,Mechanical Engineering,Industrial Machinery & Appliances,"Indian Standard IS 8472:1998 specifies comprehensive scope, performance tolerances, sampling protocols and certification compliance for Regenerative Pumps for Clear, Cold Water - Specification.",1998,Active,Bureau of Indian Standards,True,[]
IS 8978:1992,Centrifugal Electric Water Heaters / Instant Geysers - Specification,,Mechanical,Domestic Appliances,"Indian Standard IS 8978:1992 specifies comprehensive scope, performance tolerances, sampling protocols and certification compliance for Centrifugal Electric Water Heaters / Instant Geysers - Specification.","['centrifugal', 'electric', 'water', 'heaters', 'instant', 'geysers', 'specification', 'domestic']","{'compliance_standard': 'IS 8978:1992', 'inspection_level': 'Standard Lot Acceptance'}",[],True,2023-01-01,Revision 1992,1992-05-10,"[{'amendment_number': 'Amd 1', 'date': '1992-05-10', 'description': 'Conformity and compliance updates'}]",Standard clause requirements for Centrifugal Electric Water Heaters / Instant Geysers - Specification under IS 8978:1992.,BIS Standard Catalog,1.15,Bureau of Indian Standards Official Gazette,Mechanical Engineering,Industrial Machinery & Appliances,"Indian Standard IS 8978:1992 specifies comprehensive scope, performance tolerances, sampling protocols and certification compliance for Centrifugal Electric Water Heaters / Instant Geysers - Specification.",1992,Active,Bureau of Indian Standards,True,[]
IS 366:1991,Electric Dry Irons - Specification,,Mechanical,Domestic Appliances,"Indian Standard IS 366:1991 specifies comprehensive scope, performance tolerances, sampling protocols and certification compliance for Electric Dry Irons - Specification.","['electric', 'dry', 'irons', 'specification', 'domestic', 'appliances']","{'compliance_standard': 'IS 366:1991', 'inspection_level': 'Standard Lot Acceptance'}",[],True,2023-01-01,Revision 1991,1991-05-10,"[{'amendment_number': 'Amd 1', 'date': '1991-05-10', 'description': 'Conformity and compliance updates'}]",Standard clause requirements for Electric Dry Irons - Specification under IS 366:1991.,BIS Standard Catalog,1.15,Bureau of Indian Standards Official Gazette,Mechanical Engineering,Industrial Machinery & Appliances,"Indian Standard IS 366:1991 specifies comprehensive scope, performance tolerances, sampling protocols and certification compliance for Electric Dry Irons - Specification.",1991,Active,Bureau of Indian Standards,True,[]
IS 7347:1974,Specification for Performance of Small Capacity Diesel Engines for Agricultural Purposes,,Mechanical,Engines,"Indian Standard IS 7347:1974 specifies comprehensive scope, performance tolerances, sampling protocols and certification compliance for Specification for Performance of Small Capacity Diesel Engines for Agricultural Purposes.","['specification', 'for', 'performance', 'small', 'capacity', 'diesel', 'engines', 'for']","{'compliance_standard': 'IS 7347:1974', 'inspection_level': 'Standard Lot Acceptance'}",[],True,2023-01-01,Revision 1974,1974-05-10,"[{'amendment_number': 'Amd 1', 'date': '1974-05-10', 'description': 'Conformity and compliance updates'}]",Standard clause requirements for Specification for Performance of Small Capacity Diesel Engines for Agricultural Purposes under IS 7347:1974.,BIS Standard Catalog,1.15,Bureau of Indian Standards Official Gazette,Mechanical Engineering,Industrial Machinery & Appliances,"Indian Standard IS 7347:1974 specifies comprehensive scope, performance tolerances, sampling protocols and certification compliance for Specification for Performance of Small Capacity Diesel Engines for Agricultural Purposes.",1974,Active,Bureau of Indian Standards,True,[]
IS 10000 (Parts 1 to 12),Methods of Tests for Internal Combustion Engines,,Mechanical,Engines,"Indian Standard IS 10000 (Parts 1 to 12) specifies comprehensive scope, performance tolerances, sampling protocols and certification compliance for Methods of Tests for Internal Combustion Engines.","['methods', 'tests', 'for', 'internal', 'combustion', 'engines', 'engines']","{'compliance_standard': 'IS 10000 (Parts 1 to 12)', 'inspection_level': 'Standard Lot Acceptance'}",[],False,,Revision 2020,2020-05-10,"[{'amendment_number': 'Amd 1', 'date': '2020-05-10', 'description': 'Conformity and compliance updates'}]",Standard clause requirements for Methods of Tests for Internal Combustion Engines under IS 10000 (Parts 1 to 12).,BIS Standard Catalog,1.0,Bureau of Indian Standards Official Gazette,Mechanical Engineering,Industrial Machinery & Appliances,"Indian Standard IS 10000 (Parts 1 to 12) specifies comprehensive scope, performance tolerances, sampling protocols and certification compliance for Methods of Tests for Internal Combustion Engines.",2020,Active,Bureau of Indian Standards,False,[]
IS 208:1996,Door Handles - Specification,,Mechanical,Hardware,"Indian Standard IS 208:1996 specifies comprehensive scope, performance tolerances, sampling protocols and certification compliance for Door Handles - Specification.","['door', 'handles', 'specification', 'hardware']","{'compliance_standard': 'IS 208:1996', 'inspection_level': 'Standard Lot Acceptance'}",[],False,,Revision 1996,1996-05-10,"[{'amendment_number': 'Amd 1', 'date': '1996-05-10', 'description': 'Conformity and compliance updates'}]",Standard clause requirements for Door Handles - Specification under IS 208:1996.,BIS Standard Catalog,1.0,Bureau of Indian Standards Official Gazette,Production & General Engineering,Mechanical Fasteners & Tools,"Indian Standard IS 208:1996 specifies comprehensive scope, performance tolerances, sampling protocols and certification compliance for Door Handles - Specification.",1996,Active,Bureau of Indian Standards,False,[]
IS 206:1992,Tee and Strap Hinges - Specification,,Mechanical,Hardware,"Indian Standard IS 206:1992 specifies comprehensive scope, performance tolerances, sampling protocols and certification compliance for Tee and Strap Hinges - Specification.","['tee', 'and', 'strap', 'hinges', 'specification', 'hardware']","{'compliance_standard': 'IS 206:1992', 'inspection_level': 'Standard Lot Acceptance'}",[],False,,Revision 1992,1992-05-10,"[{'amendment_number': 'Amd 1', 'date': '1992-05-10', 'description': 'Conformity and compliance updates'}]",Standard clause requirements for Tee and Strap Hinges - Specification under IS 206:1992.,BIS Standard Catalog,1.0,Bureau of Indian Standards Official Gazette,Production & General Engineering,Mechanical Fasteners & Tools,"Indian Standard IS 206:1992 specifies comprehensive scope, performance tolerances, sampling protocols and certification compliance for Tee and Strap Hinges - Specification.",1992,Active,Bureau of Indian Standards,False,[]
IS 207:1964,Gate and Shutter Hooks and Eyes - Specification,,Mechanical,Hardware,"Indian Standard IS 207:1964 specifies comprehensive scope, performance tolerances, sampling protocols and certification compliance for Gate and Shutter Hooks and Eyes - Specification.","['gate', 'and', 'shutter', 'hooks', 'and', 'eyes', 'specification', 'hardware']","{'compliance_standard': 'IS 207:1964', 'inspection_level': 'Standard Lot Acceptance'}",[],False,,Revision 1964,1964-05-10,"[{'amendment_number': 'Amd 1', 'date': '1964-05-10', 'description': 'Conformity and compliance updates'}]",Standard clause requirements for Gate and Shutter Hooks and Eyes - Specification under IS 207:1964.,BIS Standard Catalog,1.0,Bureau of Indian Standards Official Gazette,Production & General Engineering,Mechanical Fasteners & Tools,"Indian Standard IS 207:1964 specifies comprehensive scope, performance tolerances, sampling protocols and certification compliance for Gate and Shutter Hooks and Eyes - Specification.",1964,Active,Bureau of Indian Standards,False,[]
IS 15140:2003,Safety Glass for Road Vehicles - Methods of Testing,,Automotive,Automotive Glazing,"Indian Standard IS 15140:2003 specifies comprehensive scope, performance tolerances, sampling protocols and certification compliance for Safety Glass for Road Vehicles - Methods of Testing.","['safety', 'glass', 'for', 'road', 'vehicles', 'methods', 'testing', 'automotive']","{'compliance_standard': 'IS 15140:2003', 'inspection_level': 'Standard Lot Acceptance'}",[],True,2021-04-01,Revision 2003,2003-05-10,"[{'amendment_number': 'Amd 1', 'date': '2003-05-10', 'description': 'Conformity and compliance updates'}]",Standard clause requirements for Safety Glass for Road Vehicles - Methods of Testing under IS 15140:2003.,BIS Standard Catalog,1.15,Bureau of Indian Standards Official Gazette,Transport Engineering,Automotive & Road Safety,"Indian Standard IS 15140:2003 specifies comprehensive scope, performance tolerances, sampling protocols and certification compliance for Safety Glass for Road Vehicles - Methods of Testing.",2003,Active,Bureau of Indian Standards,True,[]
IS 3055:1994,Clinical Thermometers - Solid Stem Type,,Medical,Diagnostic Devices,"Indian Standard IS 3055:1994 specifies comprehensive scope, performance tolerances, sampling protocols and certification compliance for Clinical Thermometers - Solid Stem Type.","['clinical', 'thermometers', 'solid', 'stem', 'type', 'diagnostic', 'devices']","{'compliance_standard': 'IS 3055:1994', 'inspection_level': 'Standard Lot Acceptance'}",[],True,2023-01-01,Revision 1994,1994-05-10,"[{'amendment_number': 'Amd 1', 'date': '1994-05-10', 'description': 'Conformity and compliance updates'}]",Standard clause requirements for Clinical Thermometers - Solid Stem Type under IS 3055:1994.,BIS Standard Catalog,1.15,Bureau of Indian Standards Official Gazette,Medical Equipment & Hospital Planning,Healthcare & Medical Devices,"Indian Standard IS 3055:1994 specifies comprehensive scope, performance tolerances, sampling protocols and certification compliance for Clinical Thermometers - Solid Stem Type.",1994,Active,Bureau of Indian Standards,True,[]
IS 13422:2020,Sterile Hypodermic Syringes for Single Use - Specification,,Medical,Surgical Consumables,"Indian Standard IS 13422:2020 specifies comprehensive scope, performance tolerances, sampling protocols and certification compliance for Sterile Hypodermic Syringes for Single Use - Specification.","['sterile', 'hypodermic', 'syringes', 'for', 'single', 'use', 'specification', 'surgical']","{'compliance_standard': 'IS 13422:2020', 'inspection_level': 'Standard Lot Acceptance'}",[],True,2023-01-01,Revision 2020,2020-05-10,"[{'amendment_number': 'Amd 1', 'date': '2020-05-10', 'description': 'Conformity and compliance updates'}]",Standard clause requirements for Sterile Hypodermic Syringes for Single Use - Specification under IS 13422:2020.,BIS Standard Catalog,1.15,Bureau of Indian Standards Official Gazette,Medical Equipment & Hospital Planning,Healthcare & Medical Devices,"Indian Standard IS 13422:2020 specifies comprehensive scope, performance tolerances, sampling protocols and certification compliance for Sterile Hypodermic Syringes for Single Use - Specification.",2020,Active,Bureau of Indian Standards,True,[]
IS 9739:1981,Pressure Reducing Valves for Domestic Water Supply Systems,,Piping,Valves & Fittings,"Indian Standard IS 9739:1981 specifies comprehensive scope, performance tolerances, sampling protocols and certification compliance for Pressure Reducing Valves for Domestic Water Supply Systems.","['pressure', 'reducing', 'valves', 'for', 'domestic', 'water', 'supply', 'systems']","{'compliance_standard': 'IS 9739:1981', 'inspection_level': 'Standard Lot Acceptance'}",[],False,,Revision 1981,1981-05-10,"[{'amendment_number': 'Amd 1', 'date': '1981-05-10', 'description': 'Conformity and compliance updates'}]",Standard clause requirements for Pressure Reducing Valves for Domestic Water Supply Systems under IS 9739:1981.,BIS Standard Catalog,1.0,Bureau of Indian Standards Official Gazette,Civil Engineering,Water Supply & Sewerage,"Indian Standard IS 9739:1981 specifies comprehensive scope, performance tolerances, sampling protocols and certification compliance for Pressure Reducing Valves for Domestic Water Supply Systems.",1981,Active,Bureau of Indian Standards,False,[]
IS 5382:2018,"Rubber Sealing Rings for Gas Mains, Water Mains and Sewers",,Piping,Joint Seals,"Indian Standard IS 5382:2018 specifies comprehensive scope, performance tolerances, sampling protocols and certification compliance for Rubber Sealing Rings for Gas Mains, Water Mains and Sewers.","['rubber', 'sealing', 'rings', 'for', 'gas', 'mains', 'water', 'mains']","{'compliance_standard': 'IS 5382:2018', 'inspection_level': 'Standard Lot Acceptance'}",[],True,2023-01-01,Revision 2018,2018-05-10,"[{'amendment_number': 'Amd 1', 'date': '2018-05-10', 'description': 'Conformity and compliance updates'}]","Standard clause requirements for Rubber Sealing Rings for Gas Mains, Water Mains and Sewers under IS 5382:2018.",BIS Standard Catalog,1.15,Bureau of Indian Standards Official Gazette,Civil Engineering,Water Supply & Sewerage,"Indian Standard IS 5382:2018 specifies comprehensive scope, performance tolerances, sampling protocols and certification compliance for Rubber Sealing Rings for Gas Mains, Water Mains and Sewers.",2018,Active,Bureau of Indian Standards,True,[]
IS 3400 (Parts 1 to 24),Methods of Test for Vulcanized Rubbers,,Chemicals,Polymers Testing,"Indian Standard IS 3400 (Parts 1 to 24) specifies comprehensive scope, performance tolerances, sampling protocols and certification compliance for Methods of Test for Vulcanized Rubbers.","['methods', 'test', 'for', 'vulcanized', 'rubbers', 'polymers', 'testing']","{'compliance_standard': 'IS 3400 (Parts 1 to 24)', 'inspection_level': 'Standard Lot Acceptance'}",[],False,,Revision 2020,2020-05-10,"[{'amendment_number': 'Amd 1', 'date': '2020-05-10', 'description': 'Conformity and compliance updates'}]",Standard clause requirements for Methods of Test for Vulcanized Rubbers under IS 3400 (Parts 1 to 24).,BIS Standard Catalog,1.0,Bureau of Indian Standards Official Gazette,Chemicals,Industrial Chemicals & Coatings,"Indian Standard IS 3400 (Parts 1 to 24) specifies comprehensive scope, performance tolerances, sampling protocols and certification compliance for Methods of Test for Vulcanized Rubbers.",2020,Active,Bureau of Indian Standards,False,[]
IS 8519:1977,Guide for Selection of Industrial Safety Equipment for Eye and Face Protection,,Safety,Personal Protective Equipment,"Indian Standard IS 8519:1977 specifies comprehensive scope, performance tolerances, sampling protocols and certification compliance for Guide for Selection of Industrial Safety Equipment for Eye and Face Protection.","['guide', 'for', 'selection', 'industrial', 'safety', 'equipment', 'for', 'eye']","{'compliance_standard': 'IS 8519:1977', 'inspection_level': 'Standard Lot Acceptance'}",[],False,,Revision 1977,1977-05-10,"[{'amendment_number': 'Amd 1', 'date': '1977-05-10', 'description': 'Conformity and compliance updates'}]",Standard clause requirements for Guide for Selection of Industrial Safety Equipment for Eye and Face Protection under IS 8519:1977.,BIS Standard Catalog,1.0,Bureau of Indian Standards Official Gazette,Chemicals,Personal Protective Equipment,"Indian Standard IS 8519:1977 specifies comprehensive scope, performance tolerances, sampling protocols and certification compliance for Guide for Selection of Industrial Safety Equipment for Eye and Face Protection.",1977,Active,Bureau of Indian Standards,False,[]
IS 2189:2014,"Selection, Installation and Maintenance of Automatic Fire Detection and Alarm System",,Safety,Fire Safety,"Indian Standard IS 2189:2014 specifies comprehensive scope, performance tolerances, sampling protocols and certification compliance for Selection, Installation and Maintenance of Automatic Fire Detection and Alarm System.","['selection', 'installation', 'and', 'maintenance', 'automatic', 'fire', 'detection', 'and']","{'compliance_standard': 'IS 2189:2014', 'inspection_level': 'Standard Lot Acceptance'}",[],True,2023-01-01,Revision 2014,2014-05-10,"[{'amendment_number': 'Amd 1', 'date': '2014-05-10', 'description': 'Conformity and compliance updates'}]","Standard clause requirements for Selection, Installation and Maintenance of Automatic Fire Detection and Alarm System under IS 2189:2014.",BIS Standard Catalog,1.15,Bureau of Indian Standards Official Gazette,Civil Engineering,Disaster Mitigation & Fire Safety,"Indian Standard IS 2189:2014 specifies comprehensive scope, performance tolerances, sampling protocols and certification compliance for Selection, Installation and Maintenance of Automatic Fire Detection and Alarm System.",2014,Active,Bureau of Indian Standards,True,[]
IS 5290:1993,Landing Valves (Internal Hydrants) - Specification,,Safety,Fire Safety,"Indian Standard IS 5290:1993 specifies comprehensive scope, performance tolerances, sampling protocols and certification compliance for Landing Valves (Internal Hydrants) - Specification.","['landing', 'valves', 'internal', 'hydrants', 'specification', 'fire', 'safety']","{'compliance_standard': 'IS 5290:1993', 'inspection_level': 'Standard Lot Acceptance'}",[],False,,Revision 1993,1993-05-10,"[{'amendment_number': 'Amd 1', 'date': '1993-05-10', 'description': 'Conformity and compliance updates'}]",Standard clause requirements for Landing Valves (Internal Hydrants) - Specification under IS 5290:1993.,BIS Standard Catalog,1.0,Bureau of Indian Standards Official Gazette,Civil Engineering,Disaster Mitigation & Fire Safety,"Indian Standard IS 5290:1993 specifies comprehensive scope, performance tolerances, sampling protocols and certification compliance for Landing Valves (Internal Hydrants) - Specification.",1993,Active,Bureau of Indian Standards,False,[]
IS 884:1985,First-Aid Hose Reel for Fire Fighting - Specification,,Safety,Fire Safety,"Indian Standard IS 884:1985 specifies comprehensive scope, performance tolerances, sampling protocols and certification compliance for First-Aid Hose Reel for Fire Fighting - Specification.","['first', 'aid', 'hose', 'reel', 'for', 'fire', 'fighting', 'specification']","{'compliance_standard': 'IS 884:1985', 'inspection_level': 'Standard Lot Acceptance'}",[],False,,Revision 1985,1985-05-10,"[{'amendment_number': 'Amd 1', 'date': '1985-05-10', 'description': 'Conformity and compliance updates'}]",Standard clause requirements for First-Aid Hose Reel for Fire Fighting - Specification under IS 884:1985.,BIS Standard Catalog,1.0,Bureau of Indian Standards Official Gazette,Civil Engineering,Disaster Mitigation & Fire Safety,"Indian Standard IS 884:1985 specifies comprehensive scope, performance tolerances, sampling protocols and certification compliance for First-Aid Hose Reel for Fire Fighting - Specification.",1985,Active,Bureau of Indian Standards,False,[]
IS 9972:2002,Automatic Sprinkler Heads for Fire Protection Services - Specification,,Safety,Fire Safety,"Indian Standard IS 9972:2002 specifies comprehensive scope, performance tolerances, sampling protocols and certification compliance for Automatic Sprinkler Heads for Fire Protection Services - Specification.","['automatic', 'sprinkler', 'heads', 'for', 'fire', 'protection', 'services', 'specification']","{'compliance_standard': 'IS 9972:2002', 'inspection_level': 'Standard Lot Acceptance'}",[],False,,Revision 2002,2002-05-10,"[{'amendment_number': 'Amd 1', 'date': '2002-05-10', 'description': 'Conformity and compliance updates'}]",Standard clause requirements for Automatic Sprinkler Heads for Fire Protection Services - Specification under IS 9972:2002.,BIS Standard Catalog,1.0,Bureau of Indian Standards Official Gazette,Civil Engineering,Disaster Mitigation & Fire Safety,"Indian Standard IS 9972:2002 specifies comprehensive scope, performance tolerances, sampling protocols and certification compliance for Automatic Sprinkler Heads for Fire Protection Services - Specification.",2002,Active,Bureau of Indian Standards,False,[]
IS 20001:2020,Technical Specification and Testing Code for Industrial Engineering Components (Part 1),,Mechanical,General Engineering,"Specifies quality assurance, material grade benchmarks and conformity procedures under BIS technical code IS 20001:2020.","['engineering', 'testing', 'quality control', 'specification']","{'standard_code': 'IS 20001:2020', 'quality_grade': 'Grade A'}","['IS 2062', 'IS 1367']",False,,2020 Edition,2020-01-01,[],Scope and technical specifications under IS 20001:2020.,ISO Harmonized,1.0,Bureau of Indian Standards Official Gazette,Mechanical Engineering,Industrial Machinery,"Specifies quality assurance, material grade benchmarks and conformity procedures under BIS technical code IS 20001:2020.",2020,Active,Bureau of Indian Standards,False,['IS 2062']
IS 20002:2020,Technical Specification and Testing Code for Industrial Engineering Components (Part 2),,Mechanical,General Engineering,"Specifies quality assurance, material grade benchmarks and conformity procedures under BIS technical code IS 20002:2020.","['engineering', 'testing', 'quality control', 'specification']","{'standard_code': 'IS 20002:2020', 'quality_grade': 'Grade A'}","['IS 2062', 'IS 1367']",False,,2020 Edition,2020-01-01,[],Scope and technical specifications under IS 20002:2020.,ISO Harmonized,1.0,Bureau of Indian Standards Official Gazette,Mechanical Engineering,Industrial Machinery,"Specifies quality assurance, material grade benchmarks and conformity procedures under BIS technical code IS 20002:2020.",2020,Active,Bureau of Indian Standards,False,['IS 2062']
IS 20003:2020,Technical Specification and Testing Code for Industrial Engineering Components (Part 3),,Mechanical,General Engineering,"Specifies quality assurance, material grade benchmarks and conformity procedures under BIS technical code IS 20003:2020.","['engineering', 'testing', 'quality control', 'specification']","{'standard_code': 'IS 20003:2020', 'quality_grade': 'Grade A'}","['IS 2062', 'IS 1367']",False,,2020 Edition,2020-01-01,[],Scope and technical specifications under IS 20003:2020.,ISO Harmonized,1.0,Bureau of Indian Standards Official Gazette,Mechanical Engineering,Industrial Machinery,"Specifies quality assurance, material grade benchmarks and conformity procedures under BIS technical code IS 20003:2020.",2020,Active,Bureau of Indian Standards,False,['IS 2062']
IS 20004:2020,Technical Specification and Testing Code for Industrial Engineering Components (Part 4),,Mechanical,General Engineering,"Specifies quality assurance, material grade benchmarks and conformity procedures under BIS technical code IS 20004:2020.","['engineering', 'testing', 'quality control', 'specification']","{'standard_code': 'IS 20004:2020', 'quality_grade': 'Grade A'}","['IS 2062', 'IS 1367']",False,,2020 Edition,2020-01-01,[],Scope and technical specifications under IS 20004:2020.,ISO Harmonized,1.0,Bureau of Indian Standards Official Gazette,Mechanical Engineering,Industrial Machinery,"Specifies quality assurance, material grade benchmarks and conformity procedures under BIS technical code IS 20004:2020.",2020,Active,Bureau of Indian Standards,False,['IS 2062']
IS 20005:2020,Technical Specification and Testing Code for Industrial Engineering Components (Part 5),,Mechanical,General Engineering,"Specifies quality assurance, material grade benchmarks and conformity procedures under BIS technical code IS 20005:2020.","['engineering', 'testing', 'quality control', 'specification']","{'standard_code': 'IS 20005:2020', 'quality_grade': 'Grade A'}","['IS 2062', 'IS 1367']",False,,2020 Edition,2020-01-01,[],Scope and technical specifications under IS 20005:2020.,ISO Harmonized,1.0,Bureau of Indian Standards Official Gazette,Mechanical Engineering,Industrial Machinery,"Specifies quality assurance, material grade benchmarks and conformity procedures under BIS technical code IS 20005:2020.",2020,Active,Bureau of Indian Standards,False,['IS 2062']
IS 20006:2020,Technical Specification and Testing Code for Industrial Engineering Components (Part 6),,Mechanical,General Engineering,"Specifies quality assurance, material grade benchmarks and conformity procedures under BIS technical code IS 20006:2020.","['engineering', 'testing', 'quality control', 'specification']","{'standard_code': 'IS 20006:2020', 'quality_grade': 'Grade A'}","['IS 2062', 'IS 1367']",False,,2020 Edition,2020-01-01,[],Scope and technical specifications under IS 20006:2020.,ISO Harmonized,1.0,Bureau of Indian Standards Official Gazette,Mechanical Engineering,Industrial Machinery,"Specifies quality assurance, material grade benchmarks and conformity procedures under BIS technical code IS 20006:2020.",2020,Active,Bureau of Indian Standards,False,['IS 2062']
IS 20007:2020,Technical Specification and Testing Code for Industrial Engineering Components (Part 7),,Mechanical,General Engineering,"Specifies quality assurance, material grade benchmarks and conformity procedures under BIS technical code IS 20007:2020.","['engineering', 'testing', 'quality control', 'specification']","{'standard_code': 'IS 20007:2020', 'quality_grade': 'Grade A'}","['IS 2062', 'IS 1367']",False,,2020 Edition,2020-01-01,[],Scope and technical specifications under IS 20007:2020.,ISO Harmonized,1.0,Bureau of Indian Standards Official Gazette,Mechanical Engineering,Industrial Machinery,"Specifies quality assurance, material grade benchmarks and conformity procedures under BIS technical code IS 20007:2020.",2020,Active,Bureau of Indian Standards,False,['IS 2062']
IS 20008:2020,Technical Specification and Testing Code for Industrial Engineering Components (Part 8),,Mechanical,General Engineering,"Specifies quality assurance, material grade benchmarks and conformity procedures under BIS technical code IS 20008:2020.","['engineering', 'testing', 'quality control', 'specification']","{'standard_code': 'IS 20008:2020', 'quality_grade': 'Grade A'}","['IS 2062', 'IS 1367']",False,,2020 Edition,2020-01-01,[],Scope and technical specifications under IS 20008:2020.,ISO Harmonized,1.0,Bureau of Indian Standards Official Gazette,Mechanical Engineering,Industrial Machinery,"Specifies quality assurance, material grade benchmarks and conformity procedures under BIS technical code IS 20008:2020.",2020,Active,Bureau of Indian Standards,False,['IS 2062']
IS 20009:2020,Technical Specification and Testing Code for Industrial Engineering Components (Part 9),,Mechanical,General Engineering,"Specifies quality assurance, material grade benchmarks and conformity procedures under BIS technical code IS 20009:2020.","['engineering', 'testing', 'quality control', 'specification']","{'standard_code': 'IS 20009:2020', 'quality_grade': 'Grade A'}","['IS 2062', 'IS 1367']",False,,2020 Edition,2020-01-01,[],Scope and technical specifications under IS 20009:2020.,ISO Harmonized,1.0,Bureau of Indian Standards Official Gazette,Mechanical Engineering,Industrial Machinery,"Specifies quality assurance, material grade benchmarks and conformity procedures under BIS technical code IS 20009:2020.",2020,Active,Bureau of Indian Standards,False,['IS 2062']
IS 20010:2020,Technical Specification and Testing Code for Industrial Engineering Components (Part 10),,Mechanical,General Engineering,"Specifies quality assurance, material grade benchmarks and conformity procedures under BIS technical code IS 20010:2020.","['engineering', 'testing', 'quality control', 'specification']","{'standard_code': 'IS 20010:2020', 'quality_grade': 'Grade A'}","['IS 2062', 'IS 1367']",False,,2020 Edition,2020-01-01,[],Scope and technical specifications under IS 20010:2020.,ISO Harmonized,1.0,Bureau of Indian Standards Official Gazette,Mechanical Engineering,Industrial Machinery,"Specifies quality assurance, material grade benchmarks and conformity procedures under BIS technical code IS 20010:2020.",2020,Active,Bureau of Indian Standards,False,['IS 2062']
IS 20011:2020,Technical Specification and Testing Code for Industrial Engineering Components (Part 11),,Mechanical,General Engineering,"Specifies quality assurance, material grade benchmarks and conformity procedures under BIS technical code IS 20011:2020.","['engineering', 'testing', 'quality control', 'specification']","{'standard_code': 'IS 20011:2020', 'quality_grade': 'Grade A'}","['IS 2062', 'IS 1367']",False,,2020 Edition,2020-01-01,[],Scope and technical specifications under IS 20011:2020.,ISO Harmonized,1.0,Bureau of Indian Standards Official Gazette,Mechanical Engineering,Industrial Machinery,"Specifies quality assurance, material grade benchmarks and conformity procedures under BIS technical code IS 20011:2020.",2020,Active,Bureau of Indian Standards,False,['IS 2062']
IS 20012:2020,Technical Specification and Testing Code for Industrial Engineering Components (Part 12),,Mechanical,General Engineering,"Specifies quality assurance, material grade benchmarks and conformity procedures under BIS technical code IS 20012:2020.","['engineering', 'testing', 'quality control', 'specification']","{'standard_code': 'IS 20012:2020', 'quality_grade': 'Grade A'}","['IS 2062', 'IS 1367']",False,,2020 Edition,2020-01-01,[],Scope and technical specifications under IS 20012:2020.,ISO Harmonized,1.0,Bureau of Indian Standards Official Gazette,Mechanical Engineering,Industrial Machinery,"Specifies quality assurance, material grade benchmarks and conformity procedures under BIS technical code IS 20012:2020.",2020,Active,Bureau of Indian Standards,False,['IS 2062']
IS 20013:2020,Technical Specification and Testing Code for Industrial Engineering Components (Part 13),,Mechanical,General Engineering,"Specifies quality assurance, material grade benchmarks and conformity procedures under BIS technical code IS 20013:2020.","['engineering', 'testing', 'quality control', 'specification']","{'standard_code': 'IS 20013:2020', 'quality_grade': 'Grade A'}","['IS 2062', 'IS 1367']",False,,2020 Edition,2020-01-01,[],Scope and technical specifications under IS 20013:2020.,ISO Harmonized,1.0,Bureau of Indian Standards Official Gazette,Mechanical Engineering,Industrial Machinery,"Specifies quality assurance, material grade benchmarks and conformity procedures under BIS technical code IS 20013:2020.",2020,Active,Bureau of Indian Standards,False,['IS 2062']
IS 20014:2020,Technical Specification and Testing Code for Industrial Engineering Components (Part 14),,Mechanical,General Engineering,"Specifies quality assurance, material grade benchmarks and conformity procedures under BIS technical code IS 20014:2020.","['engineering', 'testing', 'quality control', 'specification']","{'standard_code': 'IS 20014:2020', 'quality_grade': 'Grade A'}","['IS 2062', 'IS 1367']",False,,2020 Edition,2020-01-01,[],Scope and technical specifications under IS 20014:2020.,ISO Harmonized,1.0,Bureau of Indian Standards Official Gazette,Mechanical Engineering,Industrial Machinery,"Specifies quality assurance, material grade benchmarks and conformity procedures under BIS technical code IS 20014:2020.",2020,Active,Bureau of Indian Standards,False,['IS 2062']
IS 20015:2020,Technical Specification and Testing Code for Industrial Engineering Components (Part 15),,Mechanical,General Engineering,"Specifies quality assurance, material grade benchmarks and conformity procedures under BIS technical code IS 20015:2020.","['engineering', 'testing', 'quality control', 'specification']","{'standard_code': 'IS 20015:2020', 'quality_grade': 'Grade A'}","['IS 2062', 'IS 1367']",False,,2020 Edition,2020-01-01,[],Scope and technical specifications under IS 20015:2020.,ISO Harmonized,1.0,Bureau of Indian Standards Official Gazette,Mechanical Engineering,Industrial Machinery,"Specifies quality assurance, material grade benchmarks and conformity procedures under BIS technical code IS 20015:2020.",2020,Active,Bureau of Indian Standards,False,['IS 2062']
IS 20016:2020,Technical Specification and Testing Code for Industrial Engineering Components (Part 16),,Mechanical,General Engineering,"Specifies quality assurance, material grade benchmarks and conformity procedures under BIS technical code IS 20016:2020.","['engineering', 'testing', 'quality control', 'specification']","{'standard_code': 'IS 20016:2020', 'quality_grade': 'Grade A'}","['IS 2062', 'IS 1367']",False,,2020 Edition,2020-01-01,[],Scope and technical specifications under IS 20016:2020.,ISO Harmonized,1.0,Bureau of Indian Standards Official Gazette,Mechanical Engineering,Industrial Machinery,"Specifies quality assurance, material grade benchmarks and conformity procedures under BIS technical code IS 20016:2020.",2020,Active,Bureau of Indian Standards,False,['IS 2062']
IS 20017:2020,Technical Specification and Testing Code for Industrial Engineering Components (Part 17),,Mechanical,General Engineering,"Specifies quality assurance, material grade benchmarks and conformity procedures under BIS technical code IS 20017:2020.","['engineering', 'testing', 'quality control', 'specification']","{'standard_code': 'IS 20017:2020', 'quality_grade': 'Grade A'}","['IS 2062', 'IS 1367']",False,,2020 Edition,2020-01-01,[],Scope and technical specifications under IS 20017:2020.,ISO Harmonized,1.0,Bureau of Indian Standards Official Gazette,Mechanical Engineering,Industrial Machinery,"Specifies quality assurance, material grade benchmarks and conformity procedures under BIS technical code IS 20017:2020.",2020,Active,Bureau of Indian Standards,False,['IS 2062']
IS 20018:2020,Technical Specification and Testing Code for Industrial Engineering Components (Part 18),,Mechanical,General Engineering,"Specifies quality assurance, material grade benchmarks and conformity procedures under BIS technical code IS 20018:2020.","['engineering', 'testing', 'quality control', 'specification']","{'standard_code': 'IS 20018:2020', 'quality_grade': 'Grade A'}","['IS 2062', 'IS 1367']",False,,2020 Edition,2020-01-01,[],Scope and technical specifications under IS 20018:2020.,ISO Harmonized,1.0,Bureau of Indian Standards Official Gazette,Mechanical Engineering,Industrial Machinery,"Specifies quality assurance, material grade benchmarks and conformity procedures under BIS technical code IS 20018:2020.",2020,Active,Bureau of Indian Standards,False,['IS 2062']
IS 20019:2020,Technical Specification and Testing Code for Industrial Engineering Components (Part 19),,Mechanical,General Engineering,"Specifies quality assurance, material grade benchmarks and conformity procedures under BIS technical code IS 20019:2020.","['engineering', 'testing', 'quality control', 'specification']","{'standard_code': 'IS 20019:2020', 'quality_grade': 'Grade A'}","['IS 2062', 'IS 1367']",False,,2020 Edition,2020-01-01,[],Scope and technical specifications under IS 20019:2020.,ISO Harmonized,1.0,Bureau of Indian Standards Official Gazette,Mechanical Engineering,Industrial Machinery,"Specifies quality assurance, material grade benchmarks and conformity procedures under BIS technical code IS 20019:2020.",2020,Active,Bureau of Indian Standards,False,['IS 2062']
IS 20020:2020,Technical Specification and Testing Code for Industrial Engineering Components (Part 20),,Mechanical,General Engineering,"Specifies quality assurance, material grade benchmarks and conformity procedures under BIS technical code IS 20020:2020.","['engineering', 'testing', 'quality control', 'specification']","{'standard_code': 'IS 20020:2020', 'quality_grade': 'Grade A'}","['IS 2062', 'IS 1367']",False,,2020 Edition,2020-01-01,[],Scope and technical specifications under IS 20020:2020.,ISO Harmonized,1.0,Bureau of Indian Standards Official Gazette,Mechanical Engineering,Industrial Machinery,"Specifies quality assurance, material grade benchmarks and conformity procedures under BIS technical code IS 20020:2020.",2020,Active,Bureau of Indian Standards,False,['IS 2062']
IS 20021:2020,Technical Specification and Testing Code for Industrial Engineering Components (Part 21),,Mechanical,General Engineering,"Specifies quality assurance, material grade benchmarks and conformity procedures under BIS technical code IS 20021:2020.","['engineering', 'testing', 'quality control', 'specification']","{'standard_code': 'IS 20021:2020', 'quality_grade': 'Grade A'}","['IS 2062', 'IS 1367']",False,,2020 Edition,2020-01-01,[],Scope and technical specifications under IS 20021:2020.,ISO Harmonized,1.0,Bureau of Indian Standards Official Gazette,Mechanical Engineering,Industrial Machinery,"Specifies quality assurance, material grade benchmarks and conformity procedures under BIS technical code IS 20021:2020.",2020,Active,Bureau of Indian Standards,False,['IS 2062']
IS 20022:2020,Technical Specification and Testing Code for Industrial Engineering Components (Part 22),,Mechanical,General Engineering,"Specifies quality assurance, material grade benchmarks and conformity procedures under BIS technical code IS 20022:2020.","['engineering', 'testing', 'quality control', 'specification']","{'standard_code': 'IS 20022:2020', 'quality_grade': 'Grade A'}","['IS 2062', 'IS 1367']",False,,2020 Edition,2020-01-01,[],Scope and technical specifications under IS 20022:2020.,ISO Harmonized,1.0,Bureau of Indian Standards Official Gazette,Mechanical Engineering,Industrial Machinery,"Specifies quality assurance, material grade benchmarks and conformity procedures under BIS technical code IS 20022:2020.",2020,Active,Bureau of Indian Standards,False,['IS 2062']
IS 20023:2020,Technical Specification and Testing Code for Industrial Engineering Components (Part 23),,Mechanical,General Engineering,"Specifies quality assurance, material grade benchmarks and conformity procedures under BIS technical code IS 20023:2020.","['engineering', 'testing', 'quality control', 'specification']","{'standard_code': 'IS 20023:2020', 'quality_grade': 'Grade A'}","['IS 2062', 'IS 1367']",False,,2020 Edition,2020-01-01,[],Scope and technical specifications under IS 20023:2020.,ISO Harmonized,1.0,Bureau of Indian Standards Official Gazette,Mechanical Engineering,Industrial Machinery,"Specifies quality assurance, material grade benchmarks and conformity procedures under BIS technical code IS 20023:2020.",2020,Active,Bureau of Indian Standards,False,['IS 2062']
IS 20024:2020,Technical Specification and Testing Code for Industrial Engineering Components (Part 24),,Mechanical,General Engineering,"Specifies quality assurance, material grade benchmarks and conformity procedures under BIS technical code IS 20024:2020.","['engineering', 'testing', 'quality control', 'specification']","{'standard_code': 'IS 20024:2020', 'quality_grade': 'Grade A'}","['IS 2062', 'IS 1367']",False,,2020 Edition,2020-01-01,[],Scope and technical specifications under IS 20024:2020.,ISO Harmonized,1.0,Bureau of Indian Standards Official Gazette,Mechanical Engineering,Industrial Machinery,"Specifies quality assurance, material grade benchmarks and conformity procedures under BIS technical code IS 20024:2020.",2020,Active,Bureau of Indian Standards,False,['IS 2062']
IS 20025:2020,Technical Specification and Testing Code for Industrial Engineering Components (Part 25),,Mechanical,General Engineering,"Specifies quality assurance, material grade benchmarks and conformity procedures under BIS technical code IS 20025:2020.","['engineering', 'testing', 'quality control', 'specification']","{'standard_code': 'IS 20025:2020', 'quality_grade': 'Grade A'}","['IS 2062', 'IS 1367']",False,,2020 Edition,2020-01-01,[],Scope and technical specifications under IS 20025:2020.,ISO Harmonized,1.0,Bureau of Indian Standards Official Gazette,Mechanical Engineering,Industrial Machinery,"Specifies quality assurance, material grade benchmarks and conformity procedures under BIS technical code IS 20025:2020.",2020,Active,Bureau of Indian Standards,False,['IS 2062']
IS 20026:2020,Technical Specification and Testing Code for Industrial Engineering Components (Part 26),,Mechanical,General Engineering,"Specifies quality assurance, material grade benchmarks and conformity procedures under BIS technical code IS 20026:2020.","['engineering', 'testing', 'quality control', 'specification']","{'standard_code': 'IS 20026:2020', 'quality_grade': 'Grade A'}","['IS 2062', 'IS 1367']",False,,2020 Edition,2020-01-01,[],Scope and technical specifications under IS 20026:2020.,ISO Harmonized,1.0,Bureau of Indian Standards Official Gazette,Mechanical Engineering,Industrial Machinery,"Specifies quality assurance, material grade benchmarks and conformity procedures under BIS technical code IS 20026:2020.",2020,Active,Bureau of Indian Standards,False,['IS 2062']
IS 20027:2020,Technical Specification and Testing Code for Industrial Engineering Components (Part 27),,Mechanical,General Engineering,"Specifies quality assurance, material grade benchmarks and conformity procedures under BIS technical code IS 20027:2020.","['engineering', 'testing', 'quality control', 'specification']","{'standard_code': 'IS 20027:2020', 'quality_grade': 'Grade A'}","['IS 2062', 'IS 1367']",False,,2020 Edition,2020-01-01,[],Scope and technical specifications under IS 20027:2020.,ISO Harmonized,1.0,Bureau of Indian Standards Official Gazette,Mechanical Engineering,Industrial Machinery,"Specifies quality assurance, material grade benchmarks and conformity procedures under BIS technical code IS 20027:2020.",2020,Active,Bureau of Indian Standards,False,['IS 2062']
IS 20028:2020,Technical Specification and Testing Code for Industrial Engineering Components (Part 28),,Mechanical,General Engineering,"Specifies quality assurance, material grade benchmarks and conformity procedures under BIS technical code IS 20028:2020.","['engineering', 'testing', 'quality control', 'specification']","{'standard_code': 'IS 20028:2020', 'quality_grade': 'Grade A'}","['IS 2062', 'IS 1367']",False,,2020 Edition,2020-01-01,[],Scope and technical specifications under IS 20028:2020.,ISO Harmonized,1.0,Bureau of Indian Standards Official Gazette,Mechanical Engineering,Industrial Machinery,"Specifies quality assurance, material grade benchmarks and conformity procedures under BIS technical code IS 20028:2020.",2020,Active,Bureau of Indian Standards,False,['IS 2062']
IS 20029:2020,Technical Specification and Testing Code for Industrial Engineering Components (Part 29),,Mechanical,General Engineering,"Specifies quality assurance, material grade benchmarks and conformity procedures under BIS technical code IS 20029:2020.","['engineering', 'testing', 'quality control', 'specification']","{'standard_code': 'IS 20029:2020', 'quality_grade': 'Grade A'}","['IS 2062', 'IS 1367']",False,,2020 Edition,2020-01-01,[],Scope and technical specifications under IS 20029:2020.,ISO Harmonized,1.0,Bureau of Indian Standards Official Gazette,Mechanical Engineering,Industrial Machinery,"Specifies quality assurance, material grade benchmarks and conformity procedures under BIS technical code IS 20029:2020.",2020,Active,Bureau of Indian Standards,False,['IS 2062']
IS 20030:2020,Technical Specification and Testing Code for Industrial Engineering Components (Part 30),,Mechanical,General Engineering,"Specifies quality assurance, material grade benchmarks and conformity procedures under BIS technical code IS 20030:2020.","['engineering', 'testing', 'quality control', 'specification']","{'standard_code': 'IS 20030:2020', 'quality_grade': 'Grade A'}","['IS 2062', 'IS 1367']",False,,2020 Edition,2020-01-01,[],Scope and technical specifications under IS 20030:2020.,ISO Harmonized,1.0,Bureau of Indian Standards Official Gazette,Mechanical Engineering,Industrial Machinery,"Specifies quality assurance, material grade benchmarks and conformity procedures under BIS technical code IS 20030:2020.",2020,Active,Bureau of Indian Standards,False,['IS 2062']
IS 20031:2020,Technical Specification and Testing Code for Industrial Engineering Components (Part 31),,Mechanical,General Engineering,"Specifies quality assurance, material grade benchmarks and conformity procedures under BIS technical code IS 20031:2020.","['engineering', 'testing', 'quality control', 'specification']","{'standard_code': 'IS 20031:2020', 'quality_grade': 'Grade A'}","['IS 2062', 'IS 1367']",False,,2020 Edition,2020-01-01,[],Scope and technical specifications under IS 20031:2020.,ISO Harmonized,1.0,Bureau of Indian Standards Official Gazette,Mechanical Engineering,Industrial Machinery,"Specifies quality assurance, material grade benchmarks and conformity procedures under BIS technical code IS 20031:2020.",2020,Active,Bureau of Indian Standards,False,['IS 2062']
IS 20032:2020,Technical Specification and Testing Code for Industrial Engineering Components (Part 32),,Mechanical,General Engineering,"Specifies quality assurance, material grade benchmarks and conformity procedures under BIS technical code IS 20032:2020.","['engineering', 'testing', 'quality control', 'specification']","{'standard_code': 'IS 20032:2020', 'quality_grade': 'Grade A'}","['IS 2062', 'IS 1367']",False,,2020 Edition,2020-01-01,[],Scope and technical specifications under IS 20032:2020.,ISO Harmonized,1.0,Bureau of Indian Standards Official Gazette,Mechanical Engineering,Industrial Machinery,"Specifies quality assurance, material grade benchmarks and conformity procedures under BIS technical code IS 20032:2020.",2020,Active,Bureau of Indian Standards,False,['IS 2062']
IS 20033:2020,Technical Specification and Testing Code for Industrial Engineering Components (Part 33),,Mechanical,General Engineering,"Specifies quality assurance, material grade benchmarks and conformity procedures under BIS technical code IS 20033:2020.","['engineering', 'testing', 'quality control', 'specification']","{'standard_code': 'IS 20033:2020', 'quality_grade': 'Grade A'}","['IS 2062', 'IS 1367']",False,,2020 Edition,2020-01-01,[],Scope and technical specifications under IS 20033:2020.,ISO Harmonized,1.0,Bureau of Indian Standards Official Gazette,Mechanical Engineering,Industrial Machinery,"Specifies quality assurance, material grade benchmarks and conformity procedures under BIS technical code IS 20033:2020.",2020,Active,Bureau of Indian Standards,False,['IS 2062']
IS 20034:2020,Technical Specification and Testing Code for Industrial Engineering Components (Part 34),,Mechanical,General Engineering,"Specifies quality assurance, material grade benchmarks and conformity procedures under BIS technical code IS 20034:2020.","['engineering', 'testing', 'quality control', 'specification']","{'standard_code': 'IS 20034:2020', 'quality_grade': 'Grade A'}","['IS 2062', 'IS 1367']",False,,2020 Edition,2020-01-01,[],Scope and technical specifications under IS 20034:2020.,ISO Harmonized,1.0,Bureau of Indian Standards Official Gazette,Mechanical Engineering,Industrial Machinery,"Specifies quality assurance, material grade benchmarks and conformity procedures under BIS technical code IS 20034:2020.",2020,Active,Bureau of Indian Standards,False,['IS 2062']
IS 20035:2020,Technical Specification and Testing Code for Industrial Engineering Components (Part 35),,Mechanical,General Engineering,"Specifies quality assurance, material grade benchmarks and conformity procedures under BIS technical code IS 20035:2020.","['engineering', 'testing', 'quality control', 'specification']","{'standard_code': 'IS 20035:2020', 'quality_grade': 'Grade A'}","['IS 2062', 'IS 1367']",False,,2020 Edition,2020-01-01,[],Scope and technical specifications under IS 20035:2020.,ISO Harmonized,1.0,Bureau of Indian Standards Official Gazette,Mechanical Engineering,Industrial Machinery,"Specifies quality assurance, material grade benchmarks and conformity procedures under BIS technical code IS 20035:2020.",2020,Active,Bureau of Indian Standards,False,['IS 2062']
IS 20036:2020,Technical Specification and Testing Code for Industrial Engineering Components (Part 36),,Mechanical,General Engineering,"Specifies quality assurance, material grade benchmarks and conformity procedures under BIS technical code IS 20036:2020.","['engineering', 'testing', 'quality control', 'specification']","{'standard_code': 'IS 20036:2020', 'quality_grade': 'Grade A'}","['IS 2062', 'IS 1367']",False,,2020 Edition,2020-01-01,[],Scope and technical specifications under IS 20036:2020.,ISO Harmonized,1.0,Bureau of Indian Standards Official Gazette,Mechanical Engineering,Industrial Machinery,"Specifies quality assurance, material grade benchmarks and conformity procedures under BIS technical code IS 20036:2020.",2020,Active,Bureau of Indian Standards,False,['IS 2062']
IS 20037:2020,Technical Specification and Testing Code for Industrial Engineering Components (Part 37),,Mechanical,General Engineering,"Specifies quality assurance, material grade benchmarks and conformity procedures under BIS technical code IS 20037:2020.","['engineering', 'testing', 'quality control', 'specification']","{'standard_code': 'IS 20037:2020', 'quality_grade': 'Grade A'}","['IS 2062', 'IS 1367']",False,,2020 Edition,2020-01-01,[],Scope and technical specifications under IS 20037:2020.,ISO Harmonized,1.0,Bureau of Indian Standards Official Gazette,Mechanical Engineering,Industrial Machinery,"Specifies quality assurance, material grade benchmarks and conformity procedures under BIS technical code IS 20037:2020.",2020,Active,Bureau of Indian Standards,False,['IS 2062']
IS 20038:2020,Technical Specification and Testing Code for Industrial Engineering Components (Part 38),,Mechanical,General Engineering,"Specifies quality assurance, material grade benchmarks and conformity procedures under BIS technical code IS 20038:2020.","['engineering', 'testing', 'quality control', 'specification']","{'standard_code': 'IS 20038:2020', 'quality_grade': 'Grade A'}","['IS 2062', 'IS 1367']",False,,2020 Edition,2020-01-01,[],Scope and technical specifications under IS 20038:2020.,ISO Harmonized,1.0,Bureau of Indian Standards Official Gazette,Mechanical Engineering,Industrial Machinery,"Specifies quality assurance, material grade benchmarks and conformity procedures under BIS technical code IS 20038:2020.",2020,Active,Bureau of Indian Standards,False,['IS 2062']
IS 20039:2020,Technical Specification and Testing Code for Industrial Engineering Components (Part 39),,Mechanical,General Engineering,"Specifies quality assurance, material grade benchmarks and conformity procedures under BIS technical code IS 20039:2020.","['engineering', 'testing', 'quality control', 'specification']","{'standard_code': 'IS 20039:2020', 'quality_grade': 'Grade A'}","['IS 2062', 'IS 1367']",False,,2020 Edition,2020-01-01,[],Scope and technical specifications under IS 20039:2020.,ISO Harmonized,1.0,Bureau of Indian Standards Official Gazette,Mechanical Engineering,Industrial Machinery,"Specifies quality assurance, material grade benchmarks and conformity procedures under BIS technical code IS 20039:2020.",2020,Active,Bureau of Indian Standards,False,['IS 2062']
IS 20040:2020,Technical Specification and Testing Code for Industrial Engineering Components (Part 40),,Mechanical,General Engineering,"Specifies quality assurance, material grade benchmarks and conformity procedures under BIS technical code IS 20040:2020.","['engineering', 'testing', 'quality control', 'specification']","{'standard_code': 'IS 20040:2020', 'quality_grade': 'Grade A'}","['IS 2062', 'IS 1367']",False,,2020 Edition,2020-01-01,[],Scope and technical specifications under IS 20040:2020.,ISO Harmonized,1.0,Bureau of Indian Standards Official Gazette,Mechanical Engineering,Industrial Machinery,"Specifies quality assurance, material grade benchmarks and conformity procedures under BIS technical code IS 20040:2020.",2020,Active,Bureau of Indian Standards,False,['IS 2062']
IS 20041:2020,Technical Specification and Testing Code for Industrial Engineering Components (Part 41),,Mechanical,General Engineering,"Specifies quality assurance, material grade benchmarks and conformity procedures under BIS technical code IS 20041:2020.","['engineering', 'testing', 'quality control', 'specification']","{'standard_code': 'IS 20041:2020', 'quality_grade': 'Grade A'}","['IS 2062', 'IS 1367']",False,,2020 Edition,2020-01-01,[],Scope and technical specifications under IS 20041:2020.,ISO Harmonized,1.0,Bureau of Indian Standards Official Gazette,Mechanical Engineering,Industrial Machinery,"Specifies quality assurance, material grade benchmarks and conformity procedures under BIS technical code IS 20041:2020.",2020,Active,Bureau of Indian Standards,False,['IS 2062']
IS 20042:2020,Technical Specification and Testing Code for Industrial Engineering Components (Part 42),,Mechanical,General Engineering,"Specifies quality assurance, material grade benchmarks and conformity procedures under BIS technical code IS 20042:2020.","['engineering', 'testing', 'quality control', 'specification']","{'standard_code': 'IS 20042:2020', 'quality_grade': 'Grade A'}","['IS 2062', 'IS 1367']",False,,2020 Edition,2020-01-01,[],Scope and technical specifications under IS 20042:2020.,ISO Harmonized,1.0,Bureau of Indian Standards Official Gazette,Mechanical Engineering,Industrial Machinery,"Specifies quality assurance, material grade benchmarks and conformity procedures under BIS technical code IS 20042:2020.",2020,Active,Bureau of Indian Standards,False,['IS 2062']
IS 20043:2020,Technical Specification and Testing Code for Industrial Engineering Components (Part 43),,Mechanical,General Engineering,"Specifies quality assurance, material grade benchmarks and conformity procedures under BIS technical code IS 20043:2020.","['engineering', 'testing', 'quality control', 'specification']","{'standard_code': 'IS 20043:2020', 'quality_grade': 'Grade A'}","['IS 2062', 'IS 1367']",False,,2020 Edition,2020-01-01,[],Scope and technical specifications under IS 20043:2020.,ISO Harmonized,1.0,Bureau of Indian Standards Official Gazette,Mechanical Engineering,Industrial Machinery,"Specifies quality assurance, material grade benchmarks and conformity procedures under BIS technical code IS 20043:2020.",2020,Active,Bureau of Indian Standards,False,['IS 2062']
IS 20044:2020,Technical Specification and Testing Code for Industrial Engineering Components (Part 44),,Mechanical,General Engineering,"Specifies quality assurance, material grade benchmarks and conformity procedures under BIS technical code IS 20044:2020.","['engineering', 'testing', 'quality control', 'specification']","{'standard_code': 'IS 20044:2020', 'quality_grade': 'Grade A'}","['IS 2062', 'IS 1367']",False,,2020 Edition,2020-01-01,[],Scope and technical specifications under IS 20044:2020.,ISO Harmonized,1.0,Bureau of Indian Standards Official Gazette,Mechanical Engineering,Industrial Machinery,"Specifies quality assurance, material grade benchmarks and conformity procedures under BIS technical code IS 20044:2020.",2020,Active,Bureau of Indian Standards,False,['IS 2062']
IS 20045:2020,Technical Specification and Testing Code for Industrial Engineering Components (Part 45),,Mechanical,General Engineering,"Specifies quality assurance, material grade benchmarks and conformity procedures under BIS technical code IS 20045:2020.","['engineering', 'testing', 'quality control', 'specification']","{'standard_code': 'IS 20045:2020', 'quality_grade': 'Grade A'}","['IS 2062', 'IS 1367']",False,,2020 Edition,2020-01-01,[],Scope and technical specifications under IS 20045:2020.,ISO Harmonized,1.0,Bureau of Indian Standards Official Gazette,Mechanical Engineering,Industrial Machinery,"Specifies quality assurance, material grade benchmarks and conformity procedures under BIS technical code IS 20045:2020.",2020,Active,Bureau of Indian Standards,False,['IS 2062']
IS 20046:2020,Technical Specification and Testing Code for Industrial Engineering Components (Part 46),,Mechanical,General Engineering,"Specifies quality assurance, material grade benchmarks and conformity procedures under BIS technical code IS 20046:2020.","['engineering', 'testing', 'quality control', 'specification']","{'standard_code': 'IS 20046:2020', 'quality_grade': 'Grade A'}","['IS 2062', 'IS 1367']",False,,2020 Edition,2020-01-01,[],Scope and technical specifications under IS 20046:2020.,ISO Harmonized,1.0,Bureau of Indian Standards Official Gazette,Mechanical Engineering,Industrial Machinery,"Specifies quality assurance, material grade benchmarks and conformity procedures under BIS technical code IS 20046:2020.",2020,Active,Bureau of Indian Standards,False,['IS 2062']
IS 20047:2020,Technical Specification and Testing Code for Industrial Engineering Components (Part 47),,Mechanical,General Engineering,"Specifies quality assurance, material grade benchmarks and conformity procedures under BIS technical code IS 20047:2020.","['engineering', 'testing', 'quality control', 'specification']","{'standard_code': 'IS 20047:2020', 'quality_grade': 'Grade A'}","['IS 2062', 'IS 1367']",False,,2020 Edition,2020-01-01,[],Scope and technical specifications under IS 20047:2020.,ISO Harmonized,1.0,Bureau of Indian Standards Official Gazette,Mechanical Engineering,Industrial Machinery,"Specifies quality assurance, material grade benchmarks and conformity procedures under BIS technical code IS 20047:2020.",2020,Active,Bureau of Indian Standards,False,['IS 2062']
IS 20048:2020,Technical Specification and Testing Code for Industrial Engineering Components (Part 48),,Mechanical,General Engineering,"Specifies quality assurance, material grade benchmarks and conformity procedures under BIS technical code IS 20048:2020.","['engineering', 'testing', 'quality control', 'specification']","{'standard_code': 'IS 20048:2020', 'quality_grade': 'Grade A'}","['IS 2062', 'IS 1367']",False,,2020 Edition,2020-01-01,[],Scope and technical specifications under IS 20048:2020.,ISO Harmonized,1.0,Bureau of Indian Standards Official Gazette,Mechanical Engineering,Industrial Machinery,"Specifies quality assurance, material grade benchmarks and conformity procedures under BIS technical code IS 20048:2020.",2020,Active,Bureau of Indian Standards,False,['IS 2062']
IS 20049:2020,Technical Specification and Testing Code for Industrial Engineering Components (Part 49),,Mechanical,General Engineering,"Specifies quality assurance, material grade benchmarks and conformity procedures under BIS technical code IS 20049:2020.","['engineering', 'testing', 'quality control', 'specification']","{'standard_code': 'IS 20049:2020', 'quality_grade': 'Grade A'}","['IS 2062', 'IS 1367']",False,,2020 Edition,2020-01-01,[],Scope and technical specifications under IS 20049:2020.,ISO Harmonized,1.0,Bureau of Indian Standards Official Gazette,Mechanical Engineering,Industrial Machinery,"Specifies quality assurance, material grade benchmarks and conformity procedures under BIS technical code IS 20049:2020.",2020,Active,Bureau of Indian Standards,False,['IS 2062']
IS 20050:2020,Technical Specification and Testing Code for Industrial Engineering Components (Part 50),,Mechanical,General Engineering,"Specifies quality assurance, material grade benchmarks and conformity procedures under BIS technical code IS 20050:2020.","['engineering', 'testing', 'quality control', 'specification']","{'standard_code': 'IS 20050:2020', 'quality_grade': 'Grade A'}","['IS 2062', 'IS 1367']",False,,2020 Edition,2020-01-01,[],Scope and technical specifications under IS 20050:2020.,ISO Harmonized,1.0,Bureau of Indian Standards Official Gazette,Mechanical Engineering,Industrial Machinery,"Specifies quality assurance, material grade benchmarks and conformity procedures under BIS technical code IS 20050:2020.",2020,Active,Bureau of Indian Standards,False,['IS 2062']
IS 20051:2020,Technical Specification and Testing Code for Industrial Engineering Components (Part 51),,Mechanical,General Engineering,"Specifies quality assurance, material grade benchmarks and conformity procedures under BIS technical code IS 20051:2020.","['engineering', 'testing', 'quality control', 'specification']","{'standard_code': 'IS 20051:2020', 'quality_grade': 'Grade A'}","['IS 2062', 'IS 1367']",False,,2020 Edition,2020-01-01,[],Scope and technical specifications under IS 20051:2020.,ISO Harmonized,1.0,Bureau of Indian Standards Official Gazette,Mechanical Engineering,Industrial Machinery,"Specifies quality assurance, material grade benchmarks and conformity procedures under BIS technical code IS 20051:2020.",2020,Active,Bureau of Indian Standards,False,['IS 2062']
IS 20052:2020,Technical Specification and Testing Code for Industrial Engineering Components (Part 52),,Mechanical,General Engineering,"Specifies quality assurance, material grade benchmarks and conformity procedures under BIS technical code IS 20052:2020.","['engineering', 'testing', 'quality control', 'specification']","{'standard_code': 'IS 20052:2020', 'quality_grade': 'Grade A'}","['IS 2062', 'IS 1367']",False,,2020 Edition,2020-01-01,[],Scope and technical specifications under IS 20052:2020.,ISO Harmonized,1.0,Bureau of Indian Standards Official Gazette,Mechanical Engineering,Industrial Machinery,"Specifies quality assurance, material grade benchmarks and conformity procedures under BIS technical code IS 20052:2020.",2020,Active,Bureau of Indian Standards,False,['IS 2062']
IS 20053:2020,Technical Specification and Testing Code for Industrial Engineering Components (Part 53),,Mechanical,General Engineering,"Specifies quality assurance, material grade benchmarks and conformity procedures under BIS technical code IS 20053:2020.","['engineering', 'testing', 'quality control', 'specification']","{'standard_code': 'IS 20053:2020', 'quality_grade': 'Grade A'}","['IS 2062', 'IS 1367']",False,,2020 Edition,2020-01-01,[],Scope and technical specifications under IS 20053:2020.,ISO Harmonized,1.0,Bureau of Indian Standards Official Gazette,Mechanical Engineering,Industrial Machinery,"Specifies quality assurance, material grade benchmarks and conformity procedures under BIS technical code IS 20053:2020.",2020,Active,Bureau of Indian Standards,False,['IS 2062']
IS 20054:2020,Technical Specification and Testing Code for Industrial Engineering Components (Part 54),,Mechanical,General Engineering,"Specifies quality assurance, material grade benchmarks and conformity procedures under BIS technical code IS 20054:2020.","['engineering', 'testing', 'quality control', 'specification']","{'standard_code': 'IS 20054:2020', 'quality_grade': 'Grade A'}","['IS 2062', 'IS 1367']",False,,2020 Edition,2020-01-01,[],Scope and technical specifications under IS 20054:2020.,ISO Harmonized,1.0,Bureau of Indian Standards Official Gazette,Mechanical Engineering,Industrial Machinery,"Specifies quality assurance, material grade benchmarks and conformity procedures under BIS technical code IS 20054:2020.",2020,Active,Bureau of Indian Standards,False,['IS 2062']
IS 20055:2020,Technical Specification and Testing Code for Industrial Engineering Components (Part 55),,Mechanical,General Engineering,"Specifies quality assurance, material grade benchmarks and conformity procedures under BIS technical code IS 20055:2020.","['engineering', 'testing', 'quality control', 'specification']","{'standard_code': 'IS 20055:2020', 'quality_grade': 'Grade A'}","['IS 2062', 'IS 1367']",False,,2020 Edition,2020-01-01,[],Scope and technical specifications under IS 20055:2020.,ISO Harmonized,1.0,Bureau of Indian Standards Official Gazette,Mechanical Engineering,Industrial Machinery,"Specifies quality assurance, material grade benchmarks and conformity procedures under BIS technical code IS 20055:2020.",2020,Active,Bureau of Indian Standards,False,['IS 2062']
IS 20056:2020,Technical Specification and Testing Code for Industrial Engineering Components (Part 56),,Mechanical,General Engineering,"Specifies quality assurance, material grade benchmarks and conformity procedures under BIS technical code IS 20056:2020.","['engineering', 'testing', 'quality control', 'specification']","{'standard_code': 'IS 20056:2020', 'quality_grade': 'Grade A'}","['IS 2062', 'IS 1367']",False,,2020 Edition,2020-01-01,[],Scope and technical specifications under IS 20056:2020.,ISO Harmonized,1.0,Bureau of Indian Standards Official Gazette,Mechanical Engineering,Industrial Machinery,"Specifies quality assurance, material grade benchmarks and conformity procedures under BIS technical code IS 20056:2020.",2020,Active,Bureau of Indian Standards,False,['IS 2062']
IS 20057:2020,Technical Specification and Testing Code for Industrial Engineering Components (Part 57),,Mechanical,General Engineering,"Specifies quality assurance, material grade benchmarks and conformity procedures under BIS technical code IS 20057:2020.","['engineering', 'testing', 'quality control', 'specification']","{'standard_code': 'IS 20057:2020', 'quality_grade': 'Grade A'}","['IS 2062', 'IS 1367']",False,,2020 Edition,2020-01-01,[],Scope and technical specifications under IS 20057:2020.,ISO Harmonized,1.0,Bureau of Indian Standards Official Gazette,Mechanical Engineering,Industrial Machinery,"Specifies quality assurance, material grade benchmarks and conformity procedures under BIS technical code IS 20057:2020.",2020,Active,Bureau of Indian Standards,False,['IS 2062']
IS 20058:2020,Technical Specification and Testing Code for Industrial Engineering Components (Part 58),,Mechanical,General Engineering,"Specifies quality assurance, material grade benchmarks and conformity procedures under BIS technical code IS 20058:2020.","['engineering', 'testing', 'quality control', 'specification']","{'standard_code': 'IS 20058:2020', 'quality_grade': 'Grade A'}","['IS 2062', 'IS 1367']",False,,2020 Edition,2020-01-01,[],Scope and technical specifications under IS 20058:2020.,ISO Harmonized,1.0,Bureau of Indian Standards Official Gazette,Mechanical Engineering,Industrial Machinery,"Specifies quality assurance, material grade benchmarks and conformity procedures under BIS technical code IS 20058:2020.",2020,Active,Bureau of Indian Standards,False,['IS 2062']
IS 20059:2020,Technical Specification and Testing Code for Industrial Engineering Components (Part 59),,Mechanical,General Engineering,"Specifies quality assurance, material grade benchmarks and conformity procedures under BIS technical code IS 20059:2020.","['engineering', 'testing', 'quality control', 'specification']","{'standard_code': 'IS 20059:2020', 'quality_grade': 'Grade A'}","['IS 2062', 'IS 1367']",False,,2020 Edition,2020-01-01,[],Scope and technical specifications under IS 20059:2020.,ISO Harmonized,1.0,Bureau of Indian Standards Official Gazette,Mechanical Engineering,Industrial Machinery,"Specifies quality assurance, material grade benchmarks and conformity procedures under BIS technical code IS 20059:2020.",2020,Active,Bureau of Indian Standards,False,['IS 2062']
IS 20060:2020,Technical Specification and Testing Code for Industrial Engineering Components (Part 60),,Mechanical,General Engineering,"Specifies quality assurance, material grade benchmarks and conformity procedures under BIS technical code IS 20060:2020.","['engineering', 'testing', 'quality control', 'specification']","{'standard_code': 'IS 20060:2020', 'quality_grade': 'Grade A'}","['IS 2062', 'IS 1367']",False,,2020 Edition,2020-01-01,[],Scope and technical specifications under IS 20060:2020.,ISO Harmonized,1.0,Bureau of Indian Standards Official Gazette,Mechanical Engineering,Industrial Machinery,"Specifies quality assurance, material grade benchmarks and conformity procedures under BIS technical code IS 20060:2020.",2020,Active,Bureau of Indian Standards,False,['IS 2062']
IS 20061:2020,Technical Specification and Testing Code for Industrial Engineering Components (Part 61),,Mechanical,General Engineering,"Specifies quality assurance, material grade benchmarks and conformity procedures under BIS technical code IS 20061:2020.","['engineering', 'testing', 'quality control', 'specification']","{'standard_code': 'IS 20061:2020', 'quality_grade': 'Grade A'}","['IS 2062', 'IS 1367']",False,,2020 Edition,2020-01-01,[],Scope and technical specifications under IS 20061:2020.,ISO Harmonized,1.0,Bureau of Indian Standards Official Gazette,Mechanical Engineering,Industrial Machinery,"Specifies quality assurance, material grade benchmarks and conformity procedures under BIS technical code IS 20061:2020.",2020,Active,Bureau of Indian Standards,False,['IS 2062']
IS 20062:2020,Technical Specification and Testing Code for Industrial Engineering Components (Part 62),,Mechanical,General Engineering,"Specifies quality assurance, material grade benchmarks and conformity procedures under BIS technical code IS 20062:2020.","['engineering', 'testing', 'quality control', 'specification']","{'standard_code': 'IS 20062:2020', 'quality_grade': 'Grade A'}","['IS 2062', 'IS 1367']",False,,2020 Edition,2020-01-01,[],Scope and technical specifications under IS 20062:2020.,ISO Harmonized,1.0,Bureau of Indian Standards Official Gazette,Mechanical Engineering,Industrial Machinery,"Specifies quality assurance, material grade benchmarks and conformity procedures under BIS technical code IS 20062:2020.",2020,Active,Bureau of Indian Standards,False,['IS 2062']
IS 20063:2020,Technical Specification and Testing Code for Industrial Engineering Components (Part 63),,Mechanical,General Engineering,"Specifies quality assurance, material grade benchmarks and conformity procedures under BIS technical code IS 20063:2020.","['engineering', 'testing', 'quality control', 'specification']","{'standard_code': 'IS 20063:2020', 'quality_grade': 'Grade A'}","['IS 2062', 'IS 1367']",False,,2020 Edition,2020-01-01,[],Scope and technical specifications under IS 20063:2020.,ISO Harmonized,1.0,Bureau of Indian Standards Official Gazette,Mechanical Engineering,Industrial Machinery,"Specifies quality assurance, material grade benchmarks and conformity procedures under BIS technical code IS 20063:2020.",2020,Active,Bureau of Indian Standards,False,['IS 2062']
IS 20064:2020,Technical Specification and Testing Code for Industrial Engineering Components (Part 64),,Mechanical,General Engineering,"Specifies quality assurance, material grade benchmarks and conformity procedures under BIS technical code IS 20064:2020.","['engineering', 'testing', 'quality control', 'specification']","{'standard_code': 'IS 20064:2020', 'quality_grade': 'Grade A'}","['IS 2062', 'IS 1367']",False,,2020 Edition,2020-01-01,[],Scope and technical specifications under IS 20064:2020.,ISO Harmonized,1.0,Bureau of Indian Standards Official Gazette,Mechanical Engineering,Industrial Machinery,"Specifies quality assurance, material grade benchmarks and conformity procedures under BIS technical code IS 20064:2020.",2020,Active,Bureau of Indian Standards,False,['IS 2062']
IS 20065:2020,Technical Specification and Testing Code for Industrial Engineering Components (Part 65),,Mechanical,General Engineering,"Specifies quality assurance, material grade benchmarks and conformity procedures under BIS technical code IS 20065:2020.","['engineering', 'testing', 'quality control', 'specification']","{'standard_code': 'IS 20065:2020', 'quality_grade': 'Grade A'}","['IS 2062', 'IS 1367']",False,,2020 Edition,2020-01-01,[],Scope and technical specifications under IS 20065:2020.,ISO Harmonized,1.0,Bureau of Indian Standards Official Gazette,Mechanical Engineering,Industrial Machinery,"Specifies quality assurance, material grade benchmarks and conformity procedures under BIS technical code IS 20065:2020.",2020,Active,Bureau of Indian Standards,False,['IS 2062']
IS 20066:2020,Technical Specification and Testing Code for Industrial Engineering Components (Part 66),,Mechanical,General Engineering,"Specifies quality assurance, material grade benchmarks and conformity procedures under BIS technical code IS 20066:2020.","['engineering', 'testing', 'quality control', 'specification']","{'standard_code': 'IS 20066:2020', 'quality_grade': 'Grade A'}","['IS 2062', 'IS 1367']",False,,2020 Edition,2020-01-01,[],Scope and technical specifications under IS 20066:2020.,ISO Harmonized,1.0,Bureau of Indian Standards Official Gazette,Mechanical Engineering,Industrial Machinery,"Specifies quality assurance, material grade benchmarks and conformity procedures under BIS technical code IS 20066:2020.",2020,Active,Bureau of Indian Standards,False,['IS 2062']
IS 20067:2020,Technical Specification and Testing Code for Industrial Engineering Components (Part 67),,Mechanical,General Engineering,"Specifies quality assurance, material grade benchmarks and conformity procedures under BIS technical code IS 20067:2020.","['engineering', 'testing', 'quality control', 'specification']","{'standard_code': 'IS 20067:2020', 'quality_grade': 'Grade A'}","['IS 2062', 'IS 1367']",False,,2020 Edition,2020-01-01,[],Scope and technical specifications under IS 20067:2020.,ISO Harmonized,1.0,Bureau of Indian Standards Official Gazette,Mechanical Engineering,Industrial Machinery,"Specifies quality assurance, material grade benchmarks and conformity procedures under BIS technical code IS 20067:2020.",2020,Active,Bureau of Indian Standards,False,['IS 2062']
IS 20068:2020,Technical Specification and Testing Code for Industrial Engineering Components (Part 68),,Mechanical,General Engineering,"Specifies quality assurance, material grade benchmarks and conformity procedures under BIS technical code IS 20068:2020.","['engineering', 'testing', 'quality control', 'specification']","{'standard_code': 'IS 20068:2020', 'quality_grade': 'Grade A'}","['IS 2062', 'IS 1367']",False,,2020 Edition,2020-01-01,[],Scope and technical specifications under IS 20068:2020.,ISO Harmonized,1.0,Bureau of Indian Standards Official Gazette,Mechanical Engineering,Industrial Machinery,"Specifies quality assurance, material grade benchmarks and conformity procedures under BIS technical code IS 20068:2020.",2020,Active,Bureau of Indian Standards,False,['IS 2062']
IS 20069:2020,Technical Specification and Testing Code for Industrial Engineering Components (Part 69),,Mechanical,General Engineering,"Specifies quality assurance, material grade benchmarks and conformity procedures under BIS technical code IS 20069:2020.","['engineering', 'testing', 'quality control', 'specification']","{'standard_code': 'IS 20069:2020', 'quality_grade': 'Grade A'}","['IS 2062', 'IS 1367']",False,,2020 Edition,2020-01-01,[],Scope and technical specifications under IS 20069:2020.,ISO Harmonized,1.0,Bureau of Indian Standards Official Gazette,Mechanical Engineering,Industrial Machinery,"Specifies quality assurance, material grade benchmarks and conformity procedures under BIS technical code IS 20069:2020.",2020,Active,Bureau of Indian Standards,False,['IS 2062']
IS 20070:2020,Technical Specification and Testing Code for Industrial Engineering Components (Part 70),,Mechanical,General Engineering,"Specifies quality assurance, material grade benchmarks and conformity procedures under BIS technical code IS 20070:2020.","['engineering', 'testing', 'quality control', 'specification']","{'standard_code': 'IS 20070:2020', 'quality_grade': 'Grade A'}","['IS 2062', 'IS 1367']",False,,2020 Edition,2020-01-01,[],Scope and technical specifications under IS 20070:2020.,ISO Harmonized,1.0,Bureau of Indian Standards Official Gazette,Mechanical Engineering,Industrial Machinery,"Specifies quality assurance, material grade benchmarks and conformity procedures under BIS technical code IS 20070:2020.",2020,Active,Bureau of Indian Standards,False,['IS 2062']
IS 20071:2020,Technical Specification and Testing Code for Industrial Engineering Components (Part 71),,Mechanical,General Engineering,"Specifies quality assurance, material grade benchmarks and conformity procedures under BIS technical code IS 20071:2020.","['engineering', 'testing', 'quality control', 'specification']","{'standard_code': 'IS 20071:2020', 'quality_grade': 'Grade A'}","['IS 2062', 'IS 1367']",False,,2020 Edition,2020-01-01,[],Scope and technical specifications under IS 20071:2020.,ISO Harmonized,1.0,Bureau of Indian Standards Official Gazette,Mechanical Engineering,Industrial Machinery,"Specifies quality assurance, material grade benchmarks and conformity procedures under BIS technical code IS 20071:2020.",2020,Active,Bureau of Indian Standards,False,['IS 2062']
IS 20072:2020,Technical Specification and Testing Code for Industrial Engineering Components (Part 72),,Mechanical,General Engineering,"Specifies quality assurance, material grade benchmarks and conformity procedures under BIS technical code IS 20072:2020.","['engineering', 'testing', 'quality control', 'specification']","{'standard_code': 'IS 20072:2020', 'quality_grade': 'Grade A'}","['IS 2062', 'IS 1367']",False,,2020 Edition,2020-01-01,[],Scope and technical specifications under IS 20072:2020.,ISO Harmonized,1.0,Bureau of Indian Standards Official Gazette,Mechanical Engineering,Industrial Machinery,"Specifies quality assurance, material grade benchmarks and conformity procedures under BIS technical code IS 20072:2020.",2020,Active,Bureau of Indian Standards,False,['IS 2062']
IS 20073:2020,Technical Specification and Testing Code for Industrial Engineering Components (Part 73),,Mechanical,General Engineering,"Specifies quality assurance, material grade benchmarks and conformity procedures under BIS technical code IS 20073:2020.","['engineering', 'testing', 'quality control', 'specification']","{'standard_code': 'IS 20073:2020', 'quality_grade': 'Grade A'}","['IS 2062', 'IS 1367']",False,,2020 Edition,2020-01-01,[],Scope and technical specifications under IS 20073:2020.,ISO Harmonized,1.0,Bureau of Indian Standards Official Gazette,Mechanical Engineering,Industrial Machinery,"Specifies quality assurance, material grade benchmarks and conformity procedures under BIS technical code IS 20073:2020.",2020,Active,Bureau of Indian Standards,False,['IS 2062']
IS 20074:2020,Technical Specification and Testing Code for Industrial Engineering Components (Part 74),,Mechanical,General Engineering,"Specifies quality assurance, material grade benchmarks and conformity procedures under BIS technical code IS 20074:2020.","['engineering', 'testing', 'quality control', 'specification']","{'standard_code': 'IS 20074:2020', 'quality_grade': 'Grade A'}","['IS 2062', 'IS 1367']",False,,2020 Edition,2020-01-01,[],Scope and technical specifications under IS 20074:2020.,ISO Harmonized,1.0,Bureau of Indian Standards Official Gazette,Mechanical Engineering,Industrial Machinery,"Specifies quality assurance, material grade benchmarks and conformity procedures under BIS technical code IS 20074:2020.",2020,Active,Bureau of Indian Standards,False,['IS 2062']
IS 20075:2020,Technical Specification and Testing Code for Industrial Engineering Components (Part 75),,Mechanical,General Engineering,"Specifies quality assurance, material grade benchmarks and conformity procedures under BIS technical code IS 20075:2020.","['engineering', 'testing', 'quality control', 'specification']","{'standard_code': 'IS 20075:2020', 'quality_grade': 'Grade A'}","['IS 2062', 'IS 1367']",False,,2020 Edition,2020-01-01,[],Scope and technical specifications under IS 20075:2020.,ISO Harmonized,1.0,Bureau of Indian Standards Official Gazette,Mechanical Engineering,Industrial Machinery,"Specifies quality assurance, material grade benchmarks and conformity procedures under BIS technical code IS 20075:2020.",2020,Active,Bureau of Indian Standards,False,['IS 2062']
IS 20076:2020,Technical Specification and Testing Code for Industrial Engineering Components (Part 76),,Mechanical,General Engineering,"Specifies quality assurance, material grade benchmarks and conformity procedures under BIS technical code IS 20076:2020.","['engineering', 'testing', 'quality control', 'specification']","{'standard_code': 'IS 20076:2020', 'quality_grade': 'Grade A'}","['IS 2062', 'IS 1367']",False,,2020 Edition,2020-01-01,[],Scope and technical specifications under IS 20076:2020.,ISO Harmonized,1.0,Bureau of Indian Standards Official Gazette,Mechanical Engineering,Industrial Machinery,"Specifies quality assurance, material grade benchmarks and conformity procedures under BIS technical code IS 20076:2020.",2020,Active,Bureau of Indian Standards,False,['IS 2062']
IS 20077:2020,Technical Specification and Testing Code for Industrial Engineering Components (Part 77),,Mechanical,General Engineering,"Specifies quality assurance, material grade benchmarks and conformity procedures under BIS technical code IS 20077:2020.","['engineering', 'testing', 'quality control', 'specification']","{'standard_code': 'IS 20077:2020', 'quality_grade': 'Grade A'}","['IS 2062', 'IS 1367']",False,,2020 Edition,2020-01-01,[],Scope and technical specifications under IS 20077:2020.,ISO Harmonized,1.0,Bureau of Indian Standards Official Gazette,Mechanical Engineering,Industrial Machinery,"Specifies quality assurance, material grade benchmarks and conformity procedures under BIS technical code IS 20077:2020.",2020,Active,Bureau of Indian Standards,False,['IS 2062']
IS 20078:2020,Technical Specification and Testing Code for Industrial Engineering Components (Part 78),,Mechanical,General Engineering,"Specifies quality assurance, material grade benchmarks and conformity procedures under BIS technical code IS 20078:2020.","['engineering', 'testing', 'quality control', 'specification']","{'standard_code': 'IS 20078:2020', 'quality_grade': 'Grade A'}","['IS 2062', 'IS 1367']",False,,2020 Edition,2020-01-01,[],Scope and technical specifications under IS 20078:2020.,ISO Harmonized,1.0,Bureau of Indian Standards Official Gazette,Mechanical Engineering,Industrial Machinery,"Specifies quality assurance, material grade benchmarks and conformity procedures under BIS technical code IS 20078:2020.",2020,Active,Bureau of Indian Standards,False,['IS 2062']
IS 20079:2020,Technical Specification and Testing Code for Industrial Engineering Components (Part 79),,Mechanical,General Engineering,"Specifies quality assurance, material grade benchmarks and conformity procedures under BIS technical code IS 20079:2020.","['engineering', 'testing', 'quality control', 'specification']","{'standard_code': 'IS 20079:2020', 'quality_grade': 'Grade A'}","['IS 2062', 'IS 1367']",False,,2020 Edition,2020-01-01,[],Scope and technical specifications under IS 20079:2020.,ISO Harmonized,1.0,Bureau of Indian Standards Official Gazette,Mechanical Engineering,Industrial Machinery,"Specifies quality assurance, material grade benchmarks and conformity procedures under BIS technical code IS 20079:2020.",2020,Active,Bureau of Indian Standards,False,['IS 2062']
IS 20080:2020,Technical Specification and Testing Code for Industrial Engineering Components (Part 80),,Mechanical,General Engineering,"Specifies quality assurance, material grade benchmarks and conformity procedures under BIS technical code IS 20080:2020.","['engineering', 'testing', 'quality control', 'specification']","{'standard_code': 'IS 20080:2020', 'quality_grade': 'Grade A'}","['IS 2062', 'IS 1367']",False,,2020 Edition,2020-01-01,[],Scope and technical specifications under IS 20080:2020.,ISO Harmonized,1.0,Bureau of Indian Standards Official Gazette,Mechanical Engineering,Industrial Machinery,"Specifies quality assurance, material grade benchmarks and conformity procedures under BIS technical code IS 20080:2020.",2020,Active,Bureau of Indian Standards,False,['IS 2062']
IS 20081:2020,Technical Specification and Testing Code for Industrial Engineering Components (Part 81),,Mechanical,General Engineering,"Specifies quality assurance, material grade benchmarks and conformity procedures under BIS technical code IS 20081:2020.","['engineering', 'testing', 'quality control', 'specification']","{'standard_code': 'IS 20081:2020', 'quality_grade': 'Grade A'}","['IS 2062', 'IS 1367']",False,,2020 Edition,2020-01-01,[],Scope and technical specifications under IS 20081:2020.,ISO Harmonized,1.0,Bureau of Indian Standards Official Gazette,Mechanical Engineering,Industrial Machinery,"Specifies quality assurance, material grade benchmarks and conformity procedures under BIS technical code IS 20081:2020.",2020,Active,Bureau of Indian Standards,False,['IS 2062']
IS 7285 (Part 1):2018,Refillable Seamless Steel Gas Cylinders - Normalized Steel Cylinders,,Mechanical,Pressure Vessels,Specifies requirements for refillable seamless steel gas cylinders of water capacities 0.5 litre up to 150 litres for compressed and liquefied gases.,"['gas cylinder', 'seamless cylinder', 'cng cylinder', 'oxygen cylinder', 'steel cylinder', 'peso approved']","{'water_capacity': '0.5 L to 150 L', 'test_pressure': '25 to 30 MPa', 'yield_strength_min': '340 MPa'}",['IS 2825:1969'],True,2023-01-01,Third Revision,2021-04-15,[],Clause 8: Normalized seamless steel cylinders tested to minimum 250 bar hydrostatic pressure.,ISO Equivalent,1.2,Bureau of Indian Standards Official Gazette,Metallurgical Engineering,Metals & Mining,Specifies requirements for refillable seamless steel gas cylinders of water capacities 0.5 litre up to 150 litres for compressed and liquefied gases.,2018,Active,Bureau of Indian Standards,True,['IS 2825:1969']
